chave_primaria,grape_synonym,grape_country,vinho,chave_estrangeira,origem,tipo,estilo
Agiorgitiko,"Aghiorghitico, Aghiorghitiko, Nemeas Mavro, Nemeas Mavroudi, St.George.",Greece,"Kintonis Winery Agiorgitiko 2021, Peloponnese",Agiorgitiko,Greece,Red,Savoury & Full Bodied
Aglianico,"Aglianco di puglia, Aglianica, Aglianichella, Aglianichello, Aglianico amaro, Aglianico crni, Aglianico del vulture, Aglianico di castellaneta, Aglianico di taurasi, Aglianico femminile, Aglianico mascolino, Aglianico nero, Aglianico pannarano, Aglianico tringarulo, Aglianico zerpoluso, Aglianico zerpuloso, Aglianicuccia, Agliano, Agliatica, Agliatico, Agnanico, Agnanico di castellaneta, Alianiko, Cascavoglia, Cerasole, Ellanico, Ellenico, Fiano rosso, Fresella, Gagliano, Ghiandara, Ghianna, Ghiannara, Glianica, Gnanica, Gnanico, Granica, Granico, Olivella di san cosmo, Prie blanc, Ruopolo, Spriema, Tringarulo, Uva catellaneta, Uva dei cani, Uva di castellaneta, Uva nera.","Italy, Basilicata and Campania",Vignali Aglianico del Vulture 2018/19,Aglianico,Italy,Red,Bold & Spicy
Aligoté,"Aligotay, Alligotay, Alligoté, Blanc de Troyes, Carcairone blanc, Carcarone, Carchierone, Chaudenet, Chaudenet Gras, Giboudot blanc, Griset blanc, Karkarone Blank, Melon de Jura, Muhranuli, Mukhranudi, Pistone, Plant de Trois, Plant de Trois Raisins, Plant gris, Purion blanc, Selon Molon, Selon Odart, Troyen blanc, Vert blanc.",France (Burgundy),Moillard-Thomas Bourgogne Aligoté 2022,Aligoté,France,White,Light & Elegant
Bacchus,"Bacchus Weiss, Weisser Bacchus, Frühe Scheurebe, Geilweilerhof 33-29-133 and Gf. 33-29-133.",Germany,"Chapel Down 'A Touch of Sparkle' 2021/22, Kent",Bacchus,England,White,Crisp & Fruity
Bacchus,"Bacchus Weiss, Weisser Bacchus, Frühe Scheurebe, Geilweilerhof 33-29-133 and Gf. 33-29-133.",Germany,"Balfour ‘The White’ 2021, Kent",Bacchus,England,White,Crisp & Zesty
Bacchus,"Bacchus Weiss, Weisser Bacchus, Frühe Scheurebe, Geilweilerhof 33-29-133 and Gf. 33-29-133.",Germany,"Definition Bacchus 2021/22, England",Bacchus,England,White,Aromatic & Floral
Bacchus,"Bacchus Weiss, Weisser Bacchus, Frühe Scheurebe, Geilweilerhof 33-29-133 and Gf. 33-29-133.",Germany,"Chapel Down Bacchus 2021/22, Kent",Bacchus,England,White,Aromatic & Floral
Barbera,"Barbera Amaro, Barber a Raspo Rosso, Barbera a Peduncolo Rosso, Barbera a Peduncolo verde, Barbera a Raspo verde, Barbera Crna, Barbera d'Asti, Barbera dolce, Barbera fina, Barbera forte, Barbera grossa, Barbera Mercantile, Barbera Monferrato, Barbera nera, Barbera Nostrana, Barbera riccia, Barbera Rissa, Barbera rosa, Barbera vera, Barberone, Besagno, Cosses Barbusen, Gaietto, Lombardesca, Ughetta",Italy,Tenuta Olim Bauda ‘Era’ Barbera D’Asti DOCG 2019,Barbera,Italy,Red,Savoury & Full Bodied
Barbera,"Barbera Amaro, Barber a Raspo Rosso, Barbera a Peduncolo Rosso, Barbera a Peduncolo verde, Barbera a Raspo verde, Barbera Crna, Barbera d'Asti, Barbera dolce, Barbera fina, Barbera forte, Barbera grossa, Barbera Mercantile, Barbera Monferrato, Barbera nera, Barbera Nostrana, Barbera riccia, Barbera Rissa, Barbera rosa, Barbera vera, Barberone, Besagno, Cosses Barbusen, Gaietto, Lombardesca, Ughetta",Italy,"Araldica Barbera d'Asti DOCG 2019/20, Italy",Barbera,Italy,Red,Soft & Fruity
Barbera,"Barbera Amaro, Barber a Raspo Rosso, Barbera a Peduncolo Rosso, Barbera a Peduncolo verde, Barbera a Raspo verde, Barbera Crna, Barbera d'Asti, Barbera dolce, Barbera fina, Barbera forte, Barbera grossa, Barbera Mercantile, Barbera Monferrato, Barbera nera, Barbera Nostrana, Barbera riccia, Barbera Rissa, Barbera rosa, Barbera vera, Barberone, Besagno, Cosses Barbusen, Gaietto, Lombardesca, Ughetta",Italy,"De Forville Barbera D'Alba 2021, Piedmont",Barbera,Italy,Red,Smooth & Mellow
Cabernet Franc,"Acheria, Ardounet, Aroia, Arrouya, Auxquels, Baro, Beron, Bidure, Bordeaux, Bordo, Bordo Magher, Boubet, Bouchet, Bouchet Franc, Bouchet Saint-Emilion, Bouchy, Breton, Burdeas Tinto, Cabernet, Cabernet Aunis, Cabernet Bresciano, Cabernet D'Aunis, Cabernet Franc Blauer, Cabernet Franc Crni, Cabernet Franc Nero, Cabernet Franc Noir, Cabernet Francese, Cabernet Franco, Cabernet Frank, Cabernet Gris, Cabonet, Cabrunet, Capbreton, Capbreton Rouge, Carbenet, Carbonet, Carbouet, Carmene, Carmenet, Carmenet Grand, Carne Fran, Couahort, Crouchen Negre, Crouchen Noir, Fer Servadou, Fer Servandou, Gamput, Gro Kaberne, Gro Vidyur, Gro Vidyuz, Gros Bouchet, Gros Bouschet, Gros Caberne, Gros Cabernet, Gros Vidure, Gros Vidyuz, Grosse Vidure, Hartling, Kaberne, Kaberne Fran, Kaberne Frank, Kabernet Frank Breton, Karmene, Messanges, Messanges Rouge, Morenoa Veron Bouchy, Noir Dur, Petit Fer, Petit Viodure, Petite Vidure, Petite Vignedure, Plan Des Sables, Plant Breton, Plant De L'Abbe Breton, Qro Kaberne, Qro Vidyuz, Sable Rouge, Trouchet, Trouchet Noir, Tsapournako, Verdejilla Tinto, Veron, Veron Bouchy, Veronais, Vidure, Vuidure.","France, Loire Valley",Lulu 'l'Alouette Organic Chinon 2020/21,Cabernet Franc,France,Red,Light & Elegant
Cabernet Franc,"Acheria, Ardounet, Aroia, Arrouya, Auxquels, Baro, Beron, Bidure, Bordeaux, Bordo, Bordo Magher, Boubet, Bouchet, Bouchet Franc, Bouchet Saint-Emilion, Bouchy, Breton, Burdeas Tinto, Cabernet, Cabernet Aunis, Cabernet Bresciano, Cabernet D'Aunis, Cabernet Franc Blauer, Cabernet Franc Crni, Cabernet Franc Nero, Cabernet Franc Noir, Cabernet Francese, Cabernet Franco, Cabernet Frank, Cabernet Gris, Cabonet, Cabrunet, Capbreton, Capbreton Rouge, Carbenet, Carbonet, Carbouet, Carmene, Carmenet, Carmenet Grand, Carne Fran, Couahort, Crouchen Negre, Crouchen Noir, Fer Servadou, Fer Servandou, Gamput, Gro Kaberne, Gro Vidyur, Gro Vidyuz, Gros Bouchet, Gros Bouschet, Gros Caberne, Gros Cabernet, Gros Vidure, Gros Vidyuz, Grosse Vidure, Hartling, Kaberne, Kaberne Fran, Kaberne Frank, Kabernet Frank Breton, Karmene, Messanges, Messanges Rouge, Morenoa Veron Bouchy, Noir Dur, Petit Fer, Petit Viodure, Petite Vidure, Petite Vignedure, Plan Des Sables, Plant Breton, Plant De L'Abbe Breton, Qro Kaberne, Qro Vidyuz, Sable Rouge, Trouchet, Trouchet Noir, Tsapournako, Verdejilla Tinto, Veron, Veron Bouchy, Veronais, Vidure, Vuidure.","France, Loire Valley",Lulu l'Alouette Organic Saumur-Champigny 2020/21,Cabernet Franc,France,Red,Light & Elegant
Cabernet Franc,"Acheria, Ardounet, Aroia, Arrouya, Auxquels, Baro, Beron, Bidure, Bordeaux, Bordo, Bordo Magher, Boubet, Bouchet, Bouchet Franc, Bouchet Saint-Emilion, Bouchy, Breton, Burdeas Tinto, Cabernet, Cabernet Aunis, Cabernet Bresciano, Cabernet D'Aunis, Cabernet Franc Blauer, Cabernet Franc Crni, Cabernet Franc Nero, Cabernet Franc Noir, Cabernet Francese, Cabernet Franco, Cabernet Frank, Cabernet Gris, Cabonet, Cabrunet, Capbreton, Capbreton Rouge, Carbenet, Carbonet, Carbouet, Carmene, Carmenet, Carmenet Grand, Carne Fran, Couahort, Crouchen Negre, Crouchen Noir, Fer Servadou, Fer Servandou, Gamput, Gro Kaberne, Gro Vidyur, Gro Vidyuz, Gros Bouchet, Gros Bouschet, Gros Caberne, Gros Cabernet, Gros Vidure, Gros Vidyuz, Grosse Vidure, Hartling, Kaberne, Kaberne Fran, Kaberne Frank, Kabernet Frank Breton, Karmene, Messanges, Messanges Rouge, Morenoa Veron Bouchy, Noir Dur, Petit Fer, Petit Viodure, Petite Vidure, Petite Vignedure, Plan Des Sables, Plant Breton, Plant De L'Abbe Breton, Qro Kaberne, Qro Vidyuz, Sable Rouge, Trouchet, Trouchet Noir, Tsapournako, Verdejilla Tinto, Veron, Veron Bouchy, Veronais, Vidure, Vuidure.","France, Loire Valley",Langlois-Chateau 'L'Extra par Langlois' Brut Rosé Crémant de Loire,Cabernet Franc,France,Rosé,Crisp & Fruity
Cabernet Franc,"Acheria, Ardounet, Aroia, Arrouya, Auxquels, Baro, Beron, Bidure, Bordeaux, Bordo, Bordo Magher, Boubet, Bouchet, Bouchet Franc, Bouchet Saint-Emilion, Bouchy, Breton, Burdeas Tinto, Cabernet, Cabernet Aunis, Cabernet Bresciano, Cabernet D'Aunis, Cabernet Franc Blauer, Cabernet Franc Crni, Cabernet Franc Nero, Cabernet Franc Noir, Cabernet Francese, Cabernet Franco, Cabernet Frank, Cabernet Gris, Cabonet, Cabrunet, Capbreton, Capbreton Rouge, Carbenet, Carbonet, Carbouet, Carmene, Carmenet, Carmenet Grand, Carne Fran, Couahort, Crouchen Negre, Crouchen Noir, Fer Servadou, Fer Servandou, Gamput, Gro Kaberne, Gro Vidyur, Gro Vidyuz, Gros Bouchet, Gros Bouschet, Gros Caberne, Gros Cabernet, Gros Vidure, Gros Vidyuz, Grosse Vidure, Hartling, Kaberne, Kaberne Fran, Kaberne Frank, Kabernet Frank Breton, Karmene, Messanges, Messanges Rouge, Morenoa Veron Bouchy, Noir Dur, Petit Fer, Petit Viodure, Petite Vidure, Petite Vignedure, Plan Des Sables, Plant Breton, Plant De L'Abbe Breton, Qro Kaberne, Qro Vidyuz, Sable Rouge, Trouchet, Trouchet Noir, Tsapournako, Verdejilla Tinto, Veron, Veron Bouchy, Veronais, Vidure, Vuidure.","France, Loire Valley",Chateau de Targé 'Les Cerisiers de Targe' Organic Saumur-Champigny 2020,Cabernet Franc,France,Red,Light & Elegant
Cabernet Franc,"Acheria, Ardounet, Aroia, Arrouya, Auxquels, Baro, Beron, Bidure, Bordeaux, Bordo, Bordo Magher, Boubet, Bouchet, Bouchet Franc, Bouchet Saint-Emilion, Bouchy, Breton, Burdeas Tinto, Cabernet, Cabernet Aunis, Cabernet Bresciano, Cabernet D'Aunis, Cabernet Franc Blauer, Cabernet Franc Crni, Cabernet Franc Nero, Cabernet Franc Noir, Cabernet Francese, Cabernet Franco, Cabernet Frank, Cabernet Gris, Cabonet, Cabrunet, Capbreton, Capbreton Rouge, Carbenet, Carbonet, Carbouet, Carmene, Carmenet, Carmenet Grand, Carne Fran, Couahort, Crouchen Negre, Crouchen Noir, Fer Servadou, Fer Servandou, Gamput, Gro Kaberne, Gro Vidyur, Gro Vidyuz, Gros Bouchet, Gros Bouschet, Gros Caberne, Gros Cabernet, Gros Vidure, Gros Vidyuz, Grosse Vidure, Hartling, Kaberne, Kaberne Fran, Kaberne Frank, Kabernet Frank Breton, Karmene, Messanges, Messanges Rouge, Morenoa Veron Bouchy, Noir Dur, Petit Fer, Petit Viodure, Petite Vidure, Petite Vignedure, Plan Des Sables, Plant Breton, Plant De L'Abbe Breton, Qro Kaberne, Qro Vidyuz, Sable Rouge, Trouchet, Trouchet Noir, Tsapournako, Verdejilla Tinto, Veron, Veron Bouchy, Veronais, Vidure, Vuidure.","France, Loire Valley","Vieux Remparts 2019/20, Lussac St-Émilion",Cabernet Franc,France,Red,Savoury & Full Bodied
Cabernet Franc,"Acheria, Ardounet, Aroia, Arrouya, Auxquels, Baro, Beron, Bidure, Bordeaux, Bordo, Bordo Magher, Boubet, Bouchet, Bouchet Franc, Bouchet Saint-Emilion, Bouchy, Breton, Burdeas Tinto, Cabernet, Cabernet Aunis, Cabernet Bresciano, Cabernet D'Aunis, Cabernet Franc Blauer, Cabernet Franc Crni, Cabernet Franc Nero, Cabernet Franc Noir, Cabernet Francese, Cabernet Franco, Cabernet Frank, Cabernet Gris, Cabonet, Cabrunet, Capbreton, Capbreton Rouge, Carbenet, Carbonet, Carbouet, Carmene, Carmenet, Carmenet Grand, Carne Fran, Couahort, Crouchen Negre, Crouchen Noir, Fer Servadou, Fer Servandou, Gamput, Gro Kaberne, Gro Vidyur, Gro Vidyuz, Gros Bouchet, Gros Bouschet, Gros Caberne, Gros Cabernet, Gros Vidure, Gros Vidyuz, Grosse Vidure, Hartling, Kaberne, Kaberne Fran, Kaberne Frank, Kabernet Frank Breton, Karmene, Messanges, Messanges Rouge, Morenoa Veron Bouchy, Noir Dur, Petit Fer, Petit Viodure, Petite Vidure, Petite Vignedure, Plan Des Sables, Plant Breton, Plant De L'Abbe Breton, Qro Kaberne, Qro Vidyuz, Sable Rouge, Trouchet, Trouchet Noir, Tsapournako, Verdejilla Tinto, Veron, Veron Bouchy, Veronais, Vidure, Vuidure.","France, Loire Valley","Chateau de Pitray 2017, Castillon Côtes de Bordeaux",Cabernet Franc,France,Red,Savoury & Full Bodied
Cabernet Franc,"Acheria, Ardounet, Aroia, Arrouya, Auxquels, Baro, Beron, Bidure, Bordeaux, Bordo, Bordo Magher, Boubet, Bouchet, Bouchet Franc, Bouchet Saint-Emilion, Bouchy, Breton, Burdeas Tinto, Cabernet, Cabernet Aunis, Cabernet Bresciano, Cabernet D'Aunis, Cabernet Franc Blauer, Cabernet Franc Crni, Cabernet Franc Nero, Cabernet Franc Noir, Cabernet Francese, Cabernet Franco, Cabernet Frank, Cabernet Gris, Cabonet, Cabrunet, Capbreton, Capbreton Rouge, Carbenet, Carbonet, Carbouet, Carmene, Carmenet, Carmenet Grand, Carne Fran, Couahort, Crouchen Negre, Crouchen Noir, Fer Servadou, Fer Servandou, Gamput, Gro Kaberne, Gro Vidyur, Gro Vidyuz, Gros Bouchet, Gros Bouschet, Gros Caberne, Gros Cabernet, Gros Vidure, Gros Vidyuz, Grosse Vidure, Hartling, Kaberne, Kaberne Fran, Kaberne Frank, Kabernet Frank Breton, Karmene, Messanges, Messanges Rouge, Morenoa Veron Bouchy, Noir Dur, Petit Fer, Petit Viodure, Petite Vidure, Petite Vignedure, Plan Des Sables, Plant Breton, Plant De L'Abbe Breton, Qro Kaberne, Qro Vidyuz, Sable Rouge, Trouchet, Trouchet Noir, Tsapournako, Verdejilla Tinto, Veron, Veron Bouchy, Veronais, Vidure, Vuidure.","France, Loire Valley",Bouvet Ladubay Saumur Rosé Brut,Cabernet Franc,France,Rosé,Crisp & Fruity
Cabernet Franc,"Acheria, Ardounet, Aroia, Arrouya, Auxquels, Baro, Beron, Bidure, Bordeaux, Bordo, Bordo Magher, Boubet, Bouchet, Bouchet Franc, Bouchet Saint-Emilion, Bouchy, Breton, Burdeas Tinto, Cabernet, Cabernet Aunis, Cabernet Bresciano, Cabernet D'Aunis, Cabernet Franc Blauer, Cabernet Franc Crni, Cabernet Franc Nero, Cabernet Franc Noir, Cabernet Francese, Cabernet Franco, Cabernet Frank, Cabernet Gris, Cabonet, Cabrunet, Capbreton, Capbreton Rouge, Carbenet, Carbonet, Carbouet, Carmene, Carmenet, Carmenet Grand, Carne Fran, Couahort, Crouchen Negre, Crouchen Noir, Fer Servadou, Fer Servandou, Gamput, Gro Kaberne, Gro Vidyur, Gro Vidyuz, Gros Bouchet, Gros Bouschet, Gros Caberne, Gros Cabernet, Gros Vidure, Gros Vidyuz, Grosse Vidure, Hartling, Kaberne, Kaberne Fran, Kaberne Frank, Kabernet Frank Breton, Karmene, Messanges, Messanges Rouge, Morenoa Veron Bouchy, Noir Dur, Petit Fer, Petit Viodure, Petite Vidure, Petite Vignedure, Plan Des Sables, Plant Breton, Plant De L'Abbe Breton, Qro Kaberne, Qro Vidyuz, Sable Rouge, Trouchet, Trouchet Noir, Tsapournako, Verdejilla Tinto, Veron, Veron Bouchy, Veronais, Vidure, Vuidure.","France, Loire Valley",Langlois-Chateau 'Classique' Crémant de Loire Brut Rosé,Cabernet Franc,France,Rosé,Crisp & Fruity
Cabernet Franc,"Acheria, Ardounet, Aroia, Arrouya, Auxquels, Baro, Beron, Bidure, Bordeaux, Bordo, Bordo Magher, Boubet, Bouchet, Bouchet Franc, Bouchet Saint-Emilion, Bouchy, Breton, Burdeas Tinto, Cabernet, Cabernet Aunis, Cabernet Bresciano, Cabernet D'Aunis, Cabernet Franc Blauer, Cabernet Franc Crni, Cabernet Franc Nero, Cabernet Franc Noir, Cabernet Francese, Cabernet Franco, Cabernet Frank, Cabernet Gris, Cabonet, Cabrunet, Capbreton, Capbreton Rouge, Carbenet, Carbonet, Carbouet, Carmene, Carmenet, Carmenet Grand, Carne Fran, Couahort, Crouchen Negre, Crouchen Noir, Fer Servadou, Fer Servandou, Gamput, Gro Kaberne, Gro Vidyur, Gro Vidyuz, Gros Bouchet, Gros Bouschet, Gros Caberne, Gros Cabernet, Gros Vidure, Gros Vidyuz, Grosse Vidure, Hartling, Kaberne, Kaberne Fran, Kaberne Frank, Kabernet Frank Breton, Karmene, Messanges, Messanges Rouge, Morenoa Veron Bouchy, Noir Dur, Petit Fer, Petit Viodure, Petite Vidure, Petite Vignedure, Plan Des Sables, Plant Breton, Plant De L'Abbe Breton, Qro Kaberne, Qro Vidyuz, Sable Rouge, Trouchet, Trouchet Noir, Tsapournako, Verdejilla Tinto, Veron, Veron Bouchy, Veronais, Vidure, Vuidure.","France, Loire Valley","Definition Claret 2018/19, Medoc",Cabernet Franc,France,Red,Savoury & Full Bodied
Cabernet Sauvignon,"Bidure, Bordaoux, Bordeaux, Bordo, Bouche, Bouchet, Bouchet Sauvignon, Bourdeos Tinto, Bouschet Sauvignon, Breton, Burdeos Tinto, Cabarnet Sauvignon, Caberne, Caberne Sovinion, Cabernet Petit, Cabernet Piccolo, Cabernet Sauvignon Black, Cabernet Sauvignon Blauer, Cabernet Sauvignon Cl. R5, Cabernet Sauvignon Crni, Cabernet Sauvignon Nero, Cabernet Sauvignon Noir, Cabernet Sauvignon Petit, Carbonet, Carbouet, Carmenet, Castet, Dzanati, Enfin, Epicier Noir, Kaberne Sovinjon, Kaberne Sovinon, Kaberne Sovinyon, Kabernet Suvinjon, Lafet, Lafit, Lafite, Marchoupet, Melkii Chernyi, Menut, Navarre, Petit Bouchet, Petit Bouschet, Petit Cabernet, Petit Cavernet Sauvignon, Petit Vidure, Petit-Bouchet, Petite Parde, Petite Vidure, Sauvignon, Sauvignon Rouge, Sauvignonne, Vaucluse, Veron, Vidure, Vidure Petite, Vidure Sauvignon, Vidure Sauvignonne.",France,"Yalumba 'The Menzies' Cabernet Sauvignon 2015/16, Coonawarra",Cabernet Sauvignon,Australia,Red,Savoury & Full Bodied
Cabernet Sauvignon,"Bidure, Bordaoux, Bordeaux, Bordo, Bouche, Bouchet, Bouchet Sauvignon, Bourdeos Tinto, Bouschet Sauvignon, Breton, Burdeos Tinto, Cabarnet Sauvignon, Caberne, Caberne Sovinion, Cabernet Petit, Cabernet Piccolo, Cabernet Sauvignon Black, Cabernet Sauvignon Blauer, Cabernet Sauvignon Cl. R5, Cabernet Sauvignon Crni, Cabernet Sauvignon Nero, Cabernet Sauvignon Noir, Cabernet Sauvignon Petit, Carbonet, Carbouet, Carmenet, Castet, Dzanati, Enfin, Epicier Noir, Kaberne Sovinjon, Kaberne Sovinon, Kaberne Sovinyon, Kabernet Suvinjon, Lafet, Lafit, Lafite, Marchoupet, Melkii Chernyi, Menut, Navarre, Petit Bouchet, Petit Bouschet, Petit Cabernet, Petit Cavernet Sauvignon, Petit Vidure, Petit-Bouchet, Petite Parde, Petite Vidure, Sauvignon, Sauvignon Rouge, Sauvignonne, Vaucluse, Veron, Vidure, Vidure Petite, Vidure Sauvignon, Vidure Sauvignonne.",France,Le Difese Tenuta San Guido 2020/21,Cabernet Sauvignon,Italy,Red,Savoury & Full Bodied
Cabernet Sauvignon,"Bidure, Bordaoux, Bordeaux, Bordo, Bouche, Bouchet, Bouchet Sauvignon, Bourdeos Tinto, Bouschet Sauvignon, Breton, Burdeos Tinto, Cabarnet Sauvignon, Caberne, Caberne Sovinion, Cabernet Petit, Cabernet Piccolo, Cabernet Sauvignon Black, Cabernet Sauvignon Blauer, Cabernet Sauvignon Cl. R5, Cabernet Sauvignon Crni, Cabernet Sauvignon Nero, Cabernet Sauvignon Noir, Cabernet Sauvignon Petit, Carbonet, Carbouet, Carmenet, Castet, Dzanati, Enfin, Epicier Noir, Kaberne Sovinjon, Kaberne Sovinon, Kaberne Sovinyon, Kabernet Suvinjon, Lafet, Lafit, Lafite, Marchoupet, Melkii Chernyi, Menut, Navarre, Petit Bouchet, Petit Bouschet, Petit Cabernet, Petit Cavernet Sauvignon, Petit Vidure, Petit-Bouchet, Petite Parde, Petite Vidure, Sauvignon, Sauvignon Rouge, Sauvignonne, Vaucluse, Veron, Vidure, Vidure Petite, Vidure Sauvignon, Vidure Sauvignonne.",France,"Bread & Butter Reserve Cabernet Sauvignon 2019/20, Napa Valley",Cabernet Sauvignon,USA,Red,Bold & Spicy
Cabernet Sauvignon,"Bidure, Bordaoux, Bordeaux, Bordo, Bouche, Bouchet, Bouchet Sauvignon, Bourdeos Tinto, Bouschet Sauvignon, Breton, Burdeos Tinto, Cabarnet Sauvignon, Caberne, Caberne Sovinion, Cabernet Petit, Cabernet Piccolo, Cabernet Sauvignon Black, Cabernet Sauvignon Blauer, Cabernet Sauvignon Cl. R5, Cabernet Sauvignon Crni, Cabernet Sauvignon Nero, Cabernet Sauvignon Noir, Cabernet Sauvignon Petit, Carbonet, Carbouet, Carmenet, Castet, Dzanati, Enfin, Epicier Noir, Kaberne Sovinjon, Kaberne Sovinon, Kaberne Sovinyon, Kabernet Suvinjon, Lafet, Lafit, Lafite, Marchoupet, Melkii Chernyi, Menut, Navarre, Petit Bouchet, Petit Bouschet, Petit Cabernet, Petit Cavernet Sauvignon, Petit Vidure, Petit-Bouchet, Petite Parde, Petite Vidure, Sauvignon, Sauvignon Rouge, Sauvignonne, Vaucluse, Veron, Vidure, Vidure Petite, Vidure Sauvignon, Vidure Sauvignonne.",France,Wakefield 'Visionary' Cabernet Sauvignon 2010,Cabernet Sauvignon,Australia,Red,Savoury & Full Bodied
Cabernet Sauvignon,"Bidure, Bordaoux, Bordeaux, Bordo, Bouche, Bouchet, Bouchet Sauvignon, Bourdeos Tinto, Bouschet Sauvignon, Breton, Burdeos Tinto, Cabarnet Sauvignon, Caberne, Caberne Sovinion, Cabernet Petit, Cabernet Piccolo, Cabernet Sauvignon Black, Cabernet Sauvignon Blauer, Cabernet Sauvignon Cl. R5, Cabernet Sauvignon Crni, Cabernet Sauvignon Nero, Cabernet Sauvignon Noir, Cabernet Sauvignon Petit, Carbonet, Carbouet, Carmenet, Castet, Dzanati, Enfin, Epicier Noir, Kaberne Sovinjon, Kaberne Sovinon, Kaberne Sovinyon, Kabernet Suvinjon, Lafet, Lafit, Lafite, Marchoupet, Melkii Chernyi, Menut, Navarre, Petit Bouchet, Petit Bouschet, Petit Cabernet, Petit Cavernet Sauvignon, Petit Vidure, Petit-Bouchet, Petite Parde, Petite Vidure, Sauvignon, Sauvignon Rouge, Sauvignonne, Vaucluse, Veron, Vidure, Vidure Petite, Vidure Sauvignon, Vidure Sauvignonne.",France,"Antinori ‘Tignanello’ 2020, Tuscany",Cabernet Sauvignon,Italy,Red,Savoury & Full Bodied
Cabernet Sauvignon,"Bidure, Bordaoux, Bordeaux, Bordo, Bouche, Bouchet, Bouchet Sauvignon, Bourdeos Tinto, Bouschet Sauvignon, Breton, Burdeos Tinto, Cabarnet Sauvignon, Caberne, Caberne Sovinion, Cabernet Petit, Cabernet Piccolo, Cabernet Sauvignon Black, Cabernet Sauvignon Blauer, Cabernet Sauvignon Cl. R5, Cabernet Sauvignon Crni, Cabernet Sauvignon Nero, Cabernet Sauvignon Noir, Cabernet Sauvignon Petit, Carbonet, Carbouet, Carmenet, Castet, Dzanati, Enfin, Epicier Noir, Kaberne Sovinjon, Kaberne Sovinon, Kaberne Sovinyon, Kabernet Suvinjon, Lafet, Lafit, Lafite, Marchoupet, Melkii Chernyi, Menut, Navarre, Petit Bouchet, Petit Bouschet, Petit Cabernet, Petit Cavernet Sauvignon, Petit Vidure, Petit-Bouchet, Petite Parde, Petite Vidure, Sauvignon, Sauvignon Rouge, Sauvignonne, Vaucluse, Veron, Vidure, Vidure Petite, Vidure Sauvignon, Vidure Sauvignonne.",France,"Château Batailley 2016/17, Pauillac",Cabernet Sauvignon,France,Red,Savoury & Full Bodied
Cabernet Sauvignon,"Bidure, Bordaoux, Bordeaux, Bordo, Bouche, Bouchet, Bouchet Sauvignon, Bourdeos Tinto, Bouschet Sauvignon, Breton, Burdeos Tinto, Cabarnet Sauvignon, Caberne, Caberne Sovinion, Cabernet Petit, Cabernet Piccolo, Cabernet Sauvignon Black, Cabernet Sauvignon Blauer, Cabernet Sauvignon Cl. R5, Cabernet Sauvignon Crni, Cabernet Sauvignon Nero, Cabernet Sauvignon Noir, Cabernet Sauvignon Petit, Carbonet, Carbouet, Carmenet, Castet, Dzanati, Enfin, Epicier Noir, Kaberne Sovinjon, Kaberne Sovinon, Kaberne Sovinyon, Kabernet Suvinjon, Lafet, Lafit, Lafite, Marchoupet, Melkii Chernyi, Menut, Navarre, Petit Bouchet, Petit Bouschet, Petit Cabernet, Petit Cavernet Sauvignon, Petit Vidure, Petit-Bouchet, Petite Parde, Petite Vidure, Sauvignon, Sauvignon Rouge, Sauvignonne, Vaucluse, Veron, Vidure, Vidure Petite, Vidure Sauvignon, Vidure Sauvignonne.",France,"The Long Coast Cabernet Sauvignon 2019/20, Maipo Valley",Cabernet Sauvignon,Chile,Red,Bold & Spicy
Cabernet Sauvignon,"Bidure, Bordaoux, Bordeaux, Bordo, Bouche, Bouchet, Bouchet Sauvignon, Bourdeos Tinto, Bouschet Sauvignon, Breton, Burdeos Tinto, Cabarnet Sauvignon, Caberne, Caberne Sovinion, Cabernet Petit, Cabernet Piccolo, Cabernet Sauvignon Black, Cabernet Sauvignon Blauer, Cabernet Sauvignon Cl. R5, Cabernet Sauvignon Crni, Cabernet Sauvignon Nero, Cabernet Sauvignon Noir, Cabernet Sauvignon Petit, Carbonet, Carbouet, Carmenet, Castet, Dzanati, Enfin, Epicier Noir, Kaberne Sovinjon, Kaberne Sovinon, Kaberne Sovinyon, Kabernet Suvinjon, Lafet, Lafit, Lafite, Marchoupet, Melkii Chernyi, Menut, Navarre, Petit Bouchet, Petit Bouschet, Petit Cabernet, Petit Cavernet Sauvignon, Petit Vidure, Petit-Bouchet, Petite Parde, Petite Vidure, Sauvignon, Sauvignon Rouge, Sauvignonne, Vaucluse, Veron, Vidure, Vidure Petite, Vidure Sauvignon, Vidure Sauvignonne.",France,"Gabb Family Vineyards Cabernet Sauvignon 2020/21, South Africa",Cabernet Sauvignon,South Africa,Red,Smooth & Mellow
Cabernet Sauvignon,"Bidure, Bordaoux, Bordeaux, Bordo, Bouche, Bouchet, Bouchet Sauvignon, Bourdeos Tinto, Bouschet Sauvignon, Breton, Burdeos Tinto, Cabarnet Sauvignon, Caberne, Caberne Sovinion, Cabernet Petit, Cabernet Piccolo, Cabernet Sauvignon Black, Cabernet Sauvignon Blauer, Cabernet Sauvignon Cl. R5, Cabernet Sauvignon Crni, Cabernet Sauvignon Nero, Cabernet Sauvignon Noir, Cabernet Sauvignon Petit, Carbonet, Carbouet, Carmenet, Castet, Dzanati, Enfin, Epicier Noir, Kaberne Sovinjon, Kaberne Sovinon, Kaberne Sovinyon, Kabernet Suvinjon, Lafet, Lafit, Lafite, Marchoupet, Melkii Chernyi, Menut, Navarre, Petit Bouchet, Petit Bouschet, Petit Cabernet, Petit Cavernet Sauvignon, Petit Vidure, Petit-Bouchet, Petite Parde, Petite Vidure, Sauvignon, Sauvignon Rouge, Sauvignonne, Vaucluse, Veron, Vidure, Vidure Petite, Vidure Sauvignon, Vidure Sauvignonne.",France,"Emiliana 'Elemental' Organic Gran Reserva Cabernet 2019/21, Maipo Valley",Cabernet Sauvignon,Chile,Red,Bold & Spicy
Cabernet Sauvignon,"Bidure, Bordaoux, Bordeaux, Bordo, Bouche, Bouchet, Bouchet Sauvignon, Bourdeos Tinto, Bouschet Sauvignon, Breton, Burdeos Tinto, Cabarnet Sauvignon, Caberne, Caberne Sovinion, Cabernet Petit, Cabernet Piccolo, Cabernet Sauvignon Black, Cabernet Sauvignon Blauer, Cabernet Sauvignon Cl. R5, Cabernet Sauvignon Crni, Cabernet Sauvignon Nero, Cabernet Sauvignon Noir, Cabernet Sauvignon Petit, Carbonet, Carbouet, Carmenet, Castet, Dzanati, Enfin, Epicier Noir, Kaberne Sovinjon, Kaberne Sovinon, Kaberne Sovinyon, Kabernet Suvinjon, Lafet, Lafit, Lafite, Marchoupet, Melkii Chernyi, Menut, Navarre, Petit Bouchet, Petit Bouschet, Petit Cabernet, Petit Cavernet Sauvignon, Petit Vidure, Petit-Bouchet, Petite Parde, Petite Vidure, Sauvignon, Sauvignon Rouge, Sauvignonne, Vaucluse, Veron, Vidure, Vidure Petite, Vidure Sauvignon, Vidure Sauvignonne.",France,"Te Mata Estate 'Awatea' Cabernets/Merlot 2017, Hawke's Bay",Cabernet Sauvignon,New Zealand,Red,Savoury & Full Bodied
Cabernet Sauvignon,"Bidure, Bordaoux, Bordeaux, Bordo, Bouche, Bouchet, Bouchet Sauvignon, Bourdeos Tinto, Bouschet Sauvignon, Breton, Burdeos Tinto, Cabarnet Sauvignon, Caberne, Caberne Sovinion, Cabernet Petit, Cabernet Piccolo, Cabernet Sauvignon Black, Cabernet Sauvignon Blauer, Cabernet Sauvignon Cl. R5, Cabernet Sauvignon Crni, Cabernet Sauvignon Nero, Cabernet Sauvignon Noir, Cabernet Sauvignon Petit, Carbonet, Carbouet, Carmenet, Castet, Dzanati, Enfin, Epicier Noir, Kaberne Sovinjon, Kaberne Sovinon, Kaberne Sovinyon, Kabernet Suvinjon, Lafet, Lafit, Lafite, Marchoupet, Melkii Chernyi, Menut, Navarre, Petit Bouchet, Petit Bouschet, Petit Cabernet, Petit Cavernet Sauvignon, Petit Vidure, Petit-Bouchet, Petite Parde, Petite Vidure, Sauvignon, Sauvignon Rouge, Sauvignonne, Vaucluse, Veron, Vidure, Vidure Petite, Vidure Sauvignon, Vidure Sauvignonne.",France,La Réserve de Léoville-Barton St-Julien 2018/19,Cabernet Sauvignon,France,Red,Savoury & Full Bodied
Cabernet Sauvignon,"Bidure, Bordaoux, Bordeaux, Bordo, Bouche, Bouchet, Bouchet Sauvignon, Bourdeos Tinto, Bouschet Sauvignon, Breton, Burdeos Tinto, Cabarnet Sauvignon, Caberne, Caberne Sovinion, Cabernet Petit, Cabernet Piccolo, Cabernet Sauvignon Black, Cabernet Sauvignon Blauer, Cabernet Sauvignon Cl. R5, Cabernet Sauvignon Crni, Cabernet Sauvignon Nero, Cabernet Sauvignon Noir, Cabernet Sauvignon Petit, Carbonet, Carbouet, Carmenet, Castet, Dzanati, Enfin, Epicier Noir, Kaberne Sovinjon, Kaberne Sovinon, Kaberne Sovinyon, Kabernet Suvinjon, Lafet, Lafit, Lafite, Marchoupet, Melkii Chernyi, Menut, Navarre, Petit Bouchet, Petit Bouschet, Petit Cabernet, Petit Cavernet Sauvignon, Petit Vidure, Petit-Bouchet, Petite Parde, Petite Vidure, Sauvignon, Sauvignon Rouge, Sauvignonne, Vaucluse, Veron, Vidure, Vidure Petite, Vidure Sauvignon, Vidure Sauvignonne.",France,"Château Caronne Ste-Gemme 2016/18, Haut-Médoc",Cabernet Sauvignon,France,Red,Savoury & Full Bodied
Cabernet Sauvignon,"Bidure, Bordaoux, Bordeaux, Bordo, Bouche, Bouchet, Bouchet Sauvignon, Bourdeos Tinto, Bouschet Sauvignon, Breton, Burdeos Tinto, Cabarnet Sauvignon, Caberne, Caberne Sovinion, Cabernet Petit, Cabernet Piccolo, Cabernet Sauvignon Black, Cabernet Sauvignon Blauer, Cabernet Sauvignon Cl. R5, Cabernet Sauvignon Crni, Cabernet Sauvignon Nero, Cabernet Sauvignon Noir, Cabernet Sauvignon Petit, Carbonet, Carbouet, Carmenet, Castet, Dzanati, Enfin, Epicier Noir, Kaberne Sovinjon, Kaberne Sovinon, Kaberne Sovinyon, Kabernet Suvinjon, Lafet, Lafit, Lafite, Marchoupet, Melkii Chernyi, Menut, Navarre, Petit Bouchet, Petit Bouschet, Petit Cabernet, Petit Cavernet Sauvignon, Petit Vidure, Petit-Bouchet, Petite Parde, Petite Vidure, Sauvignon, Sauvignon Rouge, Sauvignonne, Vaucluse, Veron, Vidure, Vidure Petite, Vidure Sauvignon, Vidure Sauvignonne.",France,"Sassicaia 2019/20, Bolgheri",Cabernet Sauvignon,Italy,Red,Savoury & Full Bodied
Cabernet Sauvignon,"Bidure, Bordaoux, Bordeaux, Bordo, Bouche, Bouchet, Bouchet Sauvignon, Bourdeos Tinto, Bouschet Sauvignon, Breton, Burdeos Tinto, Cabarnet Sauvignon, Caberne, Caberne Sovinion, Cabernet Petit, Cabernet Piccolo, Cabernet Sauvignon Black, Cabernet Sauvignon Blauer, Cabernet Sauvignon Cl. R5, Cabernet Sauvignon Crni, Cabernet Sauvignon Nero, Cabernet Sauvignon Noir, Cabernet Sauvignon Petit, Carbonet, Carbouet, Carmenet, Castet, Dzanati, Enfin, Epicier Noir, Kaberne Sovinjon, Kaberne Sovinon, Kaberne Sovinyon, Kabernet Suvinjon, Lafet, Lafit, Lafite, Marchoupet, Melkii Chernyi, Menut, Navarre, Petit Bouchet, Petit Bouschet, Petit Cabernet, Petit Cavernet Sauvignon, Petit Vidure, Petit-Bouchet, Petite Parde, Petite Vidure, Sauvignon, Sauvignon Rouge, Sauvignonne, Vaucluse, Veron, Vidure, Vidure Petite, Vidure Sauvignon, Vidure Sauvignonne.",France,"Alamos Lujan De Cuyo Cabernet 2021/22, Mendoza",Cabernet Sauvignon,Argentina,Red,Smooth & Mellow
Cabernet Sauvignon,"Bidure, Bordaoux, Bordeaux, Bordo, Bouche, Bouchet, Bouchet Sauvignon, Bourdeos Tinto, Bouschet Sauvignon, Breton, Burdeos Tinto, Cabarnet Sauvignon, Caberne, Caberne Sovinion, Cabernet Petit, Cabernet Piccolo, Cabernet Sauvignon Black, Cabernet Sauvignon Blauer, Cabernet Sauvignon Cl. R5, Cabernet Sauvignon Crni, Cabernet Sauvignon Nero, Cabernet Sauvignon Noir, Cabernet Sauvignon Petit, Carbonet, Carbouet, Carmenet, Castet, Dzanati, Enfin, Epicier Noir, Kaberne Sovinjon, Kaberne Sovinon, Kaberne Sovinyon, Kabernet Suvinjon, Lafet, Lafit, Lafite, Marchoupet, Melkii Chernyi, Menut, Navarre, Petit Bouchet, Petit Bouschet, Petit Cabernet, Petit Cavernet Sauvignon, Petit Vidure, Petit-Bouchet, Petite Parde, Petite Vidure, Sauvignon, Sauvignon Rouge, Sauvignonne, Vaucluse, Veron, Vidure, Vidure Petite, Vidure Sauvignon, Vidure Sauvignonne.",France,"Domaine des Tourelles Cuvée Pierre Brun 2019/20, Lebanon",Cabernet Sauvignon,Lebanon,Red,Savoury & Full Bodied
Cabernet Sauvignon,"Bidure, Bordaoux, Bordeaux, Bordo, Bouche, Bouchet, Bouchet Sauvignon, Bourdeos Tinto, Bouschet Sauvignon, Breton, Burdeos Tinto, Cabarnet Sauvignon, Caberne, Caberne Sovinion, Cabernet Petit, Cabernet Piccolo, Cabernet Sauvignon Black, Cabernet Sauvignon Blauer, Cabernet Sauvignon Cl. R5, Cabernet Sauvignon Crni, Cabernet Sauvignon Nero, Cabernet Sauvignon Noir, Cabernet Sauvignon Petit, Carbonet, Carbouet, Carmenet, Castet, Dzanati, Enfin, Epicier Noir, Kaberne Sovinjon, Kaberne Sovinon, Kaberne Sovinyon, Kabernet Suvinjon, Lafet, Lafit, Lafite, Marchoupet, Melkii Chernyi, Menut, Navarre, Petit Bouchet, Petit Bouschet, Petit Cabernet, Petit Cavernet Sauvignon, Petit Vidure, Petit-Bouchet, Petite Parde, Petite Vidure, Sauvignon, Sauvignon Rouge, Sauvignonne, Vaucluse, Veron, Vidure, Vidure Petite, Vidure Sauvignon, Vidure Sauvignonne.",France,"Silver Ghost Cabernet Sauvignon 2021/22, Central Valley",Cabernet Sauvignon,Chile,Red,Smooth & Mellow
Cabernet Sauvignon,"Bidure, Bordaoux, Bordeaux, Bordo, Bouche, Bouchet, Bouchet Sauvignon, Bourdeos Tinto, Bouschet Sauvignon, Breton, Burdeos Tinto, Cabarnet Sauvignon, Caberne, Caberne Sovinion, Cabernet Petit, Cabernet Piccolo, Cabernet Sauvignon Black, Cabernet Sauvignon Blauer, Cabernet Sauvignon Cl. R5, Cabernet Sauvignon Crni, Cabernet Sauvignon Nero, Cabernet Sauvignon Noir, Cabernet Sauvignon Petit, Carbonet, Carbouet, Carmenet, Castet, Dzanati, Enfin, Epicier Noir, Kaberne Sovinjon, Kaberne Sovinon, Kaberne Sovinyon, Kabernet Suvinjon, Lafet, Lafit, Lafite, Marchoupet, Melkii Chernyi, Menut, Navarre, Petit Bouchet, Petit Bouschet, Petit Cabernet, Petit Cavernet Sauvignon, Petit Vidure, Petit-Bouchet, Petite Parde, Petite Vidure, Sauvignon, Sauvignon Rouge, Sauvignonne, Vaucluse, Veron, Vidure, Vidure Petite, Vidure Sauvignon, Vidure Sauvignonne.",France,"Amiral de Beychevelle 2020, Saint-Julien",Cabernet Sauvignon,France,Red,Savoury & Full Bodied
Cabernet Sauvignon,"Bidure, Bordaoux, Bordeaux, Bordo, Bouche, Bouchet, Bouchet Sauvignon, Bourdeos Tinto, Bouschet Sauvignon, Breton, Burdeos Tinto, Cabarnet Sauvignon, Caberne, Caberne Sovinion, Cabernet Petit, Cabernet Piccolo, Cabernet Sauvignon Black, Cabernet Sauvignon Blauer, Cabernet Sauvignon Cl. R5, Cabernet Sauvignon Crni, Cabernet Sauvignon Nero, Cabernet Sauvignon Noir, Cabernet Sauvignon Petit, Carbonet, Carbouet, Carmenet, Castet, Dzanati, Enfin, Epicier Noir, Kaberne Sovinjon, Kaberne Sovinon, Kaberne Sovinyon, Kabernet Suvinjon, Lafet, Lafit, Lafite, Marchoupet, Melkii Chernyi, Menut, Navarre, Petit Bouchet, Petit Bouschet, Petit Cabernet, Petit Cavernet Sauvignon, Petit Vidure, Petit-Bouchet, Petite Parde, Petite Vidure, Sauvignon, Sauvignon Rouge, Sauvignonne, Vaucluse, Veron, Vidure, Vidure Petite, Vidure Sauvignon, Vidure Sauvignonne.",France,"Catena Cabernet Sauvignon 2019/21, Mendoza",Cabernet Sauvignon,Argentina,Red,Bold & Spicy
Cabernet Sauvignon,"Bidure, Bordaoux, Bordeaux, Bordo, Bouche, Bouchet, Bouchet Sauvignon, Bourdeos Tinto, Bouschet Sauvignon, Breton, Burdeos Tinto, Cabarnet Sauvignon, Caberne, Caberne Sovinion, Cabernet Petit, Cabernet Piccolo, Cabernet Sauvignon Black, Cabernet Sauvignon Blauer, Cabernet Sauvignon Cl. R5, Cabernet Sauvignon Crni, Cabernet Sauvignon Nero, Cabernet Sauvignon Noir, Cabernet Sauvignon Petit, Carbonet, Carbouet, Carmenet, Castet, Dzanati, Enfin, Epicier Noir, Kaberne Sovinjon, Kaberne Sovinon, Kaberne Sovinyon, Kabernet Suvinjon, Lafet, Lafit, Lafite, Marchoupet, Melkii Chernyi, Menut, Navarre, Petit Bouchet, Petit Bouschet, Petit Cabernet, Petit Cavernet Sauvignon, Petit Vidure, Petit-Bouchet, Petite Parde, Petite Vidure, Sauvignon, Sauvignon Rouge, Sauvignonne, Vaucluse, Veron, Vidure, Vidure Petite, Vidure Sauvignon, Vidure Sauvignonne.",France,"Stag's Leap 'Hands of Time' Red Blend 2018/19, Napa Valley",Cabernet Sauvignon,USA,Red,Smooth & Mellow
Cabernet Sauvignon,"Bidure, Bordaoux, Bordeaux, Bordo, Bouche, Bouchet, Bouchet Sauvignon, Bourdeos Tinto, Bouschet Sauvignon, Breton, Burdeos Tinto, Cabarnet Sauvignon, Caberne, Caberne Sovinion, Cabernet Petit, Cabernet Piccolo, Cabernet Sauvignon Black, Cabernet Sauvignon Blauer, Cabernet Sauvignon Cl. R5, Cabernet Sauvignon Crni, Cabernet Sauvignon Nero, Cabernet Sauvignon Noir, Cabernet Sauvignon Petit, Carbonet, Carbouet, Carmenet, Castet, Dzanati, Enfin, Epicier Noir, Kaberne Sovinjon, Kaberne Sovinon, Kaberne Sovinyon, Kabernet Suvinjon, Lafet, Lafit, Lafite, Marchoupet, Melkii Chernyi, Menut, Navarre, Petit Bouchet, Petit Bouschet, Petit Cabernet, Petit Cavernet Sauvignon, Petit Vidure, Petit-Bouchet, Petite Parde, Petite Vidure, Sauvignon, Sauvignon Rouge, Sauvignonne, Vaucluse, Veron, Vidure, Vidure Petite, Vidure Sauvignon, Vidure Sauvignonne.",France,Peter Lehmann 'Mentor' Cabernet Sauvignon 2014,Cabernet Sauvignon,Australia,Red,
Cabernet Sauvignon,"Bidure, Bordaoux, Bordeaux, Bordo, Bouche, Bouchet, Bouchet Sauvignon, Bourdeos Tinto, Bouschet Sauvignon, Breton, Burdeos Tinto, Cabarnet Sauvignon, Caberne, Caberne Sovinion, Cabernet Petit, Cabernet Piccolo, Cabernet Sauvignon Black, Cabernet Sauvignon Blauer, Cabernet Sauvignon Cl. R5, Cabernet Sauvignon Crni, Cabernet Sauvignon Nero, Cabernet Sauvignon Noir, Cabernet Sauvignon Petit, Carbonet, Carbouet, Carmenet, Castet, Dzanati, Enfin, Epicier Noir, Kaberne Sovinjon, Kaberne Sovinon, Kaberne Sovinyon, Kabernet Suvinjon, Lafet, Lafit, Lafite, Marchoupet, Melkii Chernyi, Menut, Navarre, Petit Bouchet, Petit Bouschet, Petit Cabernet, Petit Cavernet Sauvignon, Petit Vidure, Petit-Bouchet, Petite Parde, Petite Vidure, Sauvignon, Sauvignon Rouge, Sauvignonne, Vaucluse, Veron, Vidure, Vidure Petite, Vidure Sauvignon, Vidure Sauvignonne.",France,"Managers' Choice: VIK 'A' Cabernet Sauvignon 2020/21, Cachapoal Valley",Cabernet Sauvignon,Chile,Red,Bold & Spicy
Cabernet Sauvignon,"Bidure, Bordaoux, Bordeaux, Bordo, Bouche, Bouchet, Bouchet Sauvignon, Bourdeos Tinto, Bouschet Sauvignon, Breton, Burdeos Tinto, Cabarnet Sauvignon, Caberne, Caberne Sovinion, Cabernet Petit, Cabernet Piccolo, Cabernet Sauvignon Black, Cabernet Sauvignon Blauer, Cabernet Sauvignon Cl. R5, Cabernet Sauvignon Crni, Cabernet Sauvignon Nero, Cabernet Sauvignon Noir, Cabernet Sauvignon Petit, Carbonet, Carbouet, Carmenet, Castet, Dzanati, Enfin, Epicier Noir, Kaberne Sovinjon, Kaberne Sovinon, Kaberne Sovinyon, Kabernet Suvinjon, Lafet, Lafit, Lafite, Marchoupet, Melkii Chernyi, Menut, Navarre, Petit Bouchet, Petit Bouschet, Petit Cabernet, Petit Cavernet Sauvignon, Petit Vidure, Petit-Bouchet, Petite Parde, Petite Vidure, Sauvignon, Sauvignon Rouge, Sauvignonne, Vaucluse, Veron, Vidure, Vidure Petite, Vidure Sauvignon, Vidure Sauvignonne.",France,"Cape Mentelle Cabernet Sauvignon 2017, Margaret River",Cabernet Sauvignon,Australia,Red,Savoury & Full Bodied
Cabernet Sauvignon,"Bidure, Bordaoux, Bordeaux, Bordo, Bouche, Bouchet, Bouchet Sauvignon, Bourdeos Tinto, Bouschet Sauvignon, Breton, Burdeos Tinto, Cabarnet Sauvignon, Caberne, Caberne Sovinion, Cabernet Petit, Cabernet Piccolo, Cabernet Sauvignon Black, Cabernet Sauvignon Blauer, Cabernet Sauvignon Cl. R5, Cabernet Sauvignon Crni, Cabernet Sauvignon Nero, Cabernet Sauvignon Noir, Cabernet Sauvignon Petit, Carbonet, Carbouet, Carmenet, Castet, Dzanati, Enfin, Epicier Noir, Kaberne Sovinjon, Kaberne Sovinon, Kaberne Sovinyon, Kabernet Suvinjon, Lafet, Lafit, Lafite, Marchoupet, Melkii Chernyi, Menut, Navarre, Petit Bouchet, Petit Bouschet, Petit Cabernet, Petit Cavernet Sauvignon, Petit Vidure, Petit-Bouchet, Petite Parde, Petite Vidure, Sauvignon, Sauvignon Rouge, Sauvignonne, Vaucluse, Veron, Vidure, Vidure Petite, Vidure Sauvignon, Vidure Sauvignonne.",France,"Tenuta dell'Ornellaia ‘Le Volte’ 2020/21, Tuscany",Cabernet Sauvignon,Italy,Red,Savoury & Full Bodied
Cabernet Sauvignon,"Bidure, Bordaoux, Bordeaux, Bordo, Bouche, Bouchet, Bouchet Sauvignon, Bourdeos Tinto, Bouschet Sauvignon, Breton, Burdeos Tinto, Cabarnet Sauvignon, Caberne, Caberne Sovinion, Cabernet Petit, Cabernet Piccolo, Cabernet Sauvignon Black, Cabernet Sauvignon Blauer, Cabernet Sauvignon Cl. R5, Cabernet Sauvignon Crni, Cabernet Sauvignon Nero, Cabernet Sauvignon Noir, Cabernet Sauvignon Petit, Carbonet, Carbouet, Carmenet, Castet, Dzanati, Enfin, Epicier Noir, Kaberne Sovinjon, Kaberne Sovinon, Kaberne Sovinyon, Kabernet Suvinjon, Lafet, Lafit, Lafite, Marchoupet, Melkii Chernyi, Menut, Navarre, Petit Bouchet, Petit Bouschet, Petit Cabernet, Petit Cavernet Sauvignon, Petit Vidure, Petit-Bouchet, Petite Parde, Petite Vidure, Sauvignon, Sauvignon Rouge, Sauvignonne, Vaucluse, Veron, Vidure, Vidure Petite, Vidure Sauvignon, Vidure Sauvignonne.",France,"Château Batailley 'Lions de Batailley' 2015/16, Pauillac",Cabernet Sauvignon,France,Red,
Cabernet Sauvignon,"Bidure, Bordaoux, Bordeaux, Bordo, Bouche, Bouchet, Bouchet Sauvignon, Bourdeos Tinto, Bouschet Sauvignon, Breton, Burdeos Tinto, Cabarnet Sauvignon, Caberne, Caberne Sovinion, Cabernet Petit, Cabernet Piccolo, Cabernet Sauvignon Black, Cabernet Sauvignon Blauer, Cabernet Sauvignon Cl. R5, Cabernet Sauvignon Crni, Cabernet Sauvignon Nero, Cabernet Sauvignon Noir, Cabernet Sauvignon Petit, Carbonet, Carbouet, Carmenet, Castet, Dzanati, Enfin, Epicier Noir, Kaberne Sovinjon, Kaberne Sovinon, Kaberne Sovinyon, Kabernet Suvinjon, Lafet, Lafit, Lafite, Marchoupet, Melkii Chernyi, Menut, Navarre, Petit Bouchet, Petit Bouschet, Petit Cabernet, Petit Cavernet Sauvignon, Petit Vidure, Petit-Bouchet, Petite Parde, Petite Vidure, Sauvignon, Sauvignon Rouge, Sauvignonne, Vaucluse, Veron, Vidure, Vidure Petite, Vidure Sauvignon, Vidure Sauvignonne.",France,"Château Grand-Puy-Lacoste 2013, Pauillac",Cabernet Sauvignon,France,Red,Savoury & Full Bodied
Cabernet Sauvignon,"Bidure, Bordaoux, Bordeaux, Bordo, Bouche, Bouchet, Bouchet Sauvignon, Bourdeos Tinto, Bouschet Sauvignon, Breton, Burdeos Tinto, Cabarnet Sauvignon, Caberne, Caberne Sovinion, Cabernet Petit, Cabernet Piccolo, Cabernet Sauvignon Black, Cabernet Sauvignon Blauer, Cabernet Sauvignon Cl. R5, Cabernet Sauvignon Crni, Cabernet Sauvignon Nero, Cabernet Sauvignon Noir, Cabernet Sauvignon Petit, Carbonet, Carbouet, Carmenet, Castet, Dzanati, Enfin, Epicier Noir, Kaberne Sovinjon, Kaberne Sovinon, Kaberne Sovinyon, Kabernet Suvinjon, Lafet, Lafit, Lafite, Marchoupet, Melkii Chernyi, Menut, Navarre, Petit Bouchet, Petit Bouschet, Petit Cabernet, Petit Cavernet Sauvignon, Petit Vidure, Petit-Bouchet, Petite Parde, Petite Vidure, Sauvignon, Sauvignon Rouge, Sauvignonne, Vaucluse, Veron, Vidure, Vidure Petite, Vidure Sauvignon, Vidure Sauvignonne.",France,"Louis Martini Cabernet Sauvignon 2017/18, Napa Valley",Cabernet Sauvignon,USA,Red,Savoury & Full Bodied
Cabernet Sauvignon,"Bidure, Bordaoux, Bordeaux, Bordo, Bouche, Bouchet, Bouchet Sauvignon, Bourdeos Tinto, Bouschet Sauvignon, Breton, Burdeos Tinto, Cabarnet Sauvignon, Caberne, Caberne Sovinion, Cabernet Petit, Cabernet Piccolo, Cabernet Sauvignon Black, Cabernet Sauvignon Blauer, Cabernet Sauvignon Cl. R5, Cabernet Sauvignon Crni, Cabernet Sauvignon Nero, Cabernet Sauvignon Noir, Cabernet Sauvignon Petit, Carbonet, Carbouet, Carmenet, Castet, Dzanati, Enfin, Epicier Noir, Kaberne Sovinjon, Kaberne Sovinon, Kaberne Sovinyon, Kabernet Suvinjon, Lafet, Lafit, Lafite, Marchoupet, Melkii Chernyi, Menut, Navarre, Petit Bouchet, Petit Bouschet, Petit Cabernet, Petit Cavernet Sauvignon, Petit Vidure, Petit-Bouchet, Petite Parde, Petite Vidure, Sauvignon, Sauvignon Rouge, Sauvignonne, Vaucluse, Veron, Vidure, Vidure Petite, Vidure Sauvignon, Vidure Sauvignonne.",France,"Vasse Felix 'Filius' Cabernet-Merlot 2020/21, Margaret River",Cabernet Sauvignon,Australia,Red,Savoury & Full Bodied
Cabernet Sauvignon,"Bidure, Bordaoux, Bordeaux, Bordo, Bouche, Bouchet, Bouchet Sauvignon, Bourdeos Tinto, Bouschet Sauvignon, Breton, Burdeos Tinto, Cabarnet Sauvignon, Caberne, Caberne Sovinion, Cabernet Petit, Cabernet Piccolo, Cabernet Sauvignon Black, Cabernet Sauvignon Blauer, Cabernet Sauvignon Cl. R5, Cabernet Sauvignon Crni, Cabernet Sauvignon Nero, Cabernet Sauvignon Noir, Cabernet Sauvignon Petit, Carbonet, Carbouet, Carmenet, Castet, Dzanati, Enfin, Epicier Noir, Kaberne Sovinjon, Kaberne Sovinon, Kaberne Sovinyon, Kabernet Suvinjon, Lafet, Lafit, Lafite, Marchoupet, Melkii Chernyi, Menut, Navarre, Petit Bouchet, Petit Bouschet, Petit Cabernet, Petit Cavernet Sauvignon, Petit Vidure, Petit-Bouchet, Petite Parde, Petite Vidure, Sauvignon, Sauvignon Rouge, Sauvignonne, Vaucluse, Veron, Vidure, Vidure Petite, Vidure Sauvignon, Vidure Sauvignonne.",France,Definition Pauillac 2017/18,Cabernet Sauvignon,France,Red,Savoury & Full Bodied
Cabernet Sauvignon,"Bidure, Bordaoux, Bordeaux, Bordo, Bouche, Bouchet, Bouchet Sauvignon, Bourdeos Tinto, Bouschet Sauvignon, Breton, Burdeos Tinto, Cabarnet Sauvignon, Caberne, Caberne Sovinion, Cabernet Petit, Cabernet Piccolo, Cabernet Sauvignon Black, Cabernet Sauvignon Blauer, Cabernet Sauvignon Cl. R5, Cabernet Sauvignon Crni, Cabernet Sauvignon Nero, Cabernet Sauvignon Noir, Cabernet Sauvignon Petit, Carbonet, Carbouet, Carmenet, Castet, Dzanati, Enfin, Epicier Noir, Kaberne Sovinjon, Kaberne Sovinon, Kaberne Sovinyon, Kabernet Suvinjon, Lafet, Lafit, Lafite, Marchoupet, Melkii Chernyi, Menut, Navarre, Petit Bouchet, Petit Bouschet, Petit Cabernet, Petit Cavernet Sauvignon, Petit Vidure, Petit-Bouchet, Petite Parde, Petite Vidure, Sauvignon, Sauvignon Rouge, Sauvignonne, Vaucluse, Veron, Vidure, Vidure Petite, Vidure Sauvignon, Vidure Sauvignonne.",France,"Chronic Cellars 'Sir Real' Cabernet Sauvignon 2020/21, Paso Robles",Cabernet Sauvignon,USA,Red,Savoury & Full Bodied
Cabernet Sauvignon,"Bidure, Bordaoux, Bordeaux, Bordo, Bouche, Bouchet, Bouchet Sauvignon, Bourdeos Tinto, Bouschet Sauvignon, Breton, Burdeos Tinto, Cabarnet Sauvignon, Caberne, Caberne Sovinion, Cabernet Petit, Cabernet Piccolo, Cabernet Sauvignon Black, Cabernet Sauvignon Blauer, Cabernet Sauvignon Cl. R5, Cabernet Sauvignon Crni, Cabernet Sauvignon Nero, Cabernet Sauvignon Noir, Cabernet Sauvignon Petit, Carbonet, Carbouet, Carmenet, Castet, Dzanati, Enfin, Epicier Noir, Kaberne Sovinjon, Kaberne Sovinon, Kaberne Sovinyon, Kabernet Suvinjon, Lafet, Lafit, Lafite, Marchoupet, Melkii Chernyi, Menut, Navarre, Petit Bouchet, Petit Bouschet, Petit Cabernet, Petit Cavernet Sauvignon, Petit Vidure, Petit-Bouchet, Petite Parde, Petite Vidure, Sauvignon, Sauvignon Rouge, Sauvignonne, Vaucluse, Veron, Vidure, Vidure Petite, Vidure Sauvignon, Vidure Sauvignonne.",France,"Louis M. Martini Cabernet Sauvignon 2017/18, Sonoma County",Cabernet Sauvignon,USA,Red,Smooth & Mellow
Cabernet Sauvignon,"Bidure, Bordaoux, Bordeaux, Bordo, Bouche, Bouchet, Bouchet Sauvignon, Bourdeos Tinto, Bouschet Sauvignon, Breton, Burdeos Tinto, Cabarnet Sauvignon, Caberne, Caberne Sovinion, Cabernet Petit, Cabernet Piccolo, Cabernet Sauvignon Black, Cabernet Sauvignon Blauer, Cabernet Sauvignon Cl. R5, Cabernet Sauvignon Crni, Cabernet Sauvignon Nero, Cabernet Sauvignon Noir, Cabernet Sauvignon Petit, Carbonet, Carbouet, Carmenet, Castet, Dzanati, Enfin, Epicier Noir, Kaberne Sovinjon, Kaberne Sovinon, Kaberne Sovinyon, Kabernet Suvinjon, Lafet, Lafit, Lafite, Marchoupet, Melkii Chernyi, Menut, Navarre, Petit Bouchet, Petit Bouschet, Petit Cabernet, Petit Cavernet Sauvignon, Petit Vidure, Petit-Bouchet, Petite Parde, Petite Vidure, Sauvignon, Sauvignon Rouge, Sauvignonne, Vaucluse, Veron, Vidure, Vidure Petite, Vidure Sauvignon, Vidure Sauvignonne.",France,"Guidalberto 2020/21 Tenuta San Guido, IGT Toscana",Cabernet Sauvignon,Italy,Red,Savoury & Full Bodied
Cabernet Sauvignon,"Bidure, Bordaoux, Bordeaux, Bordo, Bouche, Bouchet, Bouchet Sauvignon, Bourdeos Tinto, Bouschet Sauvignon, Breton, Burdeos Tinto, Cabarnet Sauvignon, Caberne, Caberne Sovinion, Cabernet Petit, Cabernet Piccolo, Cabernet Sauvignon Black, Cabernet Sauvignon Blauer, Cabernet Sauvignon Cl. R5, Cabernet Sauvignon Crni, Cabernet Sauvignon Nero, Cabernet Sauvignon Noir, Cabernet Sauvignon Petit, Carbonet, Carbouet, Carmenet, Castet, Dzanati, Enfin, Epicier Noir, Kaberne Sovinjon, Kaberne Sovinon, Kaberne Sovinyon, Kabernet Suvinjon, Lafet, Lafit, Lafite, Marchoupet, Melkii Chernyi, Menut, Navarre, Petit Bouchet, Petit Bouschet, Petit Cabernet, Petit Cavernet Sauvignon, Petit Vidure, Petit-Bouchet, Petite Parde, Petite Vidure, Sauvignon, Sauvignon Rouge, Sauvignonne, Vaucluse, Veron, Vidure, Vidure Petite, Vidure Sauvignon, Vidure Sauvignonne.",France,"Penfolds 'Bin 389' Cabernet Sauvignon-Shiraz 2019/21, Australia",Cabernet Sauvignon,Australia,Red,Savoury & Full Bodied
Cabernet Sauvignon,"Bidure, Bordaoux, Bordeaux, Bordo, Bouche, Bouchet, Bouchet Sauvignon, Bourdeos Tinto, Bouschet Sauvignon, Breton, Burdeos Tinto, Cabarnet Sauvignon, Caberne, Caberne Sovinion, Cabernet Petit, Cabernet Piccolo, Cabernet Sauvignon Black, Cabernet Sauvignon Blauer, Cabernet Sauvignon Cl. R5, Cabernet Sauvignon Crni, Cabernet Sauvignon Nero, Cabernet Sauvignon Noir, Cabernet Sauvignon Petit, Carbonet, Carbouet, Carmenet, Castet, Dzanati, Enfin, Epicier Noir, Kaberne Sovinjon, Kaberne Sovinon, Kaberne Sovinyon, Kabernet Suvinjon, Lafet, Lafit, Lafite, Marchoupet, Melkii Chernyi, Menut, Navarre, Petit Bouchet, Petit Bouschet, Petit Cabernet, Petit Cavernet Sauvignon, Petit Vidure, Petit-Bouchet, Petite Parde, Petite Vidure, Sauvignon, Sauvignon Rouge, Sauvignonne, Vaucluse, Veron, Vidure, Vidure Petite, Vidure Sauvignon, Vidure Sauvignonne.",France,"Petaluma ‘White Label’ Cabernet Sauvignon 2017/19, Coonawarra",Cabernet Sauvignon,Australia,Red,Savoury & Full Bodied
Cabernet Sauvignon,"Bidure, Bordaoux, Bordeaux, Bordo, Bouche, Bouchet, Bouchet Sauvignon, Bourdeos Tinto, Bouschet Sauvignon, Breton, Burdeos Tinto, Cabarnet Sauvignon, Caberne, Caberne Sovinion, Cabernet Petit, Cabernet Piccolo, Cabernet Sauvignon Black, Cabernet Sauvignon Blauer, Cabernet Sauvignon Cl. R5, Cabernet Sauvignon Crni, Cabernet Sauvignon Nero, Cabernet Sauvignon Noir, Cabernet Sauvignon Petit, Carbonet, Carbouet, Carmenet, Castet, Dzanati, Enfin, Epicier Noir, Kaberne Sovinjon, Kaberne Sovinon, Kaberne Sovinyon, Kabernet Suvinjon, Lafet, Lafit, Lafite, Marchoupet, Melkii Chernyi, Menut, Navarre, Petit Bouchet, Petit Bouschet, Petit Cabernet, Petit Cavernet Sauvignon, Petit Vidure, Petit-Bouchet, Petite Parde, Petite Vidure, Sauvignon, Sauvignon Rouge, Sauvignonne, Vaucluse, Veron, Vidure, Vidure Petite, Vidure Sauvignon, Vidure Sauvignonne.",France,"Three Vintners Cabernet Sauvignon 2018, South Australia",Cabernet Sauvignon,Australia,Red,Smooth & Mellow
Cabernet Sauvignon,"Bidure, Bordaoux, Bordeaux, Bordo, Bouche, Bouchet, Bouchet Sauvignon, Bourdeos Tinto, Bouschet Sauvignon, Breton, Burdeos Tinto, Cabarnet Sauvignon, Caberne, Caberne Sovinion, Cabernet Petit, Cabernet Piccolo, Cabernet Sauvignon Black, Cabernet Sauvignon Blauer, Cabernet Sauvignon Cl. R5, Cabernet Sauvignon Crni, Cabernet Sauvignon Nero, Cabernet Sauvignon Noir, Cabernet Sauvignon Petit, Carbonet, Carbouet, Carmenet, Castet, Dzanati, Enfin, Epicier Noir, Kaberne Sovinjon, Kaberne Sovinon, Kaberne Sovinyon, Kabernet Suvinjon, Lafet, Lafit, Lafite, Marchoupet, Melkii Chernyi, Menut, Navarre, Petit Bouchet, Petit Bouschet, Petit Cabernet, Petit Cavernet Sauvignon, Petit Vidure, Petit-Bouchet, Petite Parde, Petite Vidure, Sauvignon, Sauvignon Rouge, Sauvignonne, Vaucluse, Veron, Vidure, Vidure Petite, Vidure Sauvignon, Vidure Sauvignonne.",France,"Château de Sainte Gemme 2017, Haut-Médoc",Cabernet Sauvignon,France,Red,Savoury & Full Bodied
Cabernet Sauvignon,"Bidure, Bordaoux, Bordeaux, Bordo, Bouche, Bouchet, Bouchet Sauvignon, Bourdeos Tinto, Bouschet Sauvignon, Breton, Burdeos Tinto, Cabarnet Sauvignon, Caberne, Caberne Sovinion, Cabernet Petit, Cabernet Piccolo, Cabernet Sauvignon Black, Cabernet Sauvignon Blauer, Cabernet Sauvignon Cl. R5, Cabernet Sauvignon Crni, Cabernet Sauvignon Nero, Cabernet Sauvignon Noir, Cabernet Sauvignon Petit, Carbonet, Carbouet, Carmenet, Castet, Dzanati, Enfin, Epicier Noir, Kaberne Sovinjon, Kaberne Sovinon, Kaberne Sovinyon, Kabernet Suvinjon, Lafet, Lafit, Lafite, Marchoupet, Melkii Chernyi, Menut, Navarre, Petit Bouchet, Petit Bouschet, Petit Cabernet, Petit Cavernet Sauvignon, Petit Vidure, Petit-Bouchet, Petite Parde, Petite Vidure, Sauvignon, Sauvignon Rouge, Sauvignonne, Vaucluse, Veron, Vidure, Vidure Petite, Vidure Sauvignon, Vidure Sauvignonne.",France,"Dogajolo Carpineto 2019/20, Toscana",Cabernet Sauvignon,Italy,Red,Savoury & Full Bodied
Cabernet Sauvignon,"Bidure, Bordaoux, Bordeaux, Bordo, Bouche, Bouchet, Bouchet Sauvignon, Bourdeos Tinto, Bouschet Sauvignon, Breton, Burdeos Tinto, Cabarnet Sauvignon, Caberne, Caberne Sovinion, Cabernet Petit, Cabernet Piccolo, Cabernet Sauvignon Black, Cabernet Sauvignon Blauer, Cabernet Sauvignon Cl. R5, Cabernet Sauvignon Crni, Cabernet Sauvignon Nero, Cabernet Sauvignon Noir, Cabernet Sauvignon Petit, Carbonet, Carbouet, Carmenet, Castet, Dzanati, Enfin, Epicier Noir, Kaberne Sovinjon, Kaberne Sovinon, Kaberne Sovinyon, Kabernet Suvinjon, Lafet, Lafit, Lafite, Marchoupet, Melkii Chernyi, Menut, Navarre, Petit Bouchet, Petit Bouschet, Petit Cabernet, Petit Cavernet Sauvignon, Petit Vidure, Petit-Bouchet, Petite Parde, Petite Vidure, Sauvignon, Sauvignon Rouge, Sauvignonne, Vaucluse, Veron, Vidure, Vidure Petite, Vidure Sauvignon, Vidure Sauvignonne.",France,"Two Hands 'Sexy Beast' Cabernet Sauvignon 2021/22, McLaren Vale",Cabernet Sauvignon,Australia,Red,Soft & Fruity
Cabernet Sauvignon,"Bidure, Bordaoux, Bordeaux, Bordo, Bouche, Bouchet, Bouchet Sauvignon, Bourdeos Tinto, Bouschet Sauvignon, Breton, Burdeos Tinto, Cabarnet Sauvignon, Caberne, Caberne Sovinion, Cabernet Petit, Cabernet Piccolo, Cabernet Sauvignon Black, Cabernet Sauvignon Blauer, Cabernet Sauvignon Cl. R5, Cabernet Sauvignon Crni, Cabernet Sauvignon Nero, Cabernet Sauvignon Noir, Cabernet Sauvignon Petit, Carbonet, Carbouet, Carmenet, Castet, Dzanati, Enfin, Epicier Noir, Kaberne Sovinjon, Kaberne Sovinon, Kaberne Sovinyon, Kabernet Suvinjon, Lafet, Lafit, Lafite, Marchoupet, Melkii Chernyi, Menut, Navarre, Petit Bouchet, Petit Bouschet, Petit Cabernet, Petit Cavernet Sauvignon, Petit Vidure, Petit-Bouchet, Petite Parde, Petite Vidure, Sauvignon, Sauvignon Rouge, Sauvignonne, Vaucluse, Veron, Vidure, Vidure Petite, Vidure Sauvignon, Vidure Sauvignonne.",France,"Kanonkop ‘Paul Sauer’ 2018/19, Stellenbosch",Cabernet Sauvignon,South Africa,Red,Savoury & Full Bodied
Cabernet Sauvignon,"Bidure, Bordaoux, Bordeaux, Bordo, Bouche, Bouchet, Bouchet Sauvignon, Bourdeos Tinto, Bouschet Sauvignon, Breton, Burdeos Tinto, Cabarnet Sauvignon, Caberne, Caberne Sovinion, Cabernet Petit, Cabernet Piccolo, Cabernet Sauvignon Black, Cabernet Sauvignon Blauer, Cabernet Sauvignon Cl. R5, Cabernet Sauvignon Crni, Cabernet Sauvignon Nero, Cabernet Sauvignon Noir, Cabernet Sauvignon Petit, Carbonet, Carbouet, Carmenet, Castet, Dzanati, Enfin, Epicier Noir, Kaberne Sovinjon, Kaberne Sovinon, Kaberne Sovinyon, Kabernet Suvinjon, Lafet, Lafit, Lafite, Marchoupet, Melkii Chernyi, Menut, Navarre, Petit Bouchet, Petit Bouschet, Petit Cabernet, Petit Cavernet Sauvignon, Petit Vidure, Petit-Bouchet, Petite Parde, Petite Vidure, Sauvignon, Sauvignon Rouge, Sauvignonne, Vaucluse, Veron, Vidure, Vidure Petite, Vidure Sauvignon, Vidure Sauvignonne.",France,"Boekenhoutskloof Cabernet Sauvignon 2017/20, Stellenbosch",Cabernet Sauvignon,South Africa,Red,Savoury & Full Bodied
Cabernet Sauvignon,"Bidure, Bordaoux, Bordeaux, Bordo, Bouche, Bouchet, Bouchet Sauvignon, Bourdeos Tinto, Bouschet Sauvignon, Breton, Burdeos Tinto, Cabarnet Sauvignon, Caberne, Caberne Sovinion, Cabernet Petit, Cabernet Piccolo, Cabernet Sauvignon Black, Cabernet Sauvignon Blauer, Cabernet Sauvignon Cl. R5, Cabernet Sauvignon Crni, Cabernet Sauvignon Nero, Cabernet Sauvignon Noir, Cabernet Sauvignon Petit, Carbonet, Carbouet, Carmenet, Castet, Dzanati, Enfin, Epicier Noir, Kaberne Sovinjon, Kaberne Sovinon, Kaberne Sovinyon, Kabernet Suvinjon, Lafet, Lafit, Lafite, Marchoupet, Melkii Chernyi, Menut, Navarre, Petit Bouchet, Petit Bouschet, Petit Cabernet, Petit Cavernet Sauvignon, Petit Vidure, Petit-Bouchet, Petite Parde, Petite Vidure, Sauvignon, Sauvignon Rouge, Sauvignonne, Vaucluse, Veron, Vidure, Vidure Petite, Vidure Sauvignon, Vidure Sauvignonne.",France,"Château Citran 'Moulins de Citran' 2010/12, Haut-Médoc",Cabernet Sauvignon,France,Red,Savoury & Full Bodied
Cabernet Sauvignon,"Bidure, Bordaoux, Bordeaux, Bordo, Bouche, Bouchet, Bouchet Sauvignon, Bourdeos Tinto, Bouschet Sauvignon, Breton, Burdeos Tinto, Cabarnet Sauvignon, Caberne, Caberne Sovinion, Cabernet Petit, Cabernet Piccolo, Cabernet Sauvignon Black, Cabernet Sauvignon Blauer, Cabernet Sauvignon Cl. R5, Cabernet Sauvignon Crni, Cabernet Sauvignon Nero, Cabernet Sauvignon Noir, Cabernet Sauvignon Petit, Carbonet, Carbouet, Carmenet, Castet, Dzanati, Enfin, Epicier Noir, Kaberne Sovinjon, Kaberne Sovinon, Kaberne Sovinyon, Kabernet Suvinjon, Lafet, Lafit, Lafite, Marchoupet, Melkii Chernyi, Menut, Navarre, Petit Bouchet, Petit Bouschet, Petit Cabernet, Petit Cavernet Sauvignon, Petit Vidure, Petit-Bouchet, Petite Parde, Petite Vidure, Sauvignon, Sauvignon Rouge, Sauvignonne, Vaucluse, Veron, Vidure, Vidure Petite, Vidure Sauvignon, Vidure Sauvignonne.",France,"Vergelegen ‘Mill Race’ Cabernet Sauvignon-Merlot 2019, Stellenbosch",Cabernet Sauvignon,South Africa,Red,Savoury & Full Bodied
Cabernet Sauvignon,"Bidure, Bordaoux, Bordeaux, Bordo, Bouche, Bouchet, Bouchet Sauvignon, Bourdeos Tinto, Bouschet Sauvignon, Breton, Burdeos Tinto, Cabarnet Sauvignon, Caberne, Caberne Sovinion, Cabernet Petit, Cabernet Piccolo, Cabernet Sauvignon Black, Cabernet Sauvignon Blauer, Cabernet Sauvignon Cl. R5, Cabernet Sauvignon Crni, Cabernet Sauvignon Nero, Cabernet Sauvignon Noir, Cabernet Sauvignon Petit, Carbonet, Carbouet, Carmenet, Castet, Dzanati, Enfin, Epicier Noir, Kaberne Sovinjon, Kaberne Sovinon, Kaberne Sovinyon, Kabernet Suvinjon, Lafet, Lafit, Lafite, Marchoupet, Melkii Chernyi, Menut, Navarre, Petit Bouchet, Petit Bouschet, Petit Cabernet, Petit Cavernet Sauvignon, Petit Vidure, Petit-Bouchet, Petite Parde, Petite Vidure, Sauvignon, Sauvignon Rouge, Sauvignonne, Vaucluse, Veron, Vidure, Vidure Petite, Vidure Sauvignon, Vidure Sauvignonne.",France,"Château de Pennautier 2020/21, Cabardès",Cabernet Sauvignon,France,Red,Bold & Spicy
Cabernet Sauvignon,"Bidure, Bordaoux, Bordeaux, Bordo, Bouche, Bouchet, Bouchet Sauvignon, Bourdeos Tinto, Bouschet Sauvignon, Breton, Burdeos Tinto, Cabarnet Sauvignon, Caberne, Caberne Sovinion, Cabernet Petit, Cabernet Piccolo, Cabernet Sauvignon Black, Cabernet Sauvignon Blauer, Cabernet Sauvignon Cl. R5, Cabernet Sauvignon Crni, Cabernet Sauvignon Nero, Cabernet Sauvignon Noir, Cabernet Sauvignon Petit, Carbonet, Carbouet, Carmenet, Castet, Dzanati, Enfin, Epicier Noir, Kaberne Sovinjon, Kaberne Sovinon, Kaberne Sovinyon, Kabernet Suvinjon, Lafet, Lafit, Lafite, Marchoupet, Melkii Chernyi, Menut, Navarre, Petit Bouchet, Petit Bouschet, Petit Cabernet, Petit Cavernet Sauvignon, Petit Vidure, Petit-Bouchet, Petite Parde, Petite Vidure, Sauvignon, Sauvignon Rouge, Sauvignonne, Vaucluse, Veron, Vidure, Vidure Petite, Vidure Sauvignon, Vidure Sauvignonne.",France,"Château Pichon Baron 'Les Griffons de Pichon Baron' 2015, Pauillac",Cabernet Sauvignon,France,Red,Savoury & Full Bodied
Cabernet Sauvignon,"Bidure, Bordaoux, Bordeaux, Bordo, Bouche, Bouchet, Bouchet Sauvignon, Bourdeos Tinto, Bouschet Sauvignon, Breton, Burdeos Tinto, Cabarnet Sauvignon, Caberne, Caberne Sovinion, Cabernet Petit, Cabernet Piccolo, Cabernet Sauvignon Black, Cabernet Sauvignon Blauer, Cabernet Sauvignon Cl. R5, Cabernet Sauvignon Crni, Cabernet Sauvignon Nero, Cabernet Sauvignon Noir, Cabernet Sauvignon Petit, Carbonet, Carbouet, Carmenet, Castet, Dzanati, Enfin, Epicier Noir, Kaberne Sovinjon, Kaberne Sovinon, Kaberne Sovinyon, Kabernet Suvinjon, Lafet, Lafit, Lafite, Marchoupet, Melkii Chernyi, Menut, Navarre, Petit Bouchet, Petit Bouschet, Petit Cabernet, Petit Cavernet Sauvignon, Petit Vidure, Petit-Bouchet, Petite Parde, Petite Vidure, Sauvignon, Sauvignon Rouge, Sauvignonne, Vaucluse, Veron, Vidure, Vidure Petite, Vidure Sauvignon, Vidure Sauvignonne.",France,"Orin Swift Palermo 2019/21, California",Cabernet Sauvignon,USA,Red,Savoury & Full Bodied
Cabernet Sauvignon,"Bidure, Bordaoux, Bordeaux, Bordo, Bouche, Bouchet, Bouchet Sauvignon, Bourdeos Tinto, Bouschet Sauvignon, Breton, Burdeos Tinto, Cabarnet Sauvignon, Caberne, Caberne Sovinion, Cabernet Petit, Cabernet Piccolo, Cabernet Sauvignon Black, Cabernet Sauvignon Blauer, Cabernet Sauvignon Cl. R5, Cabernet Sauvignon Crni, Cabernet Sauvignon Nero, Cabernet Sauvignon Noir, Cabernet Sauvignon Petit, Carbonet, Carbouet, Carmenet, Castet, Dzanati, Enfin, Epicier Noir, Kaberne Sovinjon, Kaberne Sovinon, Kaberne Sovinyon, Kabernet Suvinjon, Lafet, Lafit, Lafite, Marchoupet, Melkii Chernyi, Menut, Navarre, Petit Bouchet, Petit Bouschet, Petit Cabernet, Petit Cavernet Sauvignon, Petit Vidure, Petit-Bouchet, Petite Parde, Petite Vidure, Sauvignon, Sauvignon Rouge, Sauvignonne, Vaucluse, Veron, Vidure, Vidure Petite, Vidure Sauvignon, Vidure Sauvignonne.",France,"Jim Barry 'Cover Drive' Cabernet Sauvignon 2019/20, Australia",Cabernet Sauvignon,Australia,Red,Savoury & Full Bodied
Cabernet Sauvignon,"Bidure, Bordaoux, Bordeaux, Bordo, Bouche, Bouchet, Bouchet Sauvignon, Bourdeos Tinto, Bouschet Sauvignon, Breton, Burdeos Tinto, Cabarnet Sauvignon, Caberne, Caberne Sovinion, Cabernet Petit, Cabernet Piccolo, Cabernet Sauvignon Black, Cabernet Sauvignon Blauer, Cabernet Sauvignon Cl. R5, Cabernet Sauvignon Crni, Cabernet Sauvignon Nero, Cabernet Sauvignon Noir, Cabernet Sauvignon Petit, Carbonet, Carbouet, Carmenet, Castet, Dzanati, Enfin, Epicier Noir, Kaberne Sovinjon, Kaberne Sovinon, Kaberne Sovinyon, Kabernet Suvinjon, Lafet, Lafit, Lafite, Marchoupet, Melkii Chernyi, Menut, Navarre, Petit Bouchet, Petit Bouschet, Petit Cabernet, Petit Cavernet Sauvignon, Petit Vidure, Petit-Bouchet, Petite Parde, Petite Vidure, Sauvignon, Sauvignon Rouge, Sauvignonne, Vaucluse, Veron, Vidure, Vidure Petite, Vidure Sauvignon, Vidure Sauvignonne.",France,"19 Crimes Cabernet Sauvignon 2020/21, Australia",Cabernet Sauvignon,Australia,Red,Rich & Juicy
Cabernet Sauvignon,"Bidure, Bordaoux, Bordeaux, Bordo, Bouche, Bouchet, Bouchet Sauvignon, Bourdeos Tinto, Bouschet Sauvignon, Breton, Burdeos Tinto, Cabarnet Sauvignon, Caberne, Caberne Sovinion, Cabernet Petit, Cabernet Piccolo, Cabernet Sauvignon Black, Cabernet Sauvignon Blauer, Cabernet Sauvignon Cl. R5, Cabernet Sauvignon Crni, Cabernet Sauvignon Nero, Cabernet Sauvignon Noir, Cabernet Sauvignon Petit, Carbonet, Carbouet, Carmenet, Castet, Dzanati, Enfin, Epicier Noir, Kaberne Sovinjon, Kaberne Sovinon, Kaberne Sovinyon, Kabernet Suvinjon, Lafet, Lafit, Lafite, Marchoupet, Melkii Chernyi, Menut, Navarre, Petit Bouchet, Petit Bouschet, Petit Cabernet, Petit Cavernet Sauvignon, Petit Vidure, Petit-Bouchet, Petite Parde, Petite Vidure, Sauvignon, Sauvignon Rouge, Sauvignonne, Vaucluse, Veron, Vidure, Vidure Petite, Vidure Sauvignon, Vidure Sauvignonne.",France,"Vieux Château Landon 2012, Médoc",Cabernet Sauvignon,France,Red,Savoury & Full Bodied
Cabernet Sauvignon,"Bidure, Bordaoux, Bordeaux, Bordo, Bouche, Bouchet, Bouchet Sauvignon, Bourdeos Tinto, Bouschet Sauvignon, Breton, Burdeos Tinto, Cabarnet Sauvignon, Caberne, Caberne Sovinion, Cabernet Petit, Cabernet Piccolo, Cabernet Sauvignon Black, Cabernet Sauvignon Blauer, Cabernet Sauvignon Cl. R5, Cabernet Sauvignon Crni, Cabernet Sauvignon Nero, Cabernet Sauvignon Noir, Cabernet Sauvignon Petit, Carbonet, Carbouet, Carmenet, Castet, Dzanati, Enfin, Epicier Noir, Kaberne Sovinjon, Kaberne Sovinon, Kaberne Sovinyon, Kabernet Suvinjon, Lafet, Lafit, Lafite, Marchoupet, Melkii Chernyi, Menut, Navarre, Petit Bouchet, Petit Bouschet, Petit Cabernet, Petit Cavernet Sauvignon, Petit Vidure, Petit-Bouchet, Petite Parde, Petite Vidure, Sauvignon, Sauvignon Rouge, Sauvignonne, Vaucluse, Veron, Vidure, Vidure Petite, Vidure Sauvignon, Vidure Sauvignonne.",France,Charmes de Kirwan Margaux 2019,Cabernet Sauvignon,France,Red,Savoury & Full Bodied
Cabernet Sauvignon,"Bidure, Bordaoux, Bordeaux, Bordo, Bouche, Bouchet, Bouchet Sauvignon, Bourdeos Tinto, Bouschet Sauvignon, Breton, Burdeos Tinto, Cabarnet Sauvignon, Caberne, Caberne Sovinion, Cabernet Petit, Cabernet Piccolo, Cabernet Sauvignon Black, Cabernet Sauvignon Blauer, Cabernet Sauvignon Cl. R5, Cabernet Sauvignon Crni, Cabernet Sauvignon Nero, Cabernet Sauvignon Noir, Cabernet Sauvignon Petit, Carbonet, Carbouet, Carmenet, Castet, Dzanati, Enfin, Epicier Noir, Kaberne Sovinjon, Kaberne Sovinon, Kaberne Sovinyon, Kabernet Suvinjon, Lafet, Lafit, Lafite, Marchoupet, Melkii Chernyi, Menut, Navarre, Petit Bouchet, Petit Bouschet, Petit Cabernet, Petit Cavernet Sauvignon, Petit Vidure, Petit-Bouchet, Petite Parde, Petite Vidure, Sauvignon, Sauvignon Rouge, Sauvignonne, Vaucluse, Veron, Vidure, Vidure Petite, Vidure Sauvignon, Vidure Sauvignonne.",France,Definition Margaux 2018/19,Cabernet Sauvignon,France,Red,Savoury & Full Bodied
Cabernet Sauvignon,"Bidure, Bordaoux, Bordeaux, Bordo, Bouche, Bouchet, Bouchet Sauvignon, Bourdeos Tinto, Bouschet Sauvignon, Breton, Burdeos Tinto, Cabarnet Sauvignon, Caberne, Caberne Sovinion, Cabernet Petit, Cabernet Piccolo, Cabernet Sauvignon Black, Cabernet Sauvignon Blauer, Cabernet Sauvignon Cl. R5, Cabernet Sauvignon Crni, Cabernet Sauvignon Nero, Cabernet Sauvignon Noir, Cabernet Sauvignon Petit, Carbonet, Carbouet, Carmenet, Castet, Dzanati, Enfin, Epicier Noir, Kaberne Sovinjon, Kaberne Sovinon, Kaberne Sovinyon, Kabernet Suvinjon, Lafet, Lafit, Lafite, Marchoupet, Melkii Chernyi, Menut, Navarre, Petit Bouchet, Petit Bouschet, Petit Cabernet, Petit Cavernet Sauvignon, Petit Vidure, Petit-Bouchet, Petite Parde, Petite Vidure, Sauvignon, Sauvignon Rouge, Sauvignonne, Vaucluse, Veron, Vidure, Vidure Petite, Vidure Sauvignon, Vidure Sauvignonne.",France,Grattamacco Organic Bolgheri Rosso DOC 2020/21,Cabernet Sauvignon,Italy,Red,Savoury & Full Bodied
Cabernet Sauvignon,"Bidure, Bordaoux, Bordeaux, Bordo, Bouche, Bouchet, Bouchet Sauvignon, Bourdeos Tinto, Bouschet Sauvignon, Breton, Burdeos Tinto, Cabarnet Sauvignon, Caberne, Caberne Sovinion, Cabernet Petit, Cabernet Piccolo, Cabernet Sauvignon Black, Cabernet Sauvignon Blauer, Cabernet Sauvignon Cl. R5, Cabernet Sauvignon Crni, Cabernet Sauvignon Nero, Cabernet Sauvignon Noir, Cabernet Sauvignon Petit, Carbonet, Carbouet, Carmenet, Castet, Dzanati, Enfin, Epicier Noir, Kaberne Sovinjon, Kaberne Sovinon, Kaberne Sovinyon, Kabernet Suvinjon, Lafet, Lafit, Lafite, Marchoupet, Melkii Chernyi, Menut, Navarre, Petit Bouchet, Petit Bouschet, Petit Cabernet, Petit Cavernet Sauvignon, Petit Vidure, Petit-Bouchet, Petite Parde, Petite Vidure, Sauvignon, Sauvignon Rouge, Sauvignonne, Vaucluse, Veron, Vidure, Vidure Petite, Vidure Sauvignon, Vidure Sauvignonne.",France,Château Bel Air Bergerac Rouge 2020,Cabernet Sauvignon,France,Red,Smooth & Mellow
Cabernet Sauvignon,"Bidure, Bordaoux, Bordeaux, Bordo, Bouche, Bouchet, Bouchet Sauvignon, Bourdeos Tinto, Bouschet Sauvignon, Breton, Burdeos Tinto, Cabarnet Sauvignon, Caberne, Caberne Sovinion, Cabernet Petit, Cabernet Piccolo, Cabernet Sauvignon Black, Cabernet Sauvignon Blauer, Cabernet Sauvignon Cl. R5, Cabernet Sauvignon Crni, Cabernet Sauvignon Nero, Cabernet Sauvignon Noir, Cabernet Sauvignon Petit, Carbonet, Carbouet, Carmenet, Castet, Dzanati, Enfin, Epicier Noir, Kaberne Sovinjon, Kaberne Sovinon, Kaberne Sovinyon, Kabernet Suvinjon, Lafet, Lafit, Lafite, Marchoupet, Melkii Chernyi, Menut, Navarre, Petit Bouchet, Petit Bouschet, Petit Cabernet, Petit Cavernet Sauvignon, Petit Vidure, Petit-Bouchet, Petite Parde, Petite Vidure, Sauvignon, Sauvignon Rouge, Sauvignonne, Vaucluse, Veron, Vidure, Vidure Petite, Vidure Sauvignon, Vidure Sauvignonne.",France,"Château du Tertre 'Les Hauts du Tertre' 2018, Margaux",Cabernet Sauvignon,France,Red,Savoury & Full Bodied
Cabernet Sauvignon,"Bidure, Bordaoux, Bordeaux, Bordo, Bouche, Bouchet, Bouchet Sauvignon, Bourdeos Tinto, Bouschet Sauvignon, Breton, Burdeos Tinto, Cabarnet Sauvignon, Caberne, Caberne Sovinion, Cabernet Petit, Cabernet Piccolo, Cabernet Sauvignon Black, Cabernet Sauvignon Blauer, Cabernet Sauvignon Cl. R5, Cabernet Sauvignon Crni, Cabernet Sauvignon Nero, Cabernet Sauvignon Noir, Cabernet Sauvignon Petit, Carbonet, Carbouet, Carmenet, Castet, Dzanati, Enfin, Epicier Noir, Kaberne Sovinjon, Kaberne Sovinon, Kaberne Sovinyon, Kabernet Suvinjon, Lafet, Lafit, Lafite, Marchoupet, Melkii Chernyi, Menut, Navarre, Petit Bouchet, Petit Bouschet, Petit Cabernet, Petit Cavernet Sauvignon, Petit Vidure, Petit-Bouchet, Petite Parde, Petite Vidure, Sauvignon, Sauvignon Rouge, Sauvignonne, Vaucluse, Veron, Vidure, Vidure Petite, Vidure Sauvignon, Vidure Sauvignonne.",France,"Château Coufran Cru Bourgeois Supérieur 2007, Haut-Médoc",Cabernet Sauvignon,France,Red,Savoury & Full Bodied
Cabernet Sauvignon,"Bidure, Bordaoux, Bordeaux, Bordo, Bouche, Bouchet, Bouchet Sauvignon, Bourdeos Tinto, Bouschet Sauvignon, Breton, Burdeos Tinto, Cabarnet Sauvignon, Caberne, Caberne Sovinion, Cabernet Petit, Cabernet Piccolo, Cabernet Sauvignon Black, Cabernet Sauvignon Blauer, Cabernet Sauvignon Cl. R5, Cabernet Sauvignon Crni, Cabernet Sauvignon Nero, Cabernet Sauvignon Noir, Cabernet Sauvignon Petit, Carbonet, Carbouet, Carmenet, Castet, Dzanati, Enfin, Epicier Noir, Kaberne Sovinjon, Kaberne Sovinon, Kaberne Sovinyon, Kabernet Suvinjon, Lafet, Lafit, Lafite, Marchoupet, Melkii Chernyi, Menut, Navarre, Petit Bouchet, Petit Bouschet, Petit Cabernet, Petit Cavernet Sauvignon, Petit Vidure, Petit-Bouchet, Petite Parde, Petite Vidure, Sauvignon, Sauvignon Rouge, Sauvignonne, Vaucluse, Veron, Vidure, Vidure Petite, Vidure Sauvignon, Vidure Sauvignonne.",France,"Chateau Ste. Michelle Cabernet Sauvignon 2018/19, Columbia Valley",Cabernet Sauvignon,USA,Red,Savoury & Full Bodied
Cabernet Sauvignon,"Bidure, Bordaoux, Bordeaux, Bordo, Bouche, Bouchet, Bouchet Sauvignon, Bourdeos Tinto, Bouschet Sauvignon, Breton, Burdeos Tinto, Cabarnet Sauvignon, Caberne, Caberne Sovinion, Cabernet Petit, Cabernet Piccolo, Cabernet Sauvignon Black, Cabernet Sauvignon Blauer, Cabernet Sauvignon Cl. R5, Cabernet Sauvignon Crni, Cabernet Sauvignon Nero, Cabernet Sauvignon Noir, Cabernet Sauvignon Petit, Carbonet, Carbouet, Carmenet, Castet, Dzanati, Enfin, Epicier Noir, Kaberne Sovinjon, Kaberne Sovinon, Kaberne Sovinyon, Kabernet Suvinjon, Lafet, Lafit, Lafite, Marchoupet, Melkii Chernyi, Menut, Navarre, Petit Bouchet, Petit Bouschet, Petit Cabernet, Petit Cavernet Sauvignon, Petit Vidure, Petit-Bouchet, Petite Parde, Petite Vidure, Sauvignon, Sauvignon Rouge, Sauvignonne, Vaucluse, Veron, Vidure, Vidure Petite, Vidure Sauvignon, Vidure Sauvignonne.",France,"Château Tour Haut-Caussan 2014/17, Médoc",Cabernet Sauvignon,France,Red,Savoury & Full Bodied
Cabernet Sauvignon,"Bidure, Bordaoux, Bordeaux, Bordo, Bouche, Bouchet, Bouchet Sauvignon, Bourdeos Tinto, Bouschet Sauvignon, Breton, Burdeos Tinto, Cabarnet Sauvignon, Caberne, Caberne Sovinion, Cabernet Petit, Cabernet Piccolo, Cabernet Sauvignon Black, Cabernet Sauvignon Blauer, Cabernet Sauvignon Cl. R5, Cabernet Sauvignon Crni, Cabernet Sauvignon Nero, Cabernet Sauvignon Noir, Cabernet Sauvignon Petit, Carbonet, Carbouet, Carmenet, Castet, Dzanati, Enfin, Epicier Noir, Kaberne Sovinjon, Kaberne Sovinon, Kaberne Sovinyon, Kabernet Suvinjon, Lafet, Lafit, Lafite, Marchoupet, Melkii Chernyi, Menut, Navarre, Petit Bouchet, Petit Bouschet, Petit Cabernet, Petit Cavernet Sauvignon, Petit Vidure, Petit-Bouchet, Petite Parde, Petite Vidure, Sauvignon, Sauvignon Rouge, Sauvignonne, Vaucluse, Veron, Vidure, Vidure Petite, Vidure Sauvignon, Vidure Sauvignonne.",France,"Montes ‘Alpha’ Cabernet 2018, Colchagua Valley",Cabernet Sauvignon,Chile,Red,Bold & Spicy
Cabernet Sauvignon,"Bidure, Bordaoux, Bordeaux, Bordo, Bouche, Bouchet, Bouchet Sauvignon, Bourdeos Tinto, Bouschet Sauvignon, Breton, Burdeos Tinto, Cabarnet Sauvignon, Caberne, Caberne Sovinion, Cabernet Petit, Cabernet Piccolo, Cabernet Sauvignon Black, Cabernet Sauvignon Blauer, Cabernet Sauvignon Cl. R5, Cabernet Sauvignon Crni, Cabernet Sauvignon Nero, Cabernet Sauvignon Noir, Cabernet Sauvignon Petit, Carbonet, Carbouet, Carmenet, Castet, Dzanati, Enfin, Epicier Noir, Kaberne Sovinjon, Kaberne Sovinon, Kaberne Sovinyon, Kabernet Suvinjon, Lafet, Lafit, Lafite, Marchoupet, Melkii Chernyi, Menut, Navarre, Petit Bouchet, Petit Bouschet, Petit Cabernet, Petit Cavernet Sauvignon, Petit Vidure, Petit-Bouchet, Petite Parde, Petite Vidure, Sauvignon, Sauvignon Rouge, Sauvignonne, Vaucluse, Veron, Vidure, Vidure Petite, Vidure Sauvignon, Vidure Sauvignonne.",France,"Château Rauzan-Ségla 'Ségla' 2014/16, Margaux",Cabernet Sauvignon,France,Red,Savoury & Full Bodied
Cabernet Sauvignon,"Bidure, Bordaoux, Bordeaux, Bordo, Bouche, Bouchet, Bouchet Sauvignon, Bourdeos Tinto, Bouschet Sauvignon, Breton, Burdeos Tinto, Cabarnet Sauvignon, Caberne, Caberne Sovinion, Cabernet Petit, Cabernet Piccolo, Cabernet Sauvignon Black, Cabernet Sauvignon Blauer, Cabernet Sauvignon Cl. R5, Cabernet Sauvignon Crni, Cabernet Sauvignon Nero, Cabernet Sauvignon Noir, Cabernet Sauvignon Petit, Carbonet, Carbouet, Carmenet, Castet, Dzanati, Enfin, Epicier Noir, Kaberne Sovinjon, Kaberne Sovinon, Kaberne Sovinyon, Kabernet Suvinjon, Lafet, Lafit, Lafite, Marchoupet, Melkii Chernyi, Menut, Navarre, Petit Bouchet, Petit Bouschet, Petit Cabernet, Petit Cavernet Sauvignon, Petit Vidure, Petit-Bouchet, Petite Parde, Petite Vidure, Sauvignon, Sauvignon Rouge, Sauvignonne, Vaucluse, Veron, Vidure, Vidure Petite, Vidure Sauvignon, Vidure Sauvignonne.",France,"Château la Garde 2013/14, Pessac-Léognan",Cabernet Sauvignon,France,Red,Savoury & Full Bodied
Cabernet Sauvignon,"Bidure, Bordaoux, Bordeaux, Bordo, Bouche, Bouchet, Bouchet Sauvignon, Bourdeos Tinto, Bouschet Sauvignon, Breton, Burdeos Tinto, Cabarnet Sauvignon, Caberne, Caberne Sovinion, Cabernet Petit, Cabernet Piccolo, Cabernet Sauvignon Black, Cabernet Sauvignon Blauer, Cabernet Sauvignon Cl. R5, Cabernet Sauvignon Crni, Cabernet Sauvignon Nero, Cabernet Sauvignon Noir, Cabernet Sauvignon Petit, Carbonet, Carbouet, Carmenet, Castet, Dzanati, Enfin, Epicier Noir, Kaberne Sovinjon, Kaberne Sovinon, Kaberne Sovinyon, Kabernet Suvinjon, Lafet, Lafit, Lafite, Marchoupet, Melkii Chernyi, Menut, Navarre, Petit Bouchet, Petit Bouschet, Petit Cabernet, Petit Cavernet Sauvignon, Petit Vidure, Petit-Bouchet, Petite Parde, Petite Vidure, Sauvignon, Sauvignon Rouge, Sauvignonne, Vaucluse, Veron, Vidure, Vidure Petite, Vidure Sauvignon, Vidure Sauvignonne.",France,"Errazuriz Max Reserva Cabernet 2019/21, Aconcagua Valley",Cabernet Sauvignon,Chile,Red,Savoury & Full Bodied
Cabernet Sauvignon,"Bidure, Bordaoux, Bordeaux, Bordo, Bouche, Bouchet, Bouchet Sauvignon, Bourdeos Tinto, Bouschet Sauvignon, Breton, Burdeos Tinto, Cabarnet Sauvignon, Caberne, Caberne Sovinion, Cabernet Petit, Cabernet Piccolo, Cabernet Sauvignon Black, Cabernet Sauvignon Blauer, Cabernet Sauvignon Cl. R5, Cabernet Sauvignon Crni, Cabernet Sauvignon Nero, Cabernet Sauvignon Noir, Cabernet Sauvignon Petit, Carbonet, Carbouet, Carmenet, Castet, Dzanati, Enfin, Epicier Noir, Kaberne Sovinjon, Kaberne Sovinon, Kaberne Sovinyon, Kabernet Suvinjon, Lafet, Lafit, Lafite, Marchoupet, Melkii Chernyi, Menut, Navarre, Petit Bouchet, Petit Bouschet, Petit Cabernet, Petit Cavernet Sauvignon, Petit Vidure, Petit-Bouchet, Petite Parde, Petite Vidure, Sauvignon, Sauvignon Rouge, Sauvignonne, Vaucluse, Veron, Vidure, Vidure Petite, Vidure Sauvignon, Vidure Sauvignonne.",France,"Wynns Coonawarra Estate 'Black Label' Cabernet Sauvignon 2017/18/19, Coonawarra",Cabernet Sauvignon,Australia,Red,Smooth & Mellow
Cabernet Sauvignon,"Bidure, Bordaoux, Bordeaux, Bordo, Bouche, Bouchet, Bouchet Sauvignon, Bourdeos Tinto, Bouschet Sauvignon, Breton, Burdeos Tinto, Cabarnet Sauvignon, Caberne, Caberne Sovinion, Cabernet Petit, Cabernet Piccolo, Cabernet Sauvignon Black, Cabernet Sauvignon Blauer, Cabernet Sauvignon Cl. R5, Cabernet Sauvignon Crni, Cabernet Sauvignon Nero, Cabernet Sauvignon Noir, Cabernet Sauvignon Petit, Carbonet, Carbouet, Carmenet, Castet, Dzanati, Enfin, Epicier Noir, Kaberne Sovinjon, Kaberne Sovinon, Kaberne Sovinyon, Kabernet Suvinjon, Lafet, Lafit, Lafite, Marchoupet, Melkii Chernyi, Menut, Navarre, Petit Bouchet, Petit Bouschet, Petit Cabernet, Petit Cavernet Sauvignon, Petit Vidure, Petit-Bouchet, Petite Parde, Petite Vidure, Sauvignon, Sauvignon Rouge, Sauvignonne, Vaucluse, Veron, Vidure, Vidure Petite, Vidure Sauvignon, Vidure Sauvignonne.",France,"Duckhorn Cabernet Sauvignon 2018/19, California",Cabernet Sauvignon,USA,Red,Savoury & Full Bodied
Cabernet Sauvignon,"Bidure, Bordaoux, Bordeaux, Bordo, Bouche, Bouchet, Bouchet Sauvignon, Bourdeos Tinto, Bouschet Sauvignon, Breton, Burdeos Tinto, Cabarnet Sauvignon, Caberne, Caberne Sovinion, Cabernet Petit, Cabernet Piccolo, Cabernet Sauvignon Black, Cabernet Sauvignon Blauer, Cabernet Sauvignon Cl. R5, Cabernet Sauvignon Crni, Cabernet Sauvignon Nero, Cabernet Sauvignon Noir, Cabernet Sauvignon Petit, Carbonet, Carbouet, Carmenet, Castet, Dzanati, Enfin, Epicier Noir, Kaberne Sovinjon, Kaberne Sovinon, Kaberne Sovinyon, Kabernet Suvinjon, Lafet, Lafit, Lafite, Marchoupet, Melkii Chernyi, Menut, Navarre, Petit Bouchet, Petit Bouschet, Petit Cabernet, Petit Cavernet Sauvignon, Petit Vidure, Petit-Bouchet, Petite Parde, Petite Vidure, Sauvignon, Sauvignon Rouge, Sauvignonne, Vaucluse, Veron, Vidure, Vidure Petite, Vidure Sauvignon, Vidure Sauvignonne.",France,Château Lagrange St Julien 2010,Cabernet Sauvignon,France,Red,Savoury & Full Bodied
Cabernet Sauvignon,"Bidure, Bordaoux, Bordeaux, Bordo, Bouche, Bouchet, Bouchet Sauvignon, Bourdeos Tinto, Bouschet Sauvignon, Breton, Burdeos Tinto, Cabarnet Sauvignon, Caberne, Caberne Sovinion, Cabernet Petit, Cabernet Piccolo, Cabernet Sauvignon Black, Cabernet Sauvignon Blauer, Cabernet Sauvignon Cl. R5, Cabernet Sauvignon Crni, Cabernet Sauvignon Nero, Cabernet Sauvignon Noir, Cabernet Sauvignon Petit, Carbonet, Carbouet, Carmenet, Castet, Dzanati, Enfin, Epicier Noir, Kaberne Sovinjon, Kaberne Sovinon, Kaberne Sovinyon, Kabernet Suvinjon, Lafet, Lafit, Lafite, Marchoupet, Melkii Chernyi, Menut, Navarre, Petit Bouchet, Petit Bouschet, Petit Cabernet, Petit Cavernet Sauvignon, Petit Vidure, Petit-Bouchet, Petite Parde, Petite Vidure, Sauvignon, Sauvignon Rouge, Sauvignonne, Vaucluse, Veron, Vidure, Vidure Petite, Vidure Sauvignon, Vidure Sauvignonne.",France,"Château Livran 2014, Médoc",Cabernet Sauvignon,France,Red,Savoury & Full Bodied
Cabernet Sauvignon,"Bidure, Bordaoux, Bordeaux, Bordo, Bouche, Bouchet, Bouchet Sauvignon, Bourdeos Tinto, Bouschet Sauvignon, Breton, Burdeos Tinto, Cabarnet Sauvignon, Caberne, Caberne Sovinion, Cabernet Petit, Cabernet Piccolo, Cabernet Sauvignon Black, Cabernet Sauvignon Blauer, Cabernet Sauvignon Cl. R5, Cabernet Sauvignon Crni, Cabernet Sauvignon Nero, Cabernet Sauvignon Noir, Cabernet Sauvignon Petit, Carbonet, Carbouet, Carmenet, Castet, Dzanati, Enfin, Epicier Noir, Kaberne Sovinjon, Kaberne Sovinon, Kaberne Sovinyon, Kabernet Suvinjon, Lafet, Lafit, Lafite, Marchoupet, Melkii Chernyi, Menut, Navarre, Petit Bouchet, Petit Bouschet, Petit Cabernet, Petit Cavernet Sauvignon, Petit Vidure, Petit-Bouchet, Petite Parde, Petite Vidure, Sauvignon, Sauvignon Rouge, Sauvignonne, Vaucluse, Veron, Vidure, Vidure Petite, Vidure Sauvignon, Vidure Sauvignonne.",France,"Yalumba Cigar Cabernet Sauvignon 2017/18, Coonawarra",Cabernet Sauvignon,Australia,Red,Smooth & Mellow
Cabernet Sauvignon,"Bidure, Bordaoux, Bordeaux, Bordo, Bouche, Bouchet, Bouchet Sauvignon, Bourdeos Tinto, Bouschet Sauvignon, Breton, Burdeos Tinto, Cabarnet Sauvignon, Caberne, Caberne Sovinion, Cabernet Petit, Cabernet Piccolo, Cabernet Sauvignon Black, Cabernet Sauvignon Blauer, Cabernet Sauvignon Cl. R5, Cabernet Sauvignon Crni, Cabernet Sauvignon Nero, Cabernet Sauvignon Noir, Cabernet Sauvignon Petit, Carbonet, Carbouet, Carmenet, Castet, Dzanati, Enfin, Epicier Noir, Kaberne Sovinjon, Kaberne Sovinon, Kaberne Sovinyon, Kabernet Suvinjon, Lafet, Lafit, Lafite, Marchoupet, Melkii Chernyi, Menut, Navarre, Petit Bouchet, Petit Bouschet, Petit Cabernet, Petit Cavernet Sauvignon, Petit Vidure, Petit-Bouchet, Petite Parde, Petite Vidure, Sauvignon, Sauvignon Rouge, Sauvignonne, Vaucluse, Veron, Vidure, Vidure Petite, Vidure Sauvignon, Vidure Sauvignonne.",France,"Toast & Honey Cabernet Sauvignon 2021, California",Cabernet Sauvignon,USA,Red,
Cabernet Sauvignon,"Bidure, Bordaoux, Bordeaux, Bordo, Bouche, Bouchet, Bouchet Sauvignon, Bourdeos Tinto, Bouschet Sauvignon, Breton, Burdeos Tinto, Cabarnet Sauvignon, Caberne, Caberne Sovinion, Cabernet Petit, Cabernet Piccolo, Cabernet Sauvignon Black, Cabernet Sauvignon Blauer, Cabernet Sauvignon Cl. R5, Cabernet Sauvignon Crni, Cabernet Sauvignon Nero, Cabernet Sauvignon Noir, Cabernet Sauvignon Petit, Carbonet, Carbouet, Carmenet, Castet, Dzanati, Enfin, Epicier Noir, Kaberne Sovinjon, Kaberne Sovinon, Kaberne Sovinyon, Kabernet Suvinjon, Lafet, Lafit, Lafite, Marchoupet, Melkii Chernyi, Menut, Navarre, Petit Bouchet, Petit Bouschet, Petit Cabernet, Petit Cavernet Sauvignon, Petit Vidure, Petit-Bouchet, Petite Parde, Petite Vidure, Sauvignon, Sauvignon Rouge, Sauvignonne, Vaucluse, Veron, Vidure, Vidure Petite, Vidure Sauvignon, Vidure Sauvignonne.",France,"Château Lynch-Moussas 2013, Pauillac",Cabernet Sauvignon,France,Red,Savoury & Full Bodied
Cabernet Sauvignon,"Bidure, Bordaoux, Bordeaux, Bordo, Bouche, Bouchet, Bouchet Sauvignon, Bourdeos Tinto, Bouschet Sauvignon, Breton, Burdeos Tinto, Cabarnet Sauvignon, Caberne, Caberne Sovinion, Cabernet Petit, Cabernet Piccolo, Cabernet Sauvignon Black, Cabernet Sauvignon Blauer, Cabernet Sauvignon Cl. R5, Cabernet Sauvignon Crni, Cabernet Sauvignon Nero, Cabernet Sauvignon Noir, Cabernet Sauvignon Petit, Carbonet, Carbouet, Carmenet, Castet, Dzanati, Enfin, Epicier Noir, Kaberne Sovinjon, Kaberne Sovinon, Kaberne Sovinyon, Kabernet Suvinjon, Lafet, Lafit, Lafite, Marchoupet, Melkii Chernyi, Menut, Navarre, Petit Bouchet, Petit Bouschet, Petit Cabernet, Petit Cavernet Sauvignon, Petit Vidure, Petit-Bouchet, Petite Parde, Petite Vidure, Sauvignon, Sauvignon Rouge, Sauvignonne, Vaucluse, Veron, Vidure, Vidure Petite, Vidure Sauvignon, Vidure Sauvignonne.",France,Parcel Series Pauillac 2019,Cabernet Sauvignon,France,Red,
Cabernet Sauvignon,"Bidure, Bordaoux, Bordeaux, Bordo, Bouche, Bouchet, Bouchet Sauvignon, Bourdeos Tinto, Bouschet Sauvignon, Breton, Burdeos Tinto, Cabarnet Sauvignon, Caberne, Caberne Sovinion, Cabernet Petit, Cabernet Piccolo, Cabernet Sauvignon Black, Cabernet Sauvignon Blauer, Cabernet Sauvignon Cl. R5, Cabernet Sauvignon Crni, Cabernet Sauvignon Nero, Cabernet Sauvignon Noir, Cabernet Sauvignon Petit, Carbonet, Carbouet, Carmenet, Castet, Dzanati, Enfin, Epicier Noir, Kaberne Sovinjon, Kaberne Sovinon, Kaberne Sovinyon, Kabernet Suvinjon, Lafet, Lafit, Lafite, Marchoupet, Melkii Chernyi, Menut, Navarre, Petit Bouchet, Petit Bouschet, Petit Cabernet, Petit Cavernet Sauvignon, Petit Vidure, Petit-Bouchet, Petite Parde, Petite Vidure, Sauvignon, Sauvignon Rouge, Sauvignonne, Vaucluse, Veron, Vidure, Vidure Petite, Vidure Sauvignon, Vidure Sauvignonne.",France,"Yalumba 'The Signature' Cabernet Sauvignon-Shiraz 2018/19, Barossa",Cabernet Sauvignon,Australia,Red,Savoury & Full Bodied
Cabernet Sauvignon,"Bidure, Bordaoux, Bordeaux, Bordo, Bouche, Bouchet, Bouchet Sauvignon, Bourdeos Tinto, Bouschet Sauvignon, Breton, Burdeos Tinto, Cabarnet Sauvignon, Caberne, Caberne Sovinion, Cabernet Petit, Cabernet Piccolo, Cabernet Sauvignon Black, Cabernet Sauvignon Blauer, Cabernet Sauvignon Cl. R5, Cabernet Sauvignon Crni, Cabernet Sauvignon Nero, Cabernet Sauvignon Noir, Cabernet Sauvignon Petit, Carbonet, Carbouet, Carmenet, Castet, Dzanati, Enfin, Epicier Noir, Kaberne Sovinjon, Kaberne Sovinon, Kaberne Sovinyon, Kabernet Suvinjon, Lafet, Lafit, Lafite, Marchoupet, Melkii Chernyi, Menut, Navarre, Petit Bouchet, Petit Bouschet, Petit Cabernet, Petit Cavernet Sauvignon, Petit Vidure, Petit-Bouchet, Petite Parde, Petite Vidure, Sauvignon, Sauvignon Rouge, Sauvignonne, Vaucluse, Veron, Vidure, Vidure Petite, Vidure Sauvignon, Vidure Sauvignonne.",France,"Viña Albali Cabernet Tempranillo 0.5% 2021/22, Spain",Cabernet Sauvignon,Spain,Red,Smooth & Mellow
Cabernet Sauvignon,"Bidure, Bordaoux, Bordeaux, Bordo, Bouche, Bouchet, Bouchet Sauvignon, Bourdeos Tinto, Bouschet Sauvignon, Breton, Burdeos Tinto, Cabarnet Sauvignon, Caberne, Caberne Sovinion, Cabernet Petit, Cabernet Piccolo, Cabernet Sauvignon Black, Cabernet Sauvignon Blauer, Cabernet Sauvignon Cl. R5, Cabernet Sauvignon Crni, Cabernet Sauvignon Nero, Cabernet Sauvignon Noir, Cabernet Sauvignon Petit, Carbonet, Carbouet, Carmenet, Castet, Dzanati, Enfin, Epicier Noir, Kaberne Sovinjon, Kaberne Sovinon, Kaberne Sovinyon, Kabernet Suvinjon, Lafet, Lafit, Lafite, Marchoupet, Melkii Chernyi, Menut, Navarre, Petit Bouchet, Petit Bouschet, Petit Cabernet, Petit Cavernet Sauvignon, Petit Vidure, Petit-Bouchet, Petite Parde, Petite Vidure, Sauvignon, Sauvignon Rouge, Sauvignonne, Vaucluse, Veron, Vidure, Vidure Petite, Vidure Sauvignon, Vidure Sauvignonne.",France,"Château Meyney 2013/2017, Saint-Estèphe",Cabernet Sauvignon,France,Red,Savoury & Full Bodied
Cabernet Sauvignon,"Bidure, Bordaoux, Bordeaux, Bordo, Bouche, Bouchet, Bouchet Sauvignon, Bourdeos Tinto, Bouschet Sauvignon, Breton, Burdeos Tinto, Cabarnet Sauvignon, Caberne, Caberne Sovinion, Cabernet Petit, Cabernet Piccolo, Cabernet Sauvignon Black, Cabernet Sauvignon Blauer, Cabernet Sauvignon Cl. R5, Cabernet Sauvignon Crni, Cabernet Sauvignon Nero, Cabernet Sauvignon Noir, Cabernet Sauvignon Petit, Carbonet, Carbouet, Carmenet, Castet, Dzanati, Enfin, Epicier Noir, Kaberne Sovinjon, Kaberne Sovinon, Kaberne Sovinyon, Kabernet Suvinjon, Lafet, Lafit, Lafite, Marchoupet, Melkii Chernyi, Menut, Navarre, Petit Bouchet, Petit Bouschet, Petit Cabernet, Petit Cavernet Sauvignon, Petit Vidure, Petit-Bouchet, Petite Parde, Petite Vidure, Sauvignon, Sauvignon Rouge, Sauvignonne, Vaucluse, Veron, Vidure, Vidure Petite, Vidure Sauvignon, Vidure Sauvignonne.",France,"Bread & Butter 'Winemaker's Selection' Cabernet Sauvignon 2021, California",Cabernet Sauvignon,USA,Red,Smooth & Mellow
Cabernet Sauvignon,"Bidure, Bordaoux, Bordeaux, Bordo, Bouche, Bouchet, Bouchet Sauvignon, Bourdeos Tinto, Bouschet Sauvignon, Breton, Burdeos Tinto, Cabarnet Sauvignon, Caberne, Caberne Sovinion, Cabernet Petit, Cabernet Piccolo, Cabernet Sauvignon Black, Cabernet Sauvignon Blauer, Cabernet Sauvignon Cl. R5, Cabernet Sauvignon Crni, Cabernet Sauvignon Nero, Cabernet Sauvignon Noir, Cabernet Sauvignon Petit, Carbonet, Carbouet, Carmenet, Castet, Dzanati, Enfin, Epicier Noir, Kaberne Sovinjon, Kaberne Sovinon, Kaberne Sovinyon, Kabernet Suvinjon, Lafet, Lafit, Lafite, Marchoupet, Melkii Chernyi, Menut, Navarre, Petit Bouchet, Petit Bouschet, Petit Cabernet, Petit Cavernet Sauvignon, Petit Vidure, Petit-Bouchet, Petite Parde, Petite Vidure, Sauvignon, Sauvignon Rouge, Sauvignonne, Vaucluse, Veron, Vidure, Vidure Petite, Vidure Sauvignon, Vidure Sauvignonne.",France,"Robert Oatley 'Signature Series' Cabernet Sauvignon 2018/19, Margaret River",Cabernet Sauvignon,Australia,Red,Savoury & Full Bodied
Cabernet Sauvignon,"Bidure, Bordaoux, Bordeaux, Bordo, Bouche, Bouchet, Bouchet Sauvignon, Bourdeos Tinto, Bouschet Sauvignon, Breton, Burdeos Tinto, Cabarnet Sauvignon, Caberne, Caberne Sovinion, Cabernet Petit, Cabernet Piccolo, Cabernet Sauvignon Black, Cabernet Sauvignon Blauer, Cabernet Sauvignon Cl. R5, Cabernet Sauvignon Crni, Cabernet Sauvignon Nero, Cabernet Sauvignon Noir, Cabernet Sauvignon Petit, Carbonet, Carbouet, Carmenet, Castet, Dzanati, Enfin, Epicier Noir, Kaberne Sovinjon, Kaberne Sovinon, Kaberne Sovinyon, Kabernet Suvinjon, Lafet, Lafit, Lafite, Marchoupet, Melkii Chernyi, Menut, Navarre, Petit Bouchet, Petit Bouschet, Petit Cabernet, Petit Cavernet Sauvignon, Petit Vidure, Petit-Bouchet, Petite Parde, Petite Vidure, Sauvignon, Sauvignon Rouge, Sauvignonne, Vaucluse, Veron, Vidure, Vidure Petite, Vidure Sauvignon, Vidure Sauvignonne.",France,"Château Tour Massac 2013/14, Margaux",Cabernet Sauvignon,France,Red,Savoury & Full Bodied
Cabernet Sauvignon,"Bidure, Bordaoux, Bordeaux, Bordo, Bouche, Bouchet, Bouchet Sauvignon, Bourdeos Tinto, Bouschet Sauvignon, Breton, Burdeos Tinto, Cabarnet Sauvignon, Caberne, Caberne Sovinion, Cabernet Petit, Cabernet Piccolo, Cabernet Sauvignon Black, Cabernet Sauvignon Blauer, Cabernet Sauvignon Cl. R5, Cabernet Sauvignon Crni, Cabernet Sauvignon Nero, Cabernet Sauvignon Noir, Cabernet Sauvignon Petit, Carbonet, Carbouet, Carmenet, Castet, Dzanati, Enfin, Epicier Noir, Kaberne Sovinjon, Kaberne Sovinon, Kaberne Sovinyon, Kabernet Suvinjon, Lafet, Lafit, Lafite, Marchoupet, Melkii Chernyi, Menut, Navarre, Petit Bouchet, Petit Bouschet, Petit Cabernet, Petit Cavernet Sauvignon, Petit Vidure, Petit-Bouchet, Petite Parde, Petite Vidure, Sauvignon, Sauvignon Rouge, Sauvignonne, Vaucluse, Veron, Vidure, Vidure Petite, Vidure Sauvignon, Vidure Sauvignonne.",France,Château Duhart Milon Pauillac 2011,Cabernet Sauvignon,France,Red,Savoury & Full Bodied
Cabernet Sauvignon,"Bidure, Bordaoux, Bordeaux, Bordo, Bouche, Bouchet, Bouchet Sauvignon, Bourdeos Tinto, Bouschet Sauvignon, Breton, Burdeos Tinto, Cabarnet Sauvignon, Caberne, Caberne Sovinion, Cabernet Petit, Cabernet Piccolo, Cabernet Sauvignon Black, Cabernet Sauvignon Blauer, Cabernet Sauvignon Cl. R5, Cabernet Sauvignon Crni, Cabernet Sauvignon Nero, Cabernet Sauvignon Noir, Cabernet Sauvignon Petit, Carbonet, Carbouet, Carmenet, Castet, Dzanati, Enfin, Epicier Noir, Kaberne Sovinjon, Kaberne Sovinon, Kaberne Sovinyon, Kabernet Suvinjon, Lafet, Lafit, Lafite, Marchoupet, Melkii Chernyi, Menut, Navarre, Petit Bouchet, Petit Bouschet, Petit Cabernet, Petit Cavernet Sauvignon, Petit Vidure, Petit-Bouchet, Petite Parde, Petite Vidure, Sauvignon, Sauvignon Rouge, Sauvignonne, Vaucluse, Veron, Vidure, Vidure Petite, Vidure Sauvignon, Vidure Sauvignonne.",France,"Domaines Barons de Rothschild Lafite 'Réserve Spéciale' 2019/20, Médoc",Cabernet Sauvignon,France,Red,Savoury & Full Bodied
Cabernet Sauvignon,"Bidure, Bordaoux, Bordeaux, Bordo, Bouche, Bouchet, Bouchet Sauvignon, Bourdeos Tinto, Bouschet Sauvignon, Breton, Burdeos Tinto, Cabarnet Sauvignon, Caberne, Caberne Sovinion, Cabernet Petit, Cabernet Piccolo, Cabernet Sauvignon Black, Cabernet Sauvignon Blauer, Cabernet Sauvignon Cl. R5, Cabernet Sauvignon Crni, Cabernet Sauvignon Nero, Cabernet Sauvignon Noir, Cabernet Sauvignon Petit, Carbonet, Carbouet, Carmenet, Castet, Dzanati, Enfin, Epicier Noir, Kaberne Sovinjon, Kaberne Sovinon, Kaberne Sovinyon, Kabernet Suvinjon, Lafet, Lafit, Lafite, Marchoupet, Melkii Chernyi, Menut, Navarre, Petit Bouchet, Petit Bouschet, Petit Cabernet, Petit Cavernet Sauvignon, Petit Vidure, Petit-Bouchet, Petite Parde, Petite Vidure, Sauvignon, Sauvignon Rouge, Sauvignonne, Vaucluse, Veron, Vidure, Vidure Petite, Vidure Sauvignon, Vidure Sauvignonne.",France,"Rustenberg ‘Peter Barlow’ 2017, Stellenbosch",Cabernet Sauvignon,South Africa,Red,Savoury & Full Bodied
Cabernet Sauvignon,"Bidure, Bordaoux, Bordeaux, Bordo, Bouche, Bouchet, Bouchet Sauvignon, Bourdeos Tinto, Bouschet Sauvignon, Breton, Burdeos Tinto, Cabarnet Sauvignon, Caberne, Caberne Sovinion, Cabernet Petit, Cabernet Piccolo, Cabernet Sauvignon Black, Cabernet Sauvignon Blauer, Cabernet Sauvignon Cl. R5, Cabernet Sauvignon Crni, Cabernet Sauvignon Nero, Cabernet Sauvignon Noir, Cabernet Sauvignon Petit, Carbonet, Carbouet, Carmenet, Castet, Dzanati, Enfin, Epicier Noir, Kaberne Sovinjon, Kaberne Sovinon, Kaberne Sovinyon, Kabernet Suvinjon, Lafet, Lafit, Lafite, Marchoupet, Melkii Chernyi, Menut, Navarre, Petit Bouchet, Petit Bouschet, Petit Cabernet, Petit Cavernet Sauvignon, Petit Vidure, Petit-Bouchet, Petite Parde, Petite Vidure, Sauvignon, Sauvignon Rouge, Sauvignonne, Vaucluse, Veron, Vidure, Vidure Petite, Vidure Sauvignon, Vidure Sauvignonne.",France,"Capaia One 2019/20, Tygerberg",Cabernet Sauvignon,South Africa,Red,Smooth & Mellow
Cabernet Sauvignon,"Bidure, Bordaoux, Bordeaux, Bordo, Bouche, Bouchet, Bouchet Sauvignon, Bourdeos Tinto, Bouschet Sauvignon, Breton, Burdeos Tinto, Cabarnet Sauvignon, Caberne, Caberne Sovinion, Cabernet Petit, Cabernet Piccolo, Cabernet Sauvignon Black, Cabernet Sauvignon Blauer, Cabernet Sauvignon Cl. R5, Cabernet Sauvignon Crni, Cabernet Sauvignon Nero, Cabernet Sauvignon Noir, Cabernet Sauvignon Petit, Carbonet, Carbouet, Carmenet, Castet, Dzanati, Enfin, Epicier Noir, Kaberne Sovinjon, Kaberne Sovinon, Kaberne Sovinyon, Kabernet Suvinjon, Lafet, Lafit, Lafite, Marchoupet, Melkii Chernyi, Menut, Navarre, Petit Bouchet, Petit Bouschet, Petit Cabernet, Petit Cavernet Sauvignon, Petit Vidure, Petit-Bouchet, Petite Parde, Petite Vidure, Sauvignon, Sauvignon Rouge, Sauvignonne, Vaucluse, Veron, Vidure, Vidure Petite, Vidure Sauvignon, Vidure Sauvignonne.",France,"Rustenberg 'John X Merriman' 2019/20, Stellenbosch",Cabernet Sauvignon,South Africa,Red,Savoury & Full Bodied
Cabernet Sauvignon,"Bidure, Bordaoux, Bordeaux, Bordo, Bouche, Bouchet, Bouchet Sauvignon, Bourdeos Tinto, Bouschet Sauvignon, Breton, Burdeos Tinto, Cabarnet Sauvignon, Caberne, Caberne Sovinion, Cabernet Petit, Cabernet Piccolo, Cabernet Sauvignon Black, Cabernet Sauvignon Blauer, Cabernet Sauvignon Cl. R5, Cabernet Sauvignon Crni, Cabernet Sauvignon Nero, Cabernet Sauvignon Noir, Cabernet Sauvignon Petit, Carbonet, Carbouet, Carmenet, Castet, Dzanati, Enfin, Epicier Noir, Kaberne Sovinjon, Kaberne Sovinon, Kaberne Sovinyon, Kabernet Suvinjon, Lafet, Lafit, Lafite, Marchoupet, Melkii Chernyi, Menut, Navarre, Petit Bouchet, Petit Bouschet, Petit Cabernet, Petit Cavernet Sauvignon, Petit Vidure, Petit-Bouchet, Petite Parde, Petite Vidure, Sauvignon, Sauvignon Rouge, Sauvignonne, Vaucluse, Veron, Vidure, Vidure Petite, Vidure Sauvignon, Vidure Sauvignonne.",France,"Domaine des Tourelles 'Grand Cuvée Pierre Brun' 2015/17, Lebanon",Cabernet Sauvignon,Lebanon,Red,Savoury & Full Bodied
Cabernet Sauvignon,"Bidure, Bordaoux, Bordeaux, Bordo, Bouche, Bouchet, Bouchet Sauvignon, Bourdeos Tinto, Bouschet Sauvignon, Breton, Burdeos Tinto, Cabarnet Sauvignon, Caberne, Caberne Sovinion, Cabernet Petit, Cabernet Piccolo, Cabernet Sauvignon Black, Cabernet Sauvignon Blauer, Cabernet Sauvignon Cl. R5, Cabernet Sauvignon Crni, Cabernet Sauvignon Nero, Cabernet Sauvignon Noir, Cabernet Sauvignon Petit, Carbonet, Carbouet, Carmenet, Castet, Dzanati, Enfin, Epicier Noir, Kaberne Sovinjon, Kaberne Sovinon, Kaberne Sovinyon, Kabernet Suvinjon, Lafet, Lafit, Lafite, Marchoupet, Melkii Chernyi, Menut, Navarre, Petit Bouchet, Petit Bouschet, Petit Cabernet, Petit Cavernet Sauvignon, Petit Vidure, Petit-Bouchet, Petite Parde, Petite Vidure, Sauvignon, Sauvignon Rouge, Sauvignonne, Vaucluse, Veron, Vidure, Vidure Petite, Vidure Sauvignon, Vidure Sauvignonne.",France,"Santa Rita ‘Medalla Real’ Cabernet Sauvignon 2019/20, Maipo Valley",Cabernet Sauvignon,Chile,Red,Savoury & Full Bodied
Cabernet Sauvignon,"Bidure, Bordaoux, Bordeaux, Bordo, Bouche, Bouchet, Bouchet Sauvignon, Bourdeos Tinto, Bouschet Sauvignon, Breton, Burdeos Tinto, Cabarnet Sauvignon, Caberne, Caberne Sovinion, Cabernet Petit, Cabernet Piccolo, Cabernet Sauvignon Black, Cabernet Sauvignon Blauer, Cabernet Sauvignon Cl. R5, Cabernet Sauvignon Crni, Cabernet Sauvignon Nero, Cabernet Sauvignon Noir, Cabernet Sauvignon Petit, Carbonet, Carbouet, Carmenet, Castet, Dzanati, Enfin, Epicier Noir, Kaberne Sovinjon, Kaberne Sovinon, Kaberne Sovinyon, Kabernet Suvinjon, Lafet, Lafit, Lafite, Marchoupet, Melkii Chernyi, Menut, Navarre, Petit Bouchet, Petit Bouschet, Petit Cabernet, Petit Cavernet Sauvignon, Petit Vidure, Petit-Bouchet, Petite Parde, Petite Vidure, Sauvignon, Sauvignon Rouge, Sauvignonne, Vaucluse, Veron, Vidure, Vidure Petite, Vidure Sauvignon, Vidure Sauvignonne.",France,Parcel Series Saint-Estèphe 2020,Cabernet Sauvignon,France,Red,Savoury & Full Bodied
Cabernet Sauvignon,"Bidure, Bordaoux, Bordeaux, Bordo, Bouche, Bouchet, Bouchet Sauvignon, Bourdeos Tinto, Bouschet Sauvignon, Breton, Burdeos Tinto, Cabarnet Sauvignon, Caberne, Caberne Sovinion, Cabernet Petit, Cabernet Piccolo, Cabernet Sauvignon Black, Cabernet Sauvignon Blauer, Cabernet Sauvignon Cl. R5, Cabernet Sauvignon Crni, Cabernet Sauvignon Nero, Cabernet Sauvignon Noir, Cabernet Sauvignon Petit, Carbonet, Carbouet, Carmenet, Castet, Dzanati, Enfin, Epicier Noir, Kaberne Sovinjon, Kaberne Sovinon, Kaberne Sovinyon, Kabernet Suvinjon, Lafet, Lafit, Lafite, Marchoupet, Melkii Chernyi, Menut, Navarre, Petit Bouchet, Petit Bouschet, Petit Cabernet, Petit Cavernet Sauvignon, Petit Vidure, Petit-Bouchet, Petite Parde, Petite Vidure, Sauvignon, Sauvignon Rouge, Sauvignonne, Vaucluse, Veron, Vidure, Vidure Petite, Vidure Sauvignon, Vidure Sauvignonne.",France,"Meerlust Rubicon 2018/20, South Africa",Cabernet Sauvignon,South Africa,Red,Savoury & Full Bodied
Cabernet Sauvignon,"Bidure, Bordaoux, Bordeaux, Bordo, Bouche, Bouchet, Bouchet Sauvignon, Bourdeos Tinto, Bouschet Sauvignon, Breton, Burdeos Tinto, Cabarnet Sauvignon, Caberne, Caberne Sovinion, Cabernet Petit, Cabernet Piccolo, Cabernet Sauvignon Black, Cabernet Sauvignon Blauer, Cabernet Sauvignon Cl. R5, Cabernet Sauvignon Crni, Cabernet Sauvignon Nero, Cabernet Sauvignon Noir, Cabernet Sauvignon Petit, Carbonet, Carbouet, Carmenet, Castet, Dzanati, Enfin, Epicier Noir, Kaberne Sovinjon, Kaberne Sovinon, Kaberne Sovinyon, Kabernet Suvinjon, Lafet, Lafit, Lafite, Marchoupet, Melkii Chernyi, Menut, Navarre, Petit Bouchet, Petit Bouschet, Petit Cabernet, Petit Cavernet Sauvignon, Petit Vidure, Petit-Bouchet, Petite Parde, Petite Vidure, Sauvignon, Sauvignon Rouge, Sauvignonne, Vaucluse, Veron, Vidure, Vidure Petite, Vidure Sauvignon, Vidure Sauvignonne.",France,"Rocklin Ranch Cabernet Sauvignon 2020/21, Monterey",Cabernet Sauvignon,USA,Red,Smooth & Mellow
Cabernet Sauvignon,"Bidure, Bordaoux, Bordeaux, Bordo, Bouche, Bouchet, Bouchet Sauvignon, Bourdeos Tinto, Bouschet Sauvignon, Breton, Burdeos Tinto, Cabarnet Sauvignon, Caberne, Caberne Sovinion, Cabernet Petit, Cabernet Piccolo, Cabernet Sauvignon Black, Cabernet Sauvignon Blauer, Cabernet Sauvignon Cl. R5, Cabernet Sauvignon Crni, Cabernet Sauvignon Nero, Cabernet Sauvignon Noir, Cabernet Sauvignon Petit, Carbonet, Carbouet, Carmenet, Castet, Dzanati, Enfin, Epicier Noir, Kaberne Sovinjon, Kaberne Sovinon, Kaberne Sovinyon, Kabernet Suvinjon, Lafet, Lafit, Lafite, Marchoupet, Melkii Chernyi, Menut, Navarre, Petit Bouchet, Petit Bouschet, Petit Cabernet, Petit Cavernet Sauvignon, Petit Vidure, Petit-Bouchet, Petite Parde, Petite Vidure, Sauvignon, Sauvignon Rouge, Sauvignonne, Vaucluse, Veron, Vidure, Vidure Petite, Vidure Sauvignon, Vidure Sauvignonne.",France,"VIK Milla Cala 2019/20, Cachapoal Valley",Cabernet Sauvignon,Chile,Red,Bold & Spicy
Cabernet Sauvignon,"Bidure, Bordaoux, Bordeaux, Bordo, Bouche, Bouchet, Bouchet Sauvignon, Bourdeos Tinto, Bouschet Sauvignon, Breton, Burdeos Tinto, Cabarnet Sauvignon, Caberne, Caberne Sovinion, Cabernet Petit, Cabernet Piccolo, Cabernet Sauvignon Black, Cabernet Sauvignon Blauer, Cabernet Sauvignon Cl. R5, Cabernet Sauvignon Crni, Cabernet Sauvignon Nero, Cabernet Sauvignon Noir, Cabernet Sauvignon Petit, Carbonet, Carbouet, Carmenet, Castet, Dzanati, Enfin, Epicier Noir, Kaberne Sovinjon, Kaberne Sovinon, Kaberne Sovinyon, Kabernet Suvinjon, Lafet, Lafit, Lafite, Marchoupet, Melkii Chernyi, Menut, Navarre, Petit Bouchet, Petit Bouschet, Petit Cabernet, Petit Cavernet Sauvignon, Petit Vidure, Petit-Bouchet, Petite Parde, Petite Vidure, Sauvignon, Sauvignon Rouge, Sauvignonne, Vaucluse, Veron, Vidure, Vidure Petite, Vidure Sauvignon, Vidure Sauvignonne.",France,"Brio de Cantenac Brown 2015, Margaux",Cabernet Sauvignon,France,Red,Savoury & Full Bodied
Cabernet Sauvignon,"Bidure, Bordaoux, Bordeaux, Bordo, Bouche, Bouchet, Bouchet Sauvignon, Bourdeos Tinto, Bouschet Sauvignon, Breton, Burdeos Tinto, Cabarnet Sauvignon, Caberne, Caberne Sovinion, Cabernet Petit, Cabernet Piccolo, Cabernet Sauvignon Black, Cabernet Sauvignon Blauer, Cabernet Sauvignon Cl. R5, Cabernet Sauvignon Crni, Cabernet Sauvignon Nero, Cabernet Sauvignon Noir, Cabernet Sauvignon Petit, Carbonet, Carbouet, Carmenet, Castet, Dzanati, Enfin, Epicier Noir, Kaberne Sovinjon, Kaberne Sovinon, Kaberne Sovinyon, Kabernet Suvinjon, Lafet, Lafit, Lafite, Marchoupet, Melkii Chernyi, Menut, Navarre, Petit Bouchet, Petit Bouschet, Petit Cabernet, Petit Cavernet Sauvignon, Petit Vidure, Petit-Bouchet, Petite Parde, Petite Vidure, Sauvignon, Sauvignon Rouge, Sauvignonne, Vaucluse, Veron, Vidure, Vidure Petite, Vidure Sauvignon, Vidure Sauvignonne.",France,"Château Fontesteau 2014, Haut-Médoc",Cabernet Sauvignon,France,Red,Savoury & Full Bodied
Cabernet Sauvignon,"Bidure, Bordaoux, Bordeaux, Bordo, Bouche, Bouchet, Bouchet Sauvignon, Bourdeos Tinto, Bouschet Sauvignon, Breton, Burdeos Tinto, Cabarnet Sauvignon, Caberne, Caberne Sovinion, Cabernet Petit, Cabernet Piccolo, Cabernet Sauvignon Black, Cabernet Sauvignon Blauer, Cabernet Sauvignon Cl. R5, Cabernet Sauvignon Crni, Cabernet Sauvignon Nero, Cabernet Sauvignon Noir, Cabernet Sauvignon Petit, Carbonet, Carbouet, Carmenet, Castet, Dzanati, Enfin, Epicier Noir, Kaberne Sovinjon, Kaberne Sovinon, Kaberne Sovinyon, Kabernet Suvinjon, Lafet, Lafit, Lafite, Marchoupet, Melkii Chernyi, Menut, Navarre, Petit Bouchet, Petit Bouschet, Petit Cabernet, Petit Cavernet Sauvignon, Petit Vidure, Petit-Bouchet, Petite Parde, Petite Vidure, Sauvignon, Sauvignon Rouge, Sauvignonne, Vaucluse, Veron, Vidure, Vidure Petite, Vidure Sauvignon, Vidure Sauvignonne.",France,"Rustenberg Cabernet Sauvignon, 2020/21 Stellenbosch",Cabernet Sauvignon,South Africa,Red,Smooth & Mellow
Carignan,"Carignan Noir, Axina De Spagna, Babonenc, Babounenc, Blaue Shopatna, Blaue Sopatna, Blauer Carignan, Blauer Carignant, Boi Dur, Bois De Fer, Bois Dur, Bois Dure, Bovale Grande, Bovale Grande Di Spagna, Bove Duro, Bove Duro Di Spagna, Cafalan, Cagnolaro, Cagnolaro Tinto, Calignan, Carignan Crni, Carignan Frances, Carignan Mouillan, Carignane, Carignane Mouilla, Carignane Noir, Carignane Noire, Carignane Violette, Carignanne, Carignano, Carignano Di Carmignano, Carignena, Carinena, Carinena Mazuela, Carinena Negra, Catalan, Cencibel, Crignane, Crinana, Crujillon, Crusillo, Girard, Girarde, Grenache Du Bois, Grenache Du Bois Dur, Karignan, Karinian, Karinjan, Karinyan, Kek Carignan, Legno Duro, Legno Duro Di Portoferraio, Manuelo Tinto, Manzuela, Marocain, Mataro, Mazuela, Mazuelo, Mollard, Monestel, Mounesteou, Pinot D'Evora, Pinot Evara, Plant D'Espagne, Plant De Ledenon, Pokovec, Pokovez, Roussillonen, Samso, Samso Crusillo, Sanso, Sopatna Blau, Tinto Mazuela, Uva Di Spagna.","Spain, Zaragoza","Katie Jones 'L'Histoire' 2019, Fitou",Carignan,France,Red,Bold & Spicy
Carignan,"Carignan Noir, Axina De Spagna, Babonenc, Babounenc, Blaue Shopatna, Blaue Sopatna, Blauer Carignan, Blauer Carignant, Boi Dur, Bois De Fer, Bois Dur, Bois Dure, Bovale Grande, Bovale Grande Di Spagna, Bove Duro, Bove Duro Di Spagna, Cafalan, Cagnolaro, Cagnolaro Tinto, Calignan, Carignan Crni, Carignan Frances, Carignan Mouillan, Carignane, Carignane Mouilla, Carignane Noir, Carignane Noire, Carignane Violette, Carignanne, Carignano, Carignano Di Carmignano, Carignena, Carinena, Carinena Mazuela, Carinena Negra, Catalan, Cencibel, Crignane, Crinana, Crujillon, Crusillo, Girard, Girarde, Grenache Du Bois, Grenache Du Bois Dur, Karignan, Karinian, Karinjan, Karinyan, Kek Carignan, Legno Duro, Legno Duro Di Portoferraio, Manuelo Tinto, Manzuela, Marocain, Mataro, Mazuela, Mazuelo, Mollard, Monestel, Mounesteou, Pinot D'Evora, Pinot Evara, Plant D'Espagne, Plant De Ledenon, Pokovec, Pokovez, Roussillonen, Samso, Samso Crusillo, Sanso, Sopatna Blau, Tinto Mazuela, Uva Di Spagna.","Spain, Zaragoza","Domaine de Villemajou Rosé 2022, Corbières",Carignan,France,Rosé,Ripe & Fruity
Carignan,"Carignan Noir, Axina De Spagna, Babonenc, Babounenc, Blaue Shopatna, Blaue Sopatna, Blauer Carignan, Blauer Carignant, Boi Dur, Bois De Fer, Bois Dur, Bois Dure, Bovale Grande, Bovale Grande Di Spagna, Bove Duro, Bove Duro Di Spagna, Cafalan, Cagnolaro, Cagnolaro Tinto, Calignan, Carignan Crni, Carignan Frances, Carignan Mouillan, Carignane, Carignane Mouilla, Carignane Noir, Carignane Noire, Carignane Violette, Carignanne, Carignano, Carignano Di Carmignano, Carignena, Carinena, Carinena Mazuela, Carinena Negra, Catalan, Cencibel, Crignane, Crinana, Crujillon, Crusillo, Girard, Girarde, Grenache Du Bois, Grenache Du Bois Dur, Karignan, Karinian, Karinjan, Karinyan, Kek Carignan, Legno Duro, Legno Duro Di Portoferraio, Manuelo Tinto, Manzuela, Marocain, Mataro, Mazuela, Mazuelo, Mollard, Monestel, Mounesteou, Pinot D'Evora, Pinot Evara, Plant D'Espagne, Plant De Ledenon, Pokovec, Pokovez, Roussillonen, Samso, Samso Crusillo, Sanso, Sopatna Blau, Tinto Mazuela, Uva Di Spagna.","Spain, Zaragoza","Fitou by Mademoiselle Jones 2020, France",Carignan,France,Red,Bold & Spicy
Carignan,"Carignan Noir, Axina De Spagna, Babonenc, Babounenc, Blaue Shopatna, Blaue Sopatna, Blauer Carignan, Blauer Carignant, Boi Dur, Bois De Fer, Bois Dur, Bois Dure, Bovale Grande, Bovale Grande Di Spagna, Bove Duro, Bove Duro Di Spagna, Cafalan, Cagnolaro, Cagnolaro Tinto, Calignan, Carignan Crni, Carignan Frances, Carignan Mouillan, Carignane, Carignane Mouilla, Carignane Noir, Carignane Noire, Carignane Violette, Carignanne, Carignano, Carignano Di Carmignano, Carignena, Carinena, Carinena Mazuela, Carinena Negra, Catalan, Cencibel, Crignane, Crinana, Crujillon, Crusillo, Girard, Girarde, Grenache Du Bois, Grenache Du Bois Dur, Karignan, Karinian, Karinjan, Karinyan, Kek Carignan, Legno Duro, Legno Duro Di Portoferraio, Manuelo Tinto, Manzuela, Marocain, Mataro, Mazuela, Mazuelo, Mollard, Monestel, Mounesteou, Pinot D'Evora, Pinot Evara, Plant D'Espagne, Plant De Ledenon, Pokovec, Pokovez, Roussillonen, Samso, Samso Crusillo, Sanso, Sopatna Blau, Tinto Mazuela, Uva Di Spagna.","Spain, Zaragoza",Domaine de Villemajou Organic Corbières Boutenac Rouge 2020/21,Carignan,France,Red,Bold & Spicy
Carignan,"Carignan Noir, Axina De Spagna, Babonenc, Babounenc, Blaue Shopatna, Blaue Sopatna, Blauer Carignan, Blauer Carignant, Boi Dur, Bois De Fer, Bois Dur, Bois Dure, Bovale Grande, Bovale Grande Di Spagna, Bove Duro, Bove Duro Di Spagna, Cafalan, Cagnolaro, Cagnolaro Tinto, Calignan, Carignan Crni, Carignan Frances, Carignan Mouillan, Carignane, Carignane Mouilla, Carignane Noir, Carignane Noire, Carignane Violette, Carignanne, Carignano, Carignano Di Carmignano, Carignena, Carinena, Carinena Mazuela, Carinena Negra, Catalan, Cencibel, Crignane, Crinana, Crujillon, Crusillo, Girard, Girarde, Grenache Du Bois, Grenache Du Bois Dur, Karignan, Karinian, Karinjan, Karinyan, Kek Carignan, Legno Duro, Legno Duro Di Portoferraio, Manuelo Tinto, Manzuela, Marocain, Mataro, Mazuela, Mazuelo, Mollard, Monestel, Mounesteou, Pinot D'Evora, Pinot Evara, Plant D'Espagne, Plant De Ledenon, Pokovec, Pokovez, Roussillonen, Samso, Samso Crusillo, Sanso, Sopatna Blau, Tinto Mazuela, Uva Di Spagna.","Spain, Zaragoza","Alain Grignon Carignan 'Vieilles Vignes' 2022, Pays de l'Hérault",Carignan,France,Red,Rich & Juicy
Carménère,"Bordo, Bouton Blanc, Caberne Karmener, Cabernella, Cabernelle, Cabernet, Cabernet Carmenere, Cabernet Cosmo, Cabernet Gernicht, Cabernet Gernischet, Cabernet Gernischt, Cabernet Gerniseht, Cabernet Grande, Cabernet Grosso, Cabernet Italico, Cabernet Shelongzhu, Carbonet, Carbouet, Caremenelle, Carmenea, Carmenegre, Carmenelle, Carmeneyre, Gran Vidyur, Grand Carmenet, Grand Vidure, Grande Vidure, Grande Vuidure, Grosse Vidure, Kaberne, Kaberne Karmener, Kabernel, Karmene, Karmensel, Uva Francesca","France, Médoc","Montes ‘Purple Angel’ Carménère 2019/20, Colchagua Valley",Carménère,Chile,Red,Bold & Spicy
Carménère,"Bordo, Bouton Blanc, Caberne Karmener, Cabernella, Cabernelle, Cabernet, Cabernet Carmenere, Cabernet Cosmo, Cabernet Gernicht, Cabernet Gernischet, Cabernet Gernischt, Cabernet Gerniseht, Cabernet Grande, Cabernet Grosso, Cabernet Italico, Cabernet Shelongzhu, Carbonet, Carbouet, Caremenelle, Carmenea, Carmenegre, Carmenelle, Carmeneyre, Gran Vidyur, Grand Carmenet, Grand Vidure, Grande Vidure, Grande Vuidure, Grosse Vidure, Kaberne, Kaberne Karmener, Kabernel, Karmene, Karmensel, Uva Francesca","France, Médoc","Mayu Carménère Appassimento 2019/20, Chile",Carménère,Chile,Red,Rich & Juicy
Carménère,"Bordo, Bouton Blanc, Caberne Karmener, Cabernella, Cabernelle, Cabernet, Cabernet Carmenere, Cabernet Cosmo, Cabernet Gernicht, Cabernet Gernischet, Cabernet Gernischt, Cabernet Gerniseht, Cabernet Grande, Cabernet Grosso, Cabernet Italico, Cabernet Shelongzhu, Carbonet, Carbouet, Caremenelle, Carmenea, Carmenegre, Carmenelle, Carmeneyre, Gran Vidyur, Grand Carmenet, Grand Vidure, Grande Vidure, Grande Vuidure, Grosse Vidure, Kaberne, Kaberne Karmener, Kabernel, Karmene, Karmensel, Uva Francesca","France, Médoc","Santa Rita '120' Carménère, Central Valley",Carménère,Chile,Red,Smooth & Mellow
Carménère,"Bordo, Bouton Blanc, Caberne Karmener, Cabernella, Cabernelle, Cabernet, Cabernet Carmenere, Cabernet Cosmo, Cabernet Gernicht, Cabernet Gernischet, Cabernet Gernischt, Cabernet Gerniseht, Cabernet Grande, Cabernet Grosso, Cabernet Italico, Cabernet Shelongzhu, Carbonet, Carbouet, Caremenelle, Carmenea, Carmenegre, Carmenelle, Carmeneyre, Gran Vidyur, Grand Carmenet, Grand Vidure, Grande Vidure, Grande Vuidure, Grosse Vidure, Kaberne, Kaberne Karmener, Kabernel, Karmene, Karmensel, Uva Francesca","France, Médoc",Bodega Volcanes Carménère 2020/21,Carménère,Chile,Red,Bold & Spicy
Carménère,"Bordo, Bouton Blanc, Caberne Karmener, Cabernella, Cabernelle, Cabernet, Cabernet Carmenere, Cabernet Cosmo, Cabernet Gernicht, Cabernet Gernischet, Cabernet Gernischt, Cabernet Gerniseht, Cabernet Grande, Cabernet Grosso, Cabernet Italico, Cabernet Shelongzhu, Carbonet, Carbouet, Caremenelle, Carmenea, Carmenegre, Carmenelle, Carmeneyre, Gran Vidyur, Grand Carmenet, Grand Vidure, Grande Vidure, Grande Vuidure, Grosse Vidure, Kaberne, Kaberne Karmener, Kabernel, Karmene, Karmensel, Uva Francesca","France, Médoc","Clos de Luz 'Arao' Carménère Red Blend 2018/19, Chile",Carménère,Chile,Red,Rich & Juicy
Carménère,"Bordo, Bouton Blanc, Caberne Karmener, Cabernella, Cabernelle, Cabernet, Cabernet Carmenere, Cabernet Cosmo, Cabernet Gernicht, Cabernet Gernischet, Cabernet Gernischt, Cabernet Gerniseht, Cabernet Grande, Cabernet Grosso, Cabernet Italico, Cabernet Shelongzhu, Carbonet, Carbouet, Caremenelle, Carmenea, Carmenegre, Carmenelle, Carmeneyre, Gran Vidyur, Grand Carmenet, Grand Vidure, Grande Vidure, Grande Vuidure, Grosse Vidure, Kaberne, Kaberne Karmener, Kabernel, Karmene, Karmensel, Uva Francesca","France, Médoc","Santa Rita 'Medalla Real' Carménère 2019/21, Colchagua Valley",Carménère,Chile,Red,Bold & Spicy
Castelão,"Bastardo Castico, Bastardo Espanhol, Castelana, Castelao Frances, Castelao Real, Casteleao, Castellam, Castellao, Castellao Portugues, Castico, Joao De Periquita, Joao De Santarem, Joao De Santarem Tinto, Joao Mendes, Joao Pinto Mendes, Joao Santarem, Lariao Preto, Mortagua, Mortagua De Vide Branca, Olho De Lebre, Perikvita, Periquita, Piriquita, Piriquito, Pirriquita, Santarem, Santarem Tinto.",Portugal,"Falua Tercius Tinto 2021, Tejo",Castelão,Portugal,Red,Soft & Fruity
Castelão,"Bastardo Castico, Bastardo Espanhol, Castelana, Castelao Frances, Castelao Real, Casteleao, Castellam, Castellao, Castellao Portugues, Castico, Joao De Periquita, Joao De Santarem, Joao De Santarem Tinto, Joao Mendes, Joao Pinto Mendes, Joao Santarem, Lariao Preto, Mortagua, Mortagua De Vide Branca, Olho De Lebre, Perikvita, Periquita, Piriquita, Piriquito, Pirriquita, Santarem, Santarem Tinto.",Portugal,"LB7 Red 2020/21, Lisbon",Castelão,Portugal,Red,Rich & Juicy
Castelão,"Bastardo Castico, Bastardo Espanhol, Castelana, Castelao Frances, Castelao Real, Casteleao, Castellam, Castellao, Castellao Portugues, Castico, Joao De Periquita, Joao De Santarem, Joao De Santarem Tinto, Joao Mendes, Joao Pinto Mendes, Joao Santarem, Lariao Preto, Mortagua, Mortagua De Vide Branca, Olho De Lebre, Perikvita, Periquita, Piriquita, Piriquito, Pirriquita, Santarem, Santarem Tinto.",Portugal,"LB7 Red 2018/20 Magnum, Lisbon",Castelão,Portugal,Red,Rich & Juicy
Castelão,"Bastardo Castico, Bastardo Espanhol, Castelana, Castelao Frances, Castelao Real, Casteleao, Castellam, Castellao, Castellao Portugues, Castico, Joao De Periquita, Joao De Santarem, Joao De Santarem Tinto, Joao Mendes, Joao Pinto Mendes, Joao Santarem, Lariao Preto, Mortagua, Mortagua De Vide Branca, Olho De Lebre, Perikvita, Periquita, Piriquita, Piriquito, Pirriquita, Santarem, Santarem Tinto.",Portugal,"LB7 Red 2019/20 Boxed Wine 2.25L, Lisbon",Castelão,Portugal,Red,Rich & Juicy
Castelão,"Bastardo Castico, Bastardo Espanhol, Castelana, Castelao Frances, Castelao Real, Casteleao, Castellam, Castellao, Castellao Portugues, Castico, Joao De Periquita, Joao De Santarem, Joao De Santarem Tinto, Joao Mendes, Joao Pinto Mendes, Joao Santarem, Lariao Preto, Mortagua, Mortagua De Vide Branca, Olho De Lebre, Perikvita, Periquita, Piriquita, Piriquito, Pirriquita, Santarem, Santarem Tinto.",Portugal,"LB7 Rosé 2021/22, Lisbon",Castelão,Portugal,Rosé,Ripe & Fruity
Castelão,"Bastardo Castico, Bastardo Espanhol, Castelana, Castelao Frances, Castelao Real, Casteleao, Castellam, Castellao, Castellao Portugues, Castico, Joao De Periquita, Joao De Santarem, Joao De Santarem Tinto, Joao Mendes, Joao Pinto Mendes, Joao Santarem, Lariao Preto, Mortagua, Mortagua De Vide Branca, Olho De Lebre, Perikvita, Periquita, Piriquita, Piriquito, Pirriquita, Santarem, Santarem Tinto.",Portugal,"Floração Rosé 2021/22, Lisbon",Castelão,Portugal,Rosé,Ripe & Fruity
Chardonnay,"Arboisier, Arnaison blanc, Arnoison, Aubain, Aubaine, Auvergnat blanc, Auvernas, Auvernas blanc, Auvernat blanc, Auxeras, Auxerras blanc, Auxerrois blanc, Auxois, Auxois blanc, Bargeois blanc, Beaunois, Biela Klevanjika, Blanc de Champagne, Blanc de Cramant, Breisgauer Suessling, Breisgauer Sussling, Burgundi Feher, Chablis, Chardenai, Chardenay, Chardenet, Chardennet, Chardonay, Chardonnet, Chatenait, Chatey Petit, Chatte, Chaudenay, Chaudenet, Chaudent, Clävner, Clevner Weiss, Cravner, Epinette, Epinette blanc, Epinette blanche, Epinette de Champagne, Ericey blanc, Feher Chardonnay, Feherburgundi, Feinburgunder, Gamay blanc, Gelber Weissburgunder, Gentil blanc, Grosse Bourgogne, Klawner, Klevanjka Biela, Klevner, Lisant, Luisant, Luizannais, Luizant, Luzannois, Maconnais, Maurillon blanc, Melon blanc, Melon D'Arbois, Meroué,[5] Moreau blanc, Morillon blanc, Moulon, Noirien blanc, Obaideh, Petit Chatey, Petit Sainte-Marie, Petite Sainte Marie, Pineau blanc, Pino Sardone, Pino Shardone, Pinot Blanc à Cramant, Pinot Blanc Chardonnay, Pinot Chardonnay, Pinot de Bourgogne, Pinot Giallo, Pinot Planc, Plant de Tonnerre, Romere, Romeret, Rouci Bile, Rousseau, Roussot, Ruländer Weiß, Sainte Marie Petite, Sardone, Shardone, Shardonne, Später Weiß Burgunder, Weiß Burgunder (normally refers to Pinot blanc), Weiß Clevner, Weiß Edler, Weiß Elder, Weiß Klewner, Weiß Silber, Weißedler, Weißer Clevner, Weißer Rulander.",France,"Graham Beck Blanc de Blancs 2017/18, South Africa",Chardonnay,South Africa,White,Rich & Toasty
Chardonnay,"Arboisier, Arnaison blanc, Arnoison, Aubain, Aubaine, Auvergnat blanc, Auvernas, Auvernas blanc, Auvernat blanc, Auxeras, Auxerras blanc, Auxerrois blanc, Auxois, Auxois blanc, Bargeois blanc, Beaunois, Biela Klevanjika, Blanc de Champagne, Blanc de Cramant, Breisgauer Suessling, Breisgauer Sussling, Burgundi Feher, Chablis, Chardenai, Chardenay, Chardenet, Chardennet, Chardonay, Chardonnet, Chatenait, Chatey Petit, Chatte, Chaudenay, Chaudenet, Chaudent, Clävner, Clevner Weiss, Cravner, Epinette, Epinette blanc, Epinette blanche, Epinette de Champagne, Ericey blanc, Feher Chardonnay, Feherburgundi, Feinburgunder, Gamay blanc, Gelber Weissburgunder, Gentil blanc, Grosse Bourgogne, Klawner, Klevanjka Biela, Klevner, Lisant, Luisant, Luizannais, Luizant, Luzannois, Maconnais, Maurillon blanc, Melon blanc, Melon D'Arbois, Meroué,[5] Moreau blanc, Morillon blanc, Moulon, Noirien blanc, Obaideh, Petit Chatey, Petit Sainte-Marie, Petite Sainte Marie, Pineau blanc, Pino Sardone, Pino Shardone, Pinot Blanc à Cramant, Pinot Blanc Chardonnay, Pinot Chardonnay, Pinot de Bourgogne, Pinot Giallo, Pinot Planc, Plant de Tonnerre, Romere, Romeret, Rouci Bile, Rousseau, Roussot, Ruländer Weiß, Sainte Marie Petite, Sardone, Shardone, Shardonne, Später Weiß Burgunder, Weiß Burgunder (normally refers to Pinot blanc), Weiß Clevner, Weiß Edler, Weiß Elder, Weiß Klewner, Weiß Silber, Weißedler, Weißer Clevner, Weißer Rulander.",France,"Rijckaert - F. Rouve ‘Sur le Marnes’ Chardonnay 2020, Côtes du Jura",Chardonnay,France,White,Rich & Toasty
Chardonnay,"Arboisier, Arnaison blanc, Arnoison, Aubain, Aubaine, Auvergnat blanc, Auvernas, Auvernas blanc, Auvernat blanc, Auxeras, Auxerras blanc, Auxerrois blanc, Auxois, Auxois blanc, Bargeois blanc, Beaunois, Biela Klevanjika, Blanc de Champagne, Blanc de Cramant, Breisgauer Suessling, Breisgauer Sussling, Burgundi Feher, Chablis, Chardenai, Chardenay, Chardenet, Chardennet, Chardonay, Chardonnet, Chatenait, Chatey Petit, Chatte, Chaudenay, Chaudenet, Chaudent, Clävner, Clevner Weiss, Cravner, Epinette, Epinette blanc, Epinette blanche, Epinette de Champagne, Ericey blanc, Feher Chardonnay, Feherburgundi, Feinburgunder, Gamay blanc, Gelber Weissburgunder, Gentil blanc, Grosse Bourgogne, Klawner, Klevanjka Biela, Klevner, Lisant, Luisant, Luizannais, Luizant, Luzannois, Maconnais, Maurillon blanc, Melon blanc, Melon D'Arbois, Meroué,[5] Moreau blanc, Morillon blanc, Moulon, Noirien blanc, Obaideh, Petit Chatey, Petit Sainte-Marie, Petite Sainte Marie, Pineau blanc, Pino Sardone, Pino Shardone, Pinot Blanc à Cramant, Pinot Blanc Chardonnay, Pinot Chardonnay, Pinot de Bourgogne, Pinot Giallo, Pinot Planc, Plant de Tonnerre, Romere, Romeret, Rouci Bile, Rousseau, Roussot, Ruländer Weiß, Sainte Marie Petite, Sardone, Shardone, Shardonne, Später Weiß Burgunder, Weiß Burgunder (normally refers to Pinot blanc), Weiß Clevner, Weiß Edler, Weiß Elder, Weiß Klewner, Weiß Silber, Weißedler, Weißer Clevner, Weißer Rulander.",France,"Nautilus Chardonnay 2019, Marlborough",Chardonnay,New Zealand,White,Rich & Toasty
Chardonnay,"Arboisier, Arnaison blanc, Arnoison, Aubain, Aubaine, Auvergnat blanc, Auvernas, Auvernas blanc, Auvernat blanc, Auxeras, Auxerras blanc, Auxerrois blanc, Auxois, Auxois blanc, Bargeois blanc, Beaunois, Biela Klevanjika, Blanc de Champagne, Blanc de Cramant, Breisgauer Suessling, Breisgauer Sussling, Burgundi Feher, Chablis, Chardenai, Chardenay, Chardenet, Chardennet, Chardonay, Chardonnet, Chatenait, Chatey Petit, Chatte, Chaudenay, Chaudenet, Chaudent, Clävner, Clevner Weiss, Cravner, Epinette, Epinette blanc, Epinette blanche, Epinette de Champagne, Ericey blanc, Feher Chardonnay, Feherburgundi, Feinburgunder, Gamay blanc, Gelber Weissburgunder, Gentil blanc, Grosse Bourgogne, Klawner, Klevanjka Biela, Klevner, Lisant, Luisant, Luizannais, Luizant, Luzannois, Maconnais, Maurillon blanc, Melon blanc, Melon D'Arbois, Meroué,[5] Moreau blanc, Morillon blanc, Moulon, Noirien blanc, Obaideh, Petit Chatey, Petit Sainte-Marie, Petite Sainte Marie, Pineau blanc, Pino Sardone, Pino Shardone, Pinot Blanc à Cramant, Pinot Blanc Chardonnay, Pinot Chardonnay, Pinot de Bourgogne, Pinot Giallo, Pinot Planc, Plant de Tonnerre, Romere, Romeret, Rouci Bile, Rousseau, Roussot, Ruländer Weiß, Sainte Marie Petite, Sardone, Shardone, Shardonne, Später Weiß Burgunder, Weiß Burgunder (normally refers to Pinot blanc), Weiß Clevner, Weiß Edler, Weiß Elder, Weiß Klewner, Weiß Silber, Weißedler, Weißer Clevner, Weißer Rulander.",France,Lanson Le Blanc de Blancs Brut Champagne,Chardonnay,France,White,
Chardonnay,"Arboisier, Arnaison blanc, Arnoison, Aubain, Aubaine, Auvergnat blanc, Auvernas, Auvernas blanc, Auvernat blanc, Auxeras, Auxerras blanc, Auxerrois blanc, Auxois, Auxois blanc, Bargeois blanc, Beaunois, Biela Klevanjika, Blanc de Champagne, Blanc de Cramant, Breisgauer Suessling, Breisgauer Sussling, Burgundi Feher, Chablis, Chardenai, Chardenay, Chardenet, Chardennet, Chardonay, Chardonnet, Chatenait, Chatey Petit, Chatte, Chaudenay, Chaudenet, Chaudent, Clävner, Clevner Weiss, Cravner, Epinette, Epinette blanc, Epinette blanche, Epinette de Champagne, Ericey blanc, Feher Chardonnay, Feherburgundi, Feinburgunder, Gamay blanc, Gelber Weissburgunder, Gentil blanc, Grosse Bourgogne, Klawner, Klevanjka Biela, Klevner, Lisant, Luisant, Luizannais, Luizant, Luzannois, Maconnais, Maurillon blanc, Melon blanc, Melon D'Arbois, Meroué,[5] Moreau blanc, Morillon blanc, Moulon, Noirien blanc, Obaideh, Petit Chatey, Petit Sainte-Marie, Petite Sainte Marie, Pineau blanc, Pino Sardone, Pino Shardone, Pinot Blanc à Cramant, Pinot Blanc Chardonnay, Pinot Chardonnay, Pinot de Bourgogne, Pinot Giallo, Pinot Planc, Plant de Tonnerre, Romere, Romeret, Rouci Bile, Rousseau, Roussot, Ruländer Weiß, Sainte Marie Petite, Sardone, Shardone, Shardonne, Später Weiß Burgunder, Weiß Burgunder (normally refers to Pinot blanc), Weiß Clevner, Weiß Edler, Weiß Elder, Weiß Klewner, Weiß Silber, Weißedler, Weißer Clevner, Weißer Rulander.",France,Veuve Monnay Brut Champagne NV,Chardonnay,France,White,Crisp & Fruity
Chardonnay,"Arboisier, Arnaison blanc, Arnoison, Aubain, Aubaine, Auvergnat blanc, Auvernas, Auvernas blanc, Auvernat blanc, Auxeras, Auxerras blanc, Auxerrois blanc, Auxois, Auxois blanc, Bargeois blanc, Beaunois, Biela Klevanjika, Blanc de Champagne, Blanc de Cramant, Breisgauer Suessling, Breisgauer Sussling, Burgundi Feher, Chablis, Chardenai, Chardenay, Chardenet, Chardennet, Chardonay, Chardonnet, Chatenait, Chatey Petit, Chatte, Chaudenay, Chaudenet, Chaudent, Clävner, Clevner Weiss, Cravner, Epinette, Epinette blanc, Epinette blanche, Epinette de Champagne, Ericey blanc, Feher Chardonnay, Feherburgundi, Feinburgunder, Gamay blanc, Gelber Weissburgunder, Gentil blanc, Grosse Bourgogne, Klawner, Klevanjka Biela, Klevner, Lisant, Luisant, Luizannais, Luizant, Luzannois, Maconnais, Maurillon blanc, Melon blanc, Melon D'Arbois, Meroué,[5] Moreau blanc, Morillon blanc, Moulon, Noirien blanc, Obaideh, Petit Chatey, Petit Sainte-Marie, Petite Sainte Marie, Pineau blanc, Pino Sardone, Pino Shardone, Pinot Blanc à Cramant, Pinot Blanc Chardonnay, Pinot Chardonnay, Pinot de Bourgogne, Pinot Giallo, Pinot Planc, Plant de Tonnerre, Romere, Romeret, Rouci Bile, Rousseau, Roussot, Ruländer Weiß, Sainte Marie Petite, Sardone, Shardone, Shardonne, Später Weiß Burgunder, Weiß Burgunder (normally refers to Pinot blanc), Weiß Clevner, Weiß Edler, Weiß Elder, Weiß Klewner, Weiß Silber, Weißedler, Weißer Clevner, Weißer Rulander.",France,Viré-Clessé Vieilles Vignes 2020/22 Christophe Cordier,Chardonnay,France,White,Ripe & Rounded
Chardonnay,"Arboisier, Arnaison blanc, Arnoison, Aubain, Aubaine, Auvergnat blanc, Auvernas, Auvernas blanc, Auvernat blanc, Auxeras, Auxerras blanc, Auxerrois blanc, Auxois, Auxois blanc, Bargeois blanc, Beaunois, Biela Klevanjika, Blanc de Champagne, Blanc de Cramant, Breisgauer Suessling, Breisgauer Sussling, Burgundi Feher, Chablis, Chardenai, Chardenay, Chardenet, Chardennet, Chardonay, Chardonnet, Chatenait, Chatey Petit, Chatte, Chaudenay, Chaudenet, Chaudent, Clävner, Clevner Weiss, Cravner, Epinette, Epinette blanc, Epinette blanche, Epinette de Champagne, Ericey blanc, Feher Chardonnay, Feherburgundi, Feinburgunder, Gamay blanc, Gelber Weissburgunder, Gentil blanc, Grosse Bourgogne, Klawner, Klevanjka Biela, Klevner, Lisant, Luisant, Luizannais, Luizant, Luzannois, Maconnais, Maurillon blanc, Melon blanc, Melon D'Arbois, Meroué,[5] Moreau blanc, Morillon blanc, Moulon, Noirien blanc, Obaideh, Petit Chatey, Petit Sainte-Marie, Petite Sainte Marie, Pineau blanc, Pino Sardone, Pino Shardone, Pinot Blanc à Cramant, Pinot Blanc Chardonnay, Pinot Chardonnay, Pinot de Bourgogne, Pinot Giallo, Pinot Planc, Plant de Tonnerre, Romere, Romeret, Rouci Bile, Rousseau, Roussot, Ruländer Weiß, Sainte Marie Petite, Sardone, Shardone, Shardonne, Später Weiß Burgunder, Weiß Burgunder (normally refers to Pinot blanc), Weiß Clevner, Weiß Edler, Weiß Elder, Weiß Klewner, Weiß Silber, Weißedler, Weißer Clevner, Weißer Rulander.",France,"Creation Chardonnay 2021/22, Walker Bay",Chardonnay,South Africa,White,Ripe & Rounded
Chardonnay,"Arboisier, Arnaison blanc, Arnoison, Aubain, Aubaine, Auvergnat blanc, Auvernas, Auvernas blanc, Auvernat blanc, Auxeras, Auxerras blanc, Auxerrois blanc, Auxois, Auxois blanc, Bargeois blanc, Beaunois, Biela Klevanjika, Blanc de Champagne, Blanc de Cramant, Breisgauer Suessling, Breisgauer Sussling, Burgundi Feher, Chablis, Chardenai, Chardenay, Chardenet, Chardennet, Chardonay, Chardonnet, Chatenait, Chatey Petit, Chatte, Chaudenay, Chaudenet, Chaudent, Clävner, Clevner Weiss, Cravner, Epinette, Epinette blanc, Epinette blanche, Epinette de Champagne, Ericey blanc, Feher Chardonnay, Feherburgundi, Feinburgunder, Gamay blanc, Gelber Weissburgunder, Gentil blanc, Grosse Bourgogne, Klawner, Klevanjka Biela, Klevner, Lisant, Luisant, Luizannais, Luizant, Luzannois, Maconnais, Maurillon blanc, Melon blanc, Melon D'Arbois, Meroué,[5] Moreau blanc, Morillon blanc, Moulon, Noirien blanc, Obaideh, Petit Chatey, Petit Sainte-Marie, Petite Sainte Marie, Pineau blanc, Pino Sardone, Pino Shardone, Pinot Blanc à Cramant, Pinot Blanc Chardonnay, Pinot Chardonnay, Pinot de Bourgogne, Pinot Giallo, Pinot Planc, Plant de Tonnerre, Romere, Romeret, Rouci Bile, Rousseau, Roussot, Ruländer Weiß, Sainte Marie Petite, Sardone, Shardone, Shardonne, Später Weiß Burgunder, Weiß Burgunder (normally refers to Pinot blanc), Weiß Clevner, Weiß Edler, Weiß Elder, Weiß Klewner, Weiß Silber, Weißedler, Weißer Clevner, Weißer Rulander.",France,"Ten Minutes By Tractor Estate Chardonnay 2019/20, Mornington Peninsula",Chardonnay,Australia,White,Rich & Toasty
Chardonnay,"Arboisier, Arnaison blanc, Arnoison, Aubain, Aubaine, Auvergnat blanc, Auvernas, Auvernas blanc, Auvernat blanc, Auxeras, Auxerras blanc, Auxerrois blanc, Auxois, Auxois blanc, Bargeois blanc, Beaunois, Biela Klevanjika, Blanc de Champagne, Blanc de Cramant, Breisgauer Suessling, Breisgauer Sussling, Burgundi Feher, Chablis, Chardenai, Chardenay, Chardenet, Chardennet, Chardonay, Chardonnet, Chatenait, Chatey Petit, Chatte, Chaudenay, Chaudenet, Chaudent, Clävner, Clevner Weiss, Cravner, Epinette, Epinette blanc, Epinette blanche, Epinette de Champagne, Ericey blanc, Feher Chardonnay, Feherburgundi, Feinburgunder, Gamay blanc, Gelber Weissburgunder, Gentil blanc, Grosse Bourgogne, Klawner, Klevanjka Biela, Klevner, Lisant, Luisant, Luizannais, Luizant, Luzannois, Maconnais, Maurillon blanc, Melon blanc, Melon D'Arbois, Meroué,[5] Moreau blanc, Morillon blanc, Moulon, Noirien blanc, Obaideh, Petit Chatey, Petit Sainte-Marie, Petite Sainte Marie, Pineau blanc, Pino Sardone, Pino Shardone, Pinot Blanc à Cramant, Pinot Blanc Chardonnay, Pinot Chardonnay, Pinot de Bourgogne, Pinot Giallo, Pinot Planc, Plant de Tonnerre, Romere, Romeret, Rouci Bile, Rousseau, Roussot, Ruländer Weiß, Sainte Marie Petite, Sardone, Shardone, Shardonne, Später Weiß Burgunder, Weiß Burgunder (normally refers to Pinot blanc), Weiß Clevner, Weiß Edler, Weiß Elder, Weiß Klewner, Weiß Silber, Weißedler, Weißer Clevner, Weißer Rulander.",France,Nicolas Feuillatte Champagne Half Bottle,Chardonnay,France,White,Crisp & Fruity
Chardonnay,"Arboisier, Arnaison blanc, Arnoison, Aubain, Aubaine, Auvergnat blanc, Auvernas, Auvernas blanc, Auvernat blanc, Auxeras, Auxerras blanc, Auxerrois blanc, Auxois, Auxois blanc, Bargeois blanc, Beaunois, Biela Klevanjika, Blanc de Champagne, Blanc de Cramant, Breisgauer Suessling, Breisgauer Sussling, Burgundi Feher, Chablis, Chardenai, Chardenay, Chardenet, Chardennet, Chardonay, Chardonnet, Chatenait, Chatey Petit, Chatte, Chaudenay, Chaudenet, Chaudent, Clävner, Clevner Weiss, Cravner, Epinette, Epinette blanc, Epinette blanche, Epinette de Champagne, Ericey blanc, Feher Chardonnay, Feherburgundi, Feinburgunder, Gamay blanc, Gelber Weissburgunder, Gentil blanc, Grosse Bourgogne, Klawner, Klevanjka Biela, Klevner, Lisant, Luisant, Luizannais, Luizant, Luzannois, Maconnais, Maurillon blanc, Melon blanc, Melon D'Arbois, Meroué,[5] Moreau blanc, Morillon blanc, Moulon, Noirien blanc, Obaideh, Petit Chatey, Petit Sainte-Marie, Petite Sainte Marie, Pineau blanc, Pino Sardone, Pino Shardone, Pinot Blanc à Cramant, Pinot Blanc Chardonnay, Pinot Chardonnay, Pinot de Bourgogne, Pinot Giallo, Pinot Planc, Plant de Tonnerre, Romere, Romeret, Rouci Bile, Rousseau, Roussot, Ruländer Weiß, Sainte Marie Petite, Sardone, Shardone, Shardonne, Später Weiß Burgunder, Weiß Burgunder (normally refers to Pinot blanc), Weiß Clevner, Weiß Edler, Weiß Elder, Weiß Klewner, Weiß Silber, Weißedler, Weißer Clevner, Weißer Rulander.",France,"Luis Felipe Edwards Gran Reserva Chardonnay 2021/22, Casablanca Valley",Chardonnay,Chile,White,Rich & Toasty
Chardonnay,"Arboisier, Arnaison blanc, Arnoison, Aubain, Aubaine, Auvergnat blanc, Auvernas, Auvernas blanc, Auvernat blanc, Auxeras, Auxerras blanc, Auxerrois blanc, Auxois, Auxois blanc, Bargeois blanc, Beaunois, Biela Klevanjika, Blanc de Champagne, Blanc de Cramant, Breisgauer Suessling, Breisgauer Sussling, Burgundi Feher, Chablis, Chardenai, Chardenay, Chardenet, Chardennet, Chardonay, Chardonnet, Chatenait, Chatey Petit, Chatte, Chaudenay, Chaudenet, Chaudent, Clävner, Clevner Weiss, Cravner, Epinette, Epinette blanc, Epinette blanche, Epinette de Champagne, Ericey blanc, Feher Chardonnay, Feherburgundi, Feinburgunder, Gamay blanc, Gelber Weissburgunder, Gentil blanc, Grosse Bourgogne, Klawner, Klevanjka Biela, Klevner, Lisant, Luisant, Luizannais, Luizant, Luzannois, Maconnais, Maurillon blanc, Melon blanc, Melon D'Arbois, Meroué,[5] Moreau blanc, Morillon blanc, Moulon, Noirien blanc, Obaideh, Petit Chatey, Petit Sainte-Marie, Petite Sainte Marie, Pineau blanc, Pino Sardone, Pino Shardone, Pinot Blanc à Cramant, Pinot Blanc Chardonnay, Pinot Chardonnay, Pinot de Bourgogne, Pinot Giallo, Pinot Planc, Plant de Tonnerre, Romere, Romeret, Rouci Bile, Rousseau, Roussot, Ruländer Weiß, Sainte Marie Petite, Sardone, Shardone, Shardonne, Später Weiß Burgunder, Weiß Burgunder (normally refers to Pinot blanc), Weiß Clevner, Weiß Edler, Weiß Elder, Weiß Klewner, Weiß Silber, Weißedler, Weißer Clevner, Weißer Rulander.",France,Taittinger Comtes de Champagne 2011/12,Chardonnay,France,White,Rich & Toasty
Chardonnay,"Arboisier, Arnaison blanc, Arnoison, Aubain, Aubaine, Auvergnat blanc, Auvernas, Auvernas blanc, Auvernat blanc, Auxeras, Auxerras blanc, Auxerrois blanc, Auxois, Auxois blanc, Bargeois blanc, Beaunois, Biela Klevanjika, Blanc de Champagne, Blanc de Cramant, Breisgauer Suessling, Breisgauer Sussling, Burgundi Feher, Chablis, Chardenai, Chardenay, Chardenet, Chardennet, Chardonay, Chardonnet, Chatenait, Chatey Petit, Chatte, Chaudenay, Chaudenet, Chaudent, Clävner, Clevner Weiss, Cravner, Epinette, Epinette blanc, Epinette blanche, Epinette de Champagne, Ericey blanc, Feher Chardonnay, Feherburgundi, Feinburgunder, Gamay blanc, Gelber Weissburgunder, Gentil blanc, Grosse Bourgogne, Klawner, Klevanjka Biela, Klevner, Lisant, Luisant, Luizannais, Luizant, Luzannois, Maconnais, Maurillon blanc, Melon blanc, Melon D'Arbois, Meroué,[5] Moreau blanc, Morillon blanc, Moulon, Noirien blanc, Obaideh, Petit Chatey, Petit Sainte-Marie, Petite Sainte Marie, Pineau blanc, Pino Sardone, Pino Shardone, Pinot Blanc à Cramant, Pinot Blanc Chardonnay, Pinot Chardonnay, Pinot de Bourgogne, Pinot Giallo, Pinot Planc, Plant de Tonnerre, Romere, Romeret, Rouci Bile, Rousseau, Roussot, Ruländer Weiß, Sainte Marie Petite, Sardone, Shardone, Shardonne, Später Weiß Burgunder, Weiß Burgunder (normally refers to Pinot blanc), Weiß Clevner, Weiß Edler, Weiß Elder, Weiß Klewner, Weiß Silber, Weißedler, Weißer Clevner, Weißer Rulander.",France,"Mayacamas Chardonnay 2015, California",Chardonnay,USA,White,Rich & Toasty
Chardonnay,"Arboisier, Arnaison blanc, Arnoison, Aubain, Aubaine, Auvergnat blanc, Auvernas, Auvernas blanc, Auvernat blanc, Auxeras, Auxerras blanc, Auxerrois blanc, Auxois, Auxois blanc, Bargeois blanc, Beaunois, Biela Klevanjika, Blanc de Champagne, Blanc de Cramant, Breisgauer Suessling, Breisgauer Sussling, Burgundi Feher, Chablis, Chardenai, Chardenay, Chardenet, Chardennet, Chardonay, Chardonnet, Chatenait, Chatey Petit, Chatte, Chaudenay, Chaudenet, Chaudent, Clävner, Clevner Weiss, Cravner, Epinette, Epinette blanc, Epinette blanche, Epinette de Champagne, Ericey blanc, Feher Chardonnay, Feherburgundi, Feinburgunder, Gamay blanc, Gelber Weissburgunder, Gentil blanc, Grosse Bourgogne, Klawner, Klevanjka Biela, Klevner, Lisant, Luisant, Luizannais, Luizant, Luzannois, Maconnais, Maurillon blanc, Melon blanc, Melon D'Arbois, Meroué,[5] Moreau blanc, Morillon blanc, Moulon, Noirien blanc, Obaideh, Petit Chatey, Petit Sainte-Marie, Petite Sainte Marie, Pineau blanc, Pino Sardone, Pino Shardone, Pinot Blanc à Cramant, Pinot Blanc Chardonnay, Pinot Chardonnay, Pinot de Bourgogne, Pinot Giallo, Pinot Planc, Plant de Tonnerre, Romere, Romeret, Rouci Bile, Rousseau, Roussot, Ruländer Weiß, Sainte Marie Petite, Sardone, Shardone, Shardonne, Später Weiß Burgunder, Weiß Burgunder (normally refers to Pinot blanc), Weiß Clevner, Weiß Edler, Weiß Elder, Weiß Klewner, Weiß Silber, Weißedler, Weißer Clevner, Weißer Rulander.",France,"Bread & Butter 'Winemaker's Selection' Chardonnay 2020/21, California",Chardonnay,USA,White,Rich & Toasty
Chardonnay,"Arboisier, Arnaison blanc, Arnoison, Aubain, Aubaine, Auvergnat blanc, Auvernas, Auvernas blanc, Auvernat blanc, Auxeras, Auxerras blanc, Auxerrois blanc, Auxois, Auxois blanc, Bargeois blanc, Beaunois, Biela Klevanjika, Blanc de Champagne, Blanc de Cramant, Breisgauer Suessling, Breisgauer Sussling, Burgundi Feher, Chablis, Chardenai, Chardenay, Chardenet, Chardennet, Chardonay, Chardonnet, Chatenait, Chatey Petit, Chatte, Chaudenay, Chaudenet, Chaudent, Clävner, Clevner Weiss, Cravner, Epinette, Epinette blanc, Epinette blanche, Epinette de Champagne, Ericey blanc, Feher Chardonnay, Feherburgundi, Feinburgunder, Gamay blanc, Gelber Weissburgunder, Gentil blanc, Grosse Bourgogne, Klawner, Klevanjka Biela, Klevner, Lisant, Luisant, Luizannais, Luizant, Luzannois, Maconnais, Maurillon blanc, Melon blanc, Melon D'Arbois, Meroué,[5] Moreau blanc, Morillon blanc, Moulon, Noirien blanc, Obaideh, Petit Chatey, Petit Sainte-Marie, Petite Sainte Marie, Pineau blanc, Pino Sardone, Pino Shardone, Pinot Blanc à Cramant, Pinot Blanc Chardonnay, Pinot Chardonnay, Pinot de Bourgogne, Pinot Giallo, Pinot Planc, Plant de Tonnerre, Romere, Romeret, Rouci Bile, Rousseau, Roussot, Ruländer Weiß, Sainte Marie Petite, Sardone, Shardone, Shardonne, Später Weiß Burgunder, Weiß Burgunder (normally refers to Pinot blanc), Weiß Clevner, Weiß Edler, Weiß Elder, Weiß Klewner, Weiß Silber, Weißedler, Weißer Clevner, Weißer Rulander.",France,Taittinger Comtes de Champagne 2008,Chardonnay,France,White,Rich & Toasty
Chardonnay,"Arboisier, Arnaison blanc, Arnoison, Aubain, Aubaine, Auvergnat blanc, Auvernas, Auvernas blanc, Auvernat blanc, Auxeras, Auxerras blanc, Auxerrois blanc, Auxois, Auxois blanc, Bargeois blanc, Beaunois, Biela Klevanjika, Blanc de Champagne, Blanc de Cramant, Breisgauer Suessling, Breisgauer Sussling, Burgundi Feher, Chablis, Chardenai, Chardenay, Chardenet, Chardennet, Chardonay, Chardonnet, Chatenait, Chatey Petit, Chatte, Chaudenay, Chaudenet, Chaudent, Clävner, Clevner Weiss, Cravner, Epinette, Epinette blanc, Epinette blanche, Epinette de Champagne, Ericey blanc, Feher Chardonnay, Feherburgundi, Feinburgunder, Gamay blanc, Gelber Weissburgunder, Gentil blanc, Grosse Bourgogne, Klawner, Klevanjka Biela, Klevner, Lisant, Luisant, Luizannais, Luizant, Luzannois, Maconnais, Maurillon blanc, Melon blanc, Melon D'Arbois, Meroué,[5] Moreau blanc, Morillon blanc, Moulon, Noirien blanc, Obaideh, Petit Chatey, Petit Sainte-Marie, Petite Sainte Marie, Pineau blanc, Pino Sardone, Pino Shardone, Pinot Blanc à Cramant, Pinot Blanc Chardonnay, Pinot Chardonnay, Pinot de Bourgogne, Pinot Giallo, Pinot Planc, Plant de Tonnerre, Romere, Romeret, Rouci Bile, Rousseau, Roussot, Ruländer Weiß, Sainte Marie Petite, Sardone, Shardone, Shardonne, Später Weiß Burgunder, Weiß Burgunder (normally refers to Pinot blanc), Weiß Clevner, Weiß Edler, Weiß Elder, Weiß Klewner, Weiß Silber, Weißedler, Weißer Clevner, Weißer Rulander.",France,"Wolf Blass Yellow Label Chardonnay 2021/22, South Australia",Chardonnay,Australia,White,Ripe & Rounded
Chardonnay,"Arboisier, Arnaison blanc, Arnoison, Aubain, Aubaine, Auvergnat blanc, Auvernas, Auvernas blanc, Auvernat blanc, Auxeras, Auxerras blanc, Auxerrois blanc, Auxois, Auxois blanc, Bargeois blanc, Beaunois, Biela Klevanjika, Blanc de Champagne, Blanc de Cramant, Breisgauer Suessling, Breisgauer Sussling, Burgundi Feher, Chablis, Chardenai, Chardenay, Chardenet, Chardennet, Chardonay, Chardonnet, Chatenait, Chatey Petit, Chatte, Chaudenay, Chaudenet, Chaudent, Clävner, Clevner Weiss, Cravner, Epinette, Epinette blanc, Epinette blanche, Epinette de Champagne, Ericey blanc, Feher Chardonnay, Feherburgundi, Feinburgunder, Gamay blanc, Gelber Weissburgunder, Gentil blanc, Grosse Bourgogne, Klawner, Klevanjka Biela, Klevner, Lisant, Luisant, Luizannais, Luizant, Luzannois, Maconnais, Maurillon blanc, Melon blanc, Melon D'Arbois, Meroué,[5] Moreau blanc, Morillon blanc, Moulon, Noirien blanc, Obaideh, Petit Chatey, Petit Sainte-Marie, Petite Sainte Marie, Pineau blanc, Pino Sardone, Pino Shardone, Pinot Blanc à Cramant, Pinot Blanc Chardonnay, Pinot Chardonnay, Pinot de Bourgogne, Pinot Giallo, Pinot Planc, Plant de Tonnerre, Romere, Romeret, Rouci Bile, Rousseau, Roussot, Ruländer Weiß, Sainte Marie Petite, Sardone, Shardone, Shardonne, Später Weiß Burgunder, Weiß Burgunder (normally refers to Pinot blanc), Weiß Clevner, Weiß Edler, Weiß Elder, Weiß Klewner, Weiß Silber, Weißedler, Weißer Clevner, Weißer Rulander.",France,"Robert Oatley 'Signature Series' Chardonnay 2021/22, Margaret River",Chardonnay,Australia,White,Rich & Toasty
Chardonnay,"Arboisier, Arnaison blanc, Arnoison, Aubain, Aubaine, Auvergnat blanc, Auvernas, Auvernas blanc, Auvernat blanc, Auxeras, Auxerras blanc, Auxerrois blanc, Auxois, Auxois blanc, Bargeois blanc, Beaunois, Biela Klevanjika, Blanc de Champagne, Blanc de Cramant, Breisgauer Suessling, Breisgauer Sussling, Burgundi Feher, Chablis, Chardenai, Chardenay, Chardenet, Chardennet, Chardonay, Chardonnet, Chatenait, Chatey Petit, Chatte, Chaudenay, Chaudenet, Chaudent, Clävner, Clevner Weiss, Cravner, Epinette, Epinette blanc, Epinette blanche, Epinette de Champagne, Ericey blanc, Feher Chardonnay, Feherburgundi, Feinburgunder, Gamay blanc, Gelber Weissburgunder, Gentil blanc, Grosse Bourgogne, Klawner, Klevanjka Biela, Klevner, Lisant, Luisant, Luizannais, Luizant, Luzannois, Maconnais, Maurillon blanc, Melon blanc, Melon D'Arbois, Meroué,[5] Moreau blanc, Morillon blanc, Moulon, Noirien blanc, Obaideh, Petit Chatey, Petit Sainte-Marie, Petite Sainte Marie, Pineau blanc, Pino Sardone, Pino Shardone, Pinot Blanc à Cramant, Pinot Blanc Chardonnay, Pinot Chardonnay, Pinot de Bourgogne, Pinot Giallo, Pinot Planc, Plant de Tonnerre, Romere, Romeret, Rouci Bile, Rousseau, Roussot, Ruländer Weiß, Sainte Marie Petite, Sardone, Shardone, Shardonne, Später Weiß Burgunder, Weiß Burgunder (normally refers to Pinot blanc), Weiß Clevner, Weiß Edler, Weiß Elder, Weiß Klewner, Weiß Silber, Weißedler, Weißer Clevner, Weißer Rulander.",France,"Stonier Reserve Chardonnay 2016, Mornington Peninsula",Chardonnay,Australia,White,Rich & Toasty
Chardonnay,"Arboisier, Arnaison blanc, Arnoison, Aubain, Aubaine, Auvergnat blanc, Auvernas, Auvernas blanc, Auvernat blanc, Auxeras, Auxerras blanc, Auxerrois blanc, Auxois, Auxois blanc, Bargeois blanc, Beaunois, Biela Klevanjika, Blanc de Champagne, Blanc de Cramant, Breisgauer Suessling, Breisgauer Sussling, Burgundi Feher, Chablis, Chardenai, Chardenay, Chardenet, Chardennet, Chardonay, Chardonnet, Chatenait, Chatey Petit, Chatte, Chaudenay, Chaudenet, Chaudent, Clävner, Clevner Weiss, Cravner, Epinette, Epinette blanc, Epinette blanche, Epinette de Champagne, Ericey blanc, Feher Chardonnay, Feherburgundi, Feinburgunder, Gamay blanc, Gelber Weissburgunder, Gentil blanc, Grosse Bourgogne, Klawner, Klevanjka Biela, Klevner, Lisant, Luisant, Luizannais, Luizant, Luzannois, Maconnais, Maurillon blanc, Melon blanc, Melon D'Arbois, Meroué,[5] Moreau blanc, Morillon blanc, Moulon, Noirien blanc, Obaideh, Petit Chatey, Petit Sainte-Marie, Petite Sainte Marie, Pineau blanc, Pino Sardone, Pino Shardone, Pinot Blanc à Cramant, Pinot Blanc Chardonnay, Pinot Chardonnay, Pinot de Bourgogne, Pinot Giallo, Pinot Planc, Plant de Tonnerre, Romere, Romeret, Rouci Bile, Rousseau, Roussot, Ruländer Weiß, Sainte Marie Petite, Sardone, Shardone, Shardonne, Später Weiß Burgunder, Weiß Burgunder (normally refers to Pinot blanc), Weiß Clevner, Weiß Edler, Weiß Elder, Weiß Klewner, Weiß Silber, Weißedler, Weißer Clevner, Weißer Rulander.",France,"Rupert & Rothschild 'Baroness Nadine' Chardonnay 2021/22, South Africa",Chardonnay,South Africa,White,Rich & Toasty
Chardonnay,"Arboisier, Arnaison blanc, Arnoison, Aubain, Aubaine, Auvergnat blanc, Auvernas, Auvernas blanc, Auvernat blanc, Auxeras, Auxerras blanc, Auxerrois blanc, Auxois, Auxois blanc, Bargeois blanc, Beaunois, Biela Klevanjika, Blanc de Champagne, Blanc de Cramant, Breisgauer Suessling, Breisgauer Sussling, Burgundi Feher, Chablis, Chardenai, Chardenay, Chardenet, Chardennet, Chardonay, Chardonnet, Chatenait, Chatey Petit, Chatte, Chaudenay, Chaudenet, Chaudent, Clävner, Clevner Weiss, Cravner, Epinette, Epinette blanc, Epinette blanche, Epinette de Champagne, Ericey blanc, Feher Chardonnay, Feherburgundi, Feinburgunder, Gamay blanc, Gelber Weissburgunder, Gentil blanc, Grosse Bourgogne, Klawner, Klevanjka Biela, Klevner, Lisant, Luisant, Luizannais, Luizant, Luzannois, Maconnais, Maurillon blanc, Melon blanc, Melon D'Arbois, Meroué,[5] Moreau blanc, Morillon blanc, Moulon, Noirien blanc, Obaideh, Petit Chatey, Petit Sainte-Marie, Petite Sainte Marie, Pineau blanc, Pino Sardone, Pino Shardone, Pinot Blanc à Cramant, Pinot Blanc Chardonnay, Pinot Chardonnay, Pinot de Bourgogne, Pinot Giallo, Pinot Planc, Plant de Tonnerre, Romere, Romeret, Rouci Bile, Rousseau, Roussot, Ruländer Weiß, Sainte Marie Petite, Sardone, Shardone, Shardonne, Später Weiß Burgunder, Weiß Burgunder (normally refers to Pinot blanc), Weiß Clevner, Weiß Edler, Weiß Elder, Weiß Klewner, Weiß Silber, Weißedler, Weißer Clevner, Weißer Rulander.",France,Canard-Duchêne Brut Champagne,Chardonnay,France,White,Rich & Toasty
Chardonnay,"Arboisier, Arnaison blanc, Arnoison, Aubain, Aubaine, Auvergnat blanc, Auvernas, Auvernas blanc, Auvernat blanc, Auxeras, Auxerras blanc, Auxerrois blanc, Auxois, Auxois blanc, Bargeois blanc, Beaunois, Biela Klevanjika, Blanc de Champagne, Blanc de Cramant, Breisgauer Suessling, Breisgauer Sussling, Burgundi Feher, Chablis, Chardenai, Chardenay, Chardenet, Chardennet, Chardonay, Chardonnet, Chatenait, Chatey Petit, Chatte, Chaudenay, Chaudenet, Chaudent, Clävner, Clevner Weiss, Cravner, Epinette, Epinette blanc, Epinette blanche, Epinette de Champagne, Ericey blanc, Feher Chardonnay, Feherburgundi, Feinburgunder, Gamay blanc, Gelber Weissburgunder, Gentil blanc, Grosse Bourgogne, Klawner, Klevanjka Biela, Klevner, Lisant, Luisant, Luizannais, Luizant, Luzannois, Maconnais, Maurillon blanc, Melon blanc, Melon D'Arbois, Meroué,[5] Moreau blanc, Morillon blanc, Moulon, Noirien blanc, Obaideh, Petit Chatey, Petit Sainte-Marie, Petite Sainte Marie, Pineau blanc, Pino Sardone, Pino Shardone, Pinot Blanc à Cramant, Pinot Blanc Chardonnay, Pinot Chardonnay, Pinot de Bourgogne, Pinot Giallo, Pinot Planc, Plant de Tonnerre, Romere, Romeret, Rouci Bile, Rousseau, Roussot, Ruländer Weiß, Sainte Marie Petite, Sardone, Shardone, Shardonne, Später Weiß Burgunder, Weiß Burgunder (normally refers to Pinot blanc), Weiß Clevner, Weiß Edler, Weiß Elder, Weiß Klewner, Weiß Silber, Weißedler, Weißer Clevner, Weißer Rulander.",France,"Selborne Classic Cuvée Brut, England",Chardonnay,England,White,Crisp & Fruity
Chardonnay,"Arboisier, Arnaison blanc, Arnoison, Aubain, Aubaine, Auvergnat blanc, Auvernas, Auvernas blanc, Auvernat blanc, Auxeras, Auxerras blanc, Auxerrois blanc, Auxois, Auxois blanc, Bargeois blanc, Beaunois, Biela Klevanjika, Blanc de Champagne, Blanc de Cramant, Breisgauer Suessling, Breisgauer Sussling, Burgundi Feher, Chablis, Chardenai, Chardenay, Chardenet, Chardennet, Chardonay, Chardonnet, Chatenait, Chatey Petit, Chatte, Chaudenay, Chaudenet, Chaudent, Clävner, Clevner Weiss, Cravner, Epinette, Epinette blanc, Epinette blanche, Epinette de Champagne, Ericey blanc, Feher Chardonnay, Feherburgundi, Feinburgunder, Gamay blanc, Gelber Weissburgunder, Gentil blanc, Grosse Bourgogne, Klawner, Klevanjka Biela, Klevner, Lisant, Luisant, Luizannais, Luizant, Luzannois, Maconnais, Maurillon blanc, Melon blanc, Melon D'Arbois, Meroué,[5] Moreau blanc, Morillon blanc, Moulon, Noirien blanc, Obaideh, Petit Chatey, Petit Sainte-Marie, Petite Sainte Marie, Pineau blanc, Pino Sardone, Pino Shardone, Pinot Blanc à Cramant, Pinot Blanc Chardonnay, Pinot Chardonnay, Pinot de Bourgogne, Pinot Giallo, Pinot Planc, Plant de Tonnerre, Romere, Romeret, Rouci Bile, Rousseau, Roussot, Ruländer Weiß, Sainte Marie Petite, Sardone, Shardone, Shardonne, Später Weiß Burgunder, Weiß Burgunder (normally refers to Pinot blanc), Weiß Clevner, Weiß Edler, Weiß Elder, Weiß Klewner, Weiß Silber, Weißedler, Weißer Clevner, Weißer Rulander.",France,Olivier Tricon ‘Léon Valleret’ Chablis 2020,Chardonnay,France,White,Fresh & Elegant
Chardonnay,"Arboisier, Arnaison blanc, Arnoison, Aubain, Aubaine, Auvergnat blanc, Auvernas, Auvernas blanc, Auvernat blanc, Auxeras, Auxerras blanc, Auxerrois blanc, Auxois, Auxois blanc, Bargeois blanc, Beaunois, Biela Klevanjika, Blanc de Champagne, Blanc de Cramant, Breisgauer Suessling, Breisgauer Sussling, Burgundi Feher, Chablis, Chardenai, Chardenay, Chardenet, Chardennet, Chardonay, Chardonnet, Chatenait, Chatey Petit, Chatte, Chaudenay, Chaudenet, Chaudent, Clävner, Clevner Weiss, Cravner, Epinette, Epinette blanc, Epinette blanche, Epinette de Champagne, Ericey blanc, Feher Chardonnay, Feherburgundi, Feinburgunder, Gamay blanc, Gelber Weissburgunder, Gentil blanc, Grosse Bourgogne, Klawner, Klevanjka Biela, Klevner, Lisant, Luisant, Luizannais, Luizant, Luzannois, Maconnais, Maurillon blanc, Melon blanc, Melon D'Arbois, Meroué,[5] Moreau blanc, Morillon blanc, Moulon, Noirien blanc, Obaideh, Petit Chatey, Petit Sainte-Marie, Petite Sainte Marie, Pineau blanc, Pino Sardone, Pino Shardone, Pinot Blanc à Cramant, Pinot Blanc Chardonnay, Pinot Chardonnay, Pinot de Bourgogne, Pinot Giallo, Pinot Planc, Plant de Tonnerre, Romere, Romeret, Rouci Bile, Rousseau, Roussot, Ruländer Weiß, Sainte Marie Petite, Sardone, Shardone, Shardonne, Später Weiß Burgunder, Weiß Burgunder (normally refers to Pinot blanc), Weiß Clevner, Weiß Edler, Weiß Elder, Weiß Klewner, Weiß Silber, Weißedler, Weißer Clevner, Weißer Rulander.",France,Louis Jadot 'Les Roches Blanches' Mâcon-Villages 2022,Chardonnay,France,White,Ripe & Rounded
Chardonnay,"Arboisier, Arnaison blanc, Arnoison, Aubain, Aubaine, Auvergnat blanc, Auvernas, Auvernas blanc, Auvernat blanc, Auxeras, Auxerras blanc, Auxerrois blanc, Auxois, Auxois blanc, Bargeois blanc, Beaunois, Biela Klevanjika, Blanc de Champagne, Blanc de Cramant, Breisgauer Suessling, Breisgauer Sussling, Burgundi Feher, Chablis, Chardenai, Chardenay, Chardenet, Chardennet, Chardonay, Chardonnet, Chatenait, Chatey Petit, Chatte, Chaudenay, Chaudenet, Chaudent, Clävner, Clevner Weiss, Cravner, Epinette, Epinette blanc, Epinette blanche, Epinette de Champagne, Ericey blanc, Feher Chardonnay, Feherburgundi, Feinburgunder, Gamay blanc, Gelber Weissburgunder, Gentil blanc, Grosse Bourgogne, Klawner, Klevanjka Biela, Klevner, Lisant, Luisant, Luizannais, Luizant, Luzannois, Maconnais, Maurillon blanc, Melon blanc, Melon D'Arbois, Meroué,[5] Moreau blanc, Morillon blanc, Moulon, Noirien blanc, Obaideh, Petit Chatey, Petit Sainte-Marie, Petite Sainte Marie, Pineau blanc, Pino Sardone, Pino Shardone, Pinot Blanc à Cramant, Pinot Blanc Chardonnay, Pinot Chardonnay, Pinot de Bourgogne, Pinot Giallo, Pinot Planc, Plant de Tonnerre, Romere, Romeret, Rouci Bile, Rousseau, Roussot, Ruländer Weiß, Sainte Marie Petite, Sardone, Shardone, Shardonne, Später Weiß Burgunder, Weiß Burgunder (normally refers to Pinot blanc), Weiß Clevner, Weiß Edler, Weiß Elder, Weiß Klewner, Weiß Silber, Weißedler, Weißer Clevner, Weißer Rulander.",France,"Saint Clair 'Pioneer Block' Chardonnay 2019/20, Marlborough",Chardonnay,New Zealand,White,Rich & Toasty
Chardonnay,"Arboisier, Arnaison blanc, Arnoison, Aubain, Aubaine, Auvergnat blanc, Auvernas, Auvernas blanc, Auvernat blanc, Auxeras, Auxerras blanc, Auxerrois blanc, Auxois, Auxois blanc, Bargeois blanc, Beaunois, Biela Klevanjika, Blanc de Champagne, Blanc de Cramant, Breisgauer Suessling, Breisgauer Sussling, Burgundi Feher, Chablis, Chardenai, Chardenay, Chardenet, Chardennet, Chardonay, Chardonnet, Chatenait, Chatey Petit, Chatte, Chaudenay, Chaudenet, Chaudent, Clävner, Clevner Weiss, Cravner, Epinette, Epinette blanc, Epinette blanche, Epinette de Champagne, Ericey blanc, Feher Chardonnay, Feherburgundi, Feinburgunder, Gamay blanc, Gelber Weissburgunder, Gentil blanc, Grosse Bourgogne, Klawner, Klevanjka Biela, Klevner, Lisant, Luisant, Luizannais, Luizant, Luzannois, Maconnais, Maurillon blanc, Melon blanc, Melon D'Arbois, Meroué,[5] Moreau blanc, Morillon blanc, Moulon, Noirien blanc, Obaideh, Petit Chatey, Petit Sainte-Marie, Petite Sainte Marie, Pineau blanc, Pino Sardone, Pino Shardone, Pinot Blanc à Cramant, Pinot Blanc Chardonnay, Pinot Chardonnay, Pinot de Bourgogne, Pinot Giallo, Pinot Planc, Plant de Tonnerre, Romere, Romeret, Rouci Bile, Rousseau, Roussot, Ruländer Weiß, Sainte Marie Petite, Sardone, Shardone, Shardonne, Später Weiß Burgunder, Weiß Burgunder (normally refers to Pinot blanc), Weiß Clevner, Weiß Edler, Weiß Elder, Weiß Klewner, Weiß Silber, Weißedler, Weißer Clevner, Weißer Rulander.",France,Veuve Clicquot 'La Grande Dame' 2012/15 Champagne,Chardonnay,France,White,Rich & Toasty
Chardonnay,"Arboisier, Arnaison blanc, Arnoison, Aubain, Aubaine, Auvergnat blanc, Auvernas, Auvernas blanc, Auvernat blanc, Auxeras, Auxerras blanc, Auxerrois blanc, Auxois, Auxois blanc, Bargeois blanc, Beaunois, Biela Klevanjika, Blanc de Champagne, Blanc de Cramant, Breisgauer Suessling, Breisgauer Sussling, Burgundi Feher, Chablis, Chardenai, Chardenay, Chardenet, Chardennet, Chardonay, Chardonnet, Chatenait, Chatey Petit, Chatte, Chaudenay, Chaudenet, Chaudent, Clävner, Clevner Weiss, Cravner, Epinette, Epinette blanc, Epinette blanche, Epinette de Champagne, Ericey blanc, Feher Chardonnay, Feherburgundi, Feinburgunder, Gamay blanc, Gelber Weissburgunder, Gentil blanc, Grosse Bourgogne, Klawner, Klevanjka Biela, Klevner, Lisant, Luisant, Luizannais, Luizant, Luzannois, Maconnais, Maurillon blanc, Melon blanc, Melon D'Arbois, Meroué,[5] Moreau blanc, Morillon blanc, Moulon, Noirien blanc, Obaideh, Petit Chatey, Petit Sainte-Marie, Petite Sainte Marie, Pineau blanc, Pino Sardone, Pino Shardone, Pinot Blanc à Cramant, Pinot Blanc Chardonnay, Pinot Chardonnay, Pinot de Bourgogne, Pinot Giallo, Pinot Planc, Plant de Tonnerre, Romere, Romeret, Rouci Bile, Rousseau, Roussot, Ruländer Weiß, Sainte Marie Petite, Sardone, Shardone, Shardonne, Später Weiß Burgunder, Weiß Burgunder (normally refers to Pinot blanc), Weiß Clevner, Weiß Edler, Weiß Elder, Weiß Klewner, Weiß Silber, Weißedler, Weißer Clevner, Weißer Rulander.",France,"Definition Chardonnay 2021/22, Limoux",Chardonnay,France,White,Rich & Toasty
Chardonnay,"Arboisier, Arnaison blanc, Arnoison, Aubain, Aubaine, Auvergnat blanc, Auvernas, Auvernas blanc, Auvernat blanc, Auxeras, Auxerras blanc, Auxerrois blanc, Auxois, Auxois blanc, Bargeois blanc, Beaunois, Biela Klevanjika, Blanc de Champagne, Blanc de Cramant, Breisgauer Suessling, Breisgauer Sussling, Burgundi Feher, Chablis, Chardenai, Chardenay, Chardenet, Chardennet, Chardonay, Chardonnet, Chatenait, Chatey Petit, Chatte, Chaudenay, Chaudenet, Chaudent, Clävner, Clevner Weiss, Cravner, Epinette, Epinette blanc, Epinette blanche, Epinette de Champagne, Ericey blanc, Feher Chardonnay, Feherburgundi, Feinburgunder, Gamay blanc, Gelber Weissburgunder, Gentil blanc, Grosse Bourgogne, Klawner, Klevanjka Biela, Klevner, Lisant, Luisant, Luizannais, Luizant, Luzannois, Maconnais, Maurillon blanc, Melon blanc, Melon D'Arbois, Meroué,[5] Moreau blanc, Morillon blanc, Moulon, Noirien blanc, Obaideh, Petit Chatey, Petit Sainte-Marie, Petite Sainte Marie, Pineau blanc, Pino Sardone, Pino Shardone, Pinot Blanc à Cramant, Pinot Blanc Chardonnay, Pinot Chardonnay, Pinot de Bourgogne, Pinot Giallo, Pinot Planc, Plant de Tonnerre, Romere, Romeret, Rouci Bile, Rousseau, Roussot, Ruländer Weiß, Sainte Marie Petite, Sardone, Shardone, Shardonne, Später Weiß Burgunder, Weiß Burgunder (normally refers to Pinot blanc), Weiß Clevner, Weiß Edler, Weiß Elder, Weiß Klewner, Weiß Silber, Weißedler, Weißer Clevner, Weißer Rulander.",France,"Rustenberg ‘Five Soldiers’ Chardonnay 2021, Stellenbosch",Chardonnay,South Africa,White,Ripe & Rounded
Chardonnay,"Arboisier, Arnaison blanc, Arnoison, Aubain, Aubaine, Auvergnat blanc, Auvernas, Auvernas blanc, Auvernat blanc, Auxeras, Auxerras blanc, Auxerrois blanc, Auxois, Auxois blanc, Bargeois blanc, Beaunois, Biela Klevanjika, Blanc de Champagne, Blanc de Cramant, Breisgauer Suessling, Breisgauer Sussling, Burgundi Feher, Chablis, Chardenai, Chardenay, Chardenet, Chardennet, Chardonay, Chardonnet, Chatenait, Chatey Petit, Chatte, Chaudenay, Chaudenet, Chaudent, Clävner, Clevner Weiss, Cravner, Epinette, Epinette blanc, Epinette blanche, Epinette de Champagne, Ericey blanc, Feher Chardonnay, Feherburgundi, Feinburgunder, Gamay blanc, Gelber Weissburgunder, Gentil blanc, Grosse Bourgogne, Klawner, Klevanjka Biela, Klevner, Lisant, Luisant, Luizannais, Luizant, Luzannois, Maconnais, Maurillon blanc, Melon blanc, Melon D'Arbois, Meroué,[5] Moreau blanc, Morillon blanc, Moulon, Noirien blanc, Obaideh, Petit Chatey, Petit Sainte-Marie, Petite Sainte Marie, Pineau blanc, Pino Sardone, Pino Shardone, Pinot Blanc à Cramant, Pinot Blanc Chardonnay, Pinot Chardonnay, Pinot de Bourgogne, Pinot Giallo, Pinot Planc, Plant de Tonnerre, Romere, Romeret, Rouci Bile, Rousseau, Roussot, Ruländer Weiß, Sainte Marie Petite, Sardone, Shardone, Shardonne, Später Weiß Burgunder, Weiß Burgunder (normally refers to Pinot blanc), Weiß Clevner, Weiß Edler, Weiß Elder, Weiß Klewner, Weiß Silber, Weißedler, Weißer Clevner, Weißer Rulander.",France,Veuve Clicquot Rosé Champagne,Chardonnay,France,Rosé,Crisp & Fruity
Chardonnay,"Arboisier, Arnaison blanc, Arnoison, Aubain, Aubaine, Auvergnat blanc, Auvernas, Auvernas blanc, Auvernat blanc, Auxeras, Auxerras blanc, Auxerrois blanc, Auxois, Auxois blanc, Bargeois blanc, Beaunois, Biela Klevanjika, Blanc de Champagne, Blanc de Cramant, Breisgauer Suessling, Breisgauer Sussling, Burgundi Feher, Chablis, Chardenai, Chardenay, Chardenet, Chardennet, Chardonay, Chardonnet, Chatenait, Chatey Petit, Chatte, Chaudenay, Chaudenet, Chaudent, Clävner, Clevner Weiss, Cravner, Epinette, Epinette blanc, Epinette blanche, Epinette de Champagne, Ericey blanc, Feher Chardonnay, Feherburgundi, Feinburgunder, Gamay blanc, Gelber Weissburgunder, Gentil blanc, Grosse Bourgogne, Klawner, Klevanjka Biela, Klevner, Lisant, Luisant, Luizannais, Luizant, Luzannois, Maconnais, Maurillon blanc, Melon blanc, Melon D'Arbois, Meroué,[5] Moreau blanc, Morillon blanc, Moulon, Noirien blanc, Obaideh, Petit Chatey, Petit Sainte-Marie, Petite Sainte Marie, Pineau blanc, Pino Sardone, Pino Shardone, Pinot Blanc à Cramant, Pinot Blanc Chardonnay, Pinot Chardonnay, Pinot de Bourgogne, Pinot Giallo, Pinot Planc, Plant de Tonnerre, Romere, Romeret, Rouci Bile, Rousseau, Roussot, Ruländer Weiß, Sainte Marie Petite, Sardone, Shardone, Shardonne, Später Weiß Burgunder, Weiß Burgunder (normally refers to Pinot blanc), Weiß Clevner, Weiß Edler, Weiß Elder, Weiß Klewner, Weiß Silber, Weißedler, Weißer Clevner, Weißer Rulander.",France,Pommery 'Cuvée Louise' 2005 Vintage Champagne,Chardonnay,France,White,Rich & Toasty
Chardonnay,"Arboisier, Arnaison blanc, Arnoison, Aubain, Aubaine, Auvergnat blanc, Auvernas, Auvernas blanc, Auvernat blanc, Auxeras, Auxerras blanc, Auxerrois blanc, Auxois, Auxois blanc, Bargeois blanc, Beaunois, Biela Klevanjika, Blanc de Champagne, Blanc de Cramant, Breisgauer Suessling, Breisgauer Sussling, Burgundi Feher, Chablis, Chardenai, Chardenay, Chardenet, Chardennet, Chardonay, Chardonnet, Chatenait, Chatey Petit, Chatte, Chaudenay, Chaudenet, Chaudent, Clävner, Clevner Weiss, Cravner, Epinette, Epinette blanc, Epinette blanche, Epinette de Champagne, Ericey blanc, Feher Chardonnay, Feherburgundi, Feinburgunder, Gamay blanc, Gelber Weissburgunder, Gentil blanc, Grosse Bourgogne, Klawner, Klevanjka Biela, Klevner, Lisant, Luisant, Luizannais, Luizant, Luzannois, Maconnais, Maurillon blanc, Melon blanc, Melon D'Arbois, Meroué,[5] Moreau blanc, Morillon blanc, Moulon, Noirien blanc, Obaideh, Petit Chatey, Petit Sainte-Marie, Petite Sainte Marie, Pineau blanc, Pino Sardone, Pino Shardone, Pinot Blanc à Cramant, Pinot Blanc Chardonnay, Pinot Chardonnay, Pinot de Bourgogne, Pinot Giallo, Pinot Planc, Plant de Tonnerre, Romere, Romeret, Rouci Bile, Rousseau, Roussot, Ruländer Weiß, Sainte Marie Petite, Sardone, Shardone, Shardonne, Später Weiß Burgunder, Weiß Burgunder (normally refers to Pinot blanc), Weiß Clevner, Weiß Edler, Weiß Elder, Weiß Klewner, Weiß Silber, Weißedler, Weißer Clevner, Weißer Rulander.",France,Ropiteau Frères Chassagne-Montrachet 2020/21,Chardonnay,France,White,Rich & Toasty
Chardonnay,"Arboisier, Arnaison blanc, Arnoison, Aubain, Aubaine, Auvergnat blanc, Auvernas, Auvernas blanc, Auvernat blanc, Auxeras, Auxerras blanc, Auxerrois blanc, Auxois, Auxois blanc, Bargeois blanc, Beaunois, Biela Klevanjika, Blanc de Champagne, Blanc de Cramant, Breisgauer Suessling, Breisgauer Sussling, Burgundi Feher, Chablis, Chardenai, Chardenay, Chardenet, Chardennet, Chardonay, Chardonnet, Chatenait, Chatey Petit, Chatte, Chaudenay, Chaudenet, Chaudent, Clävner, Clevner Weiss, Cravner, Epinette, Epinette blanc, Epinette blanche, Epinette de Champagne, Ericey blanc, Feher Chardonnay, Feherburgundi, Feinburgunder, Gamay blanc, Gelber Weissburgunder, Gentil blanc, Grosse Bourgogne, Klawner, Klevanjka Biela, Klevner, Lisant, Luisant, Luizannais, Luizant, Luzannois, Maconnais, Maurillon blanc, Melon blanc, Melon D'Arbois, Meroué,[5] Moreau blanc, Morillon blanc, Moulon, Noirien blanc, Obaideh, Petit Chatey, Petit Sainte-Marie, Petite Sainte Marie, Pineau blanc, Pino Sardone, Pino Shardone, Pinot Blanc à Cramant, Pinot Blanc Chardonnay, Pinot Chardonnay, Pinot de Bourgogne, Pinot Giallo, Pinot Planc, Plant de Tonnerre, Romere, Romeret, Rouci Bile, Rousseau, Roussot, Ruländer Weiß, Sainte Marie Petite, Sardone, Shardone, Shardonne, Später Weiß Burgunder, Weiß Burgunder (normally refers to Pinot blanc), Weiß Clevner, Weiß Edler, Weiß Elder, Weiß Klewner, Weiß Silber, Weißedler, Weißer Clevner, Weißer Rulander.",France,Louis Soufflot Chablis 2018,Chardonnay,France,White,Fresh & Elegant
Chardonnay,"Arboisier, Arnaison blanc, Arnoison, Aubain, Aubaine, Auvergnat blanc, Auvernas, Auvernas blanc, Auvernat blanc, Auxeras, Auxerras blanc, Auxerrois blanc, Auxois, Auxois blanc, Bargeois blanc, Beaunois, Biela Klevanjika, Blanc de Champagne, Blanc de Cramant, Breisgauer Suessling, Breisgauer Sussling, Burgundi Feher, Chablis, Chardenai, Chardenay, Chardenet, Chardennet, Chardonay, Chardonnet, Chatenait, Chatey Petit, Chatte, Chaudenay, Chaudenet, Chaudent, Clävner, Clevner Weiss, Cravner, Epinette, Epinette blanc, Epinette blanche, Epinette de Champagne, Ericey blanc, Feher Chardonnay, Feherburgundi, Feinburgunder, Gamay blanc, Gelber Weissburgunder, Gentil blanc, Grosse Bourgogne, Klawner, Klevanjka Biela, Klevner, Lisant, Luisant, Luizannais, Luizant, Luzannois, Maconnais, Maurillon blanc, Melon blanc, Melon D'Arbois, Meroué,[5] Moreau blanc, Morillon blanc, Moulon, Noirien blanc, Obaideh, Petit Chatey, Petit Sainte-Marie, Petite Sainte Marie, Pineau blanc, Pino Sardone, Pino Shardone, Pinot Blanc à Cramant, Pinot Blanc Chardonnay, Pinot Chardonnay, Pinot de Bourgogne, Pinot Giallo, Pinot Planc, Plant de Tonnerre, Romere, Romeret, Rouci Bile, Rousseau, Roussot, Ruländer Weiß, Sainte Marie Petite, Sardone, Shardone, Shardonne, Später Weiß Burgunder, Weiß Burgunder (normally refers to Pinot blanc), Weiß Clevner, Weiß Edler, Weiß Elder, Weiß Klewner, Weiß Silber, Weißedler, Weißer Clevner, Weißer Rulander.",France,"Toast & Honey Chardonnay 2021, California",Chardonnay,USA,White,Rich & Toasty
Chardonnay,"Arboisier, Arnaison blanc, Arnoison, Aubain, Aubaine, Auvergnat blanc, Auvernas, Auvernas blanc, Auvernat blanc, Auxeras, Auxerras blanc, Auxerrois blanc, Auxois, Auxois blanc, Bargeois blanc, Beaunois, Biela Klevanjika, Blanc de Champagne, Blanc de Cramant, Breisgauer Suessling, Breisgauer Sussling, Burgundi Feher, Chablis, Chardenai, Chardenay, Chardenet, Chardennet, Chardonay, Chardonnet, Chatenait, Chatey Petit, Chatte, Chaudenay, Chaudenet, Chaudent, Clävner, Clevner Weiss, Cravner, Epinette, Epinette blanc, Epinette blanche, Epinette de Champagne, Ericey blanc, Feher Chardonnay, Feherburgundi, Feinburgunder, Gamay blanc, Gelber Weissburgunder, Gentil blanc, Grosse Bourgogne, Klawner, Klevanjka Biela, Klevner, Lisant, Luisant, Luizannais, Luizant, Luzannois, Maconnais, Maurillon blanc, Melon blanc, Melon D'Arbois, Meroué,[5] Moreau blanc, Morillon blanc, Moulon, Noirien blanc, Obaideh, Petit Chatey, Petit Sainte-Marie, Petite Sainte Marie, Pineau blanc, Pino Sardone, Pino Shardone, Pinot Blanc à Cramant, Pinot Blanc Chardonnay, Pinot Chardonnay, Pinot de Bourgogne, Pinot Giallo, Pinot Planc, Plant de Tonnerre, Romere, Romeret, Rouci Bile, Rousseau, Roussot, Ruländer Weiß, Sainte Marie Petite, Sardone, Shardone, Shardonne, Später Weiß Burgunder, Weiß Burgunder (normally refers to Pinot blanc), Weiß Clevner, Weiß Edler, Weiß Elder, Weiß Klewner, Weiß Silber, Weißedler, Weißer Clevner, Weißer Rulander.",France,"Ramey 'Rochioli Vineyard' Chardonnay 2015, Russian River Valley",Chardonnay,USA,White,Rich & Toasty
Chardonnay,"Arboisier, Arnaison blanc, Arnoison, Aubain, Aubaine, Auvergnat blanc, Auvernas, Auvernas blanc, Auvernat blanc, Auxeras, Auxerras blanc, Auxerrois blanc, Auxois, Auxois blanc, Bargeois blanc, Beaunois, Biela Klevanjika, Blanc de Champagne, Blanc de Cramant, Breisgauer Suessling, Breisgauer Sussling, Burgundi Feher, Chablis, Chardenai, Chardenay, Chardenet, Chardennet, Chardonay, Chardonnet, Chatenait, Chatey Petit, Chatte, Chaudenay, Chaudenet, Chaudent, Clävner, Clevner Weiss, Cravner, Epinette, Epinette blanc, Epinette blanche, Epinette de Champagne, Ericey blanc, Feher Chardonnay, Feherburgundi, Feinburgunder, Gamay blanc, Gelber Weissburgunder, Gentil blanc, Grosse Bourgogne, Klawner, Klevanjka Biela, Klevner, Lisant, Luisant, Luizannais, Luizant, Luzannois, Maconnais, Maurillon blanc, Melon blanc, Melon D'Arbois, Meroué,[5] Moreau blanc, Morillon blanc, Moulon, Noirien blanc, Obaideh, Petit Chatey, Petit Sainte-Marie, Petite Sainte Marie, Pineau blanc, Pino Sardone, Pino Shardone, Pinot Blanc à Cramant, Pinot Blanc Chardonnay, Pinot Chardonnay, Pinot de Bourgogne, Pinot Giallo, Pinot Planc, Plant de Tonnerre, Romere, Romeret, Rouci Bile, Rousseau, Roussot, Ruländer Weiß, Sainte Marie Petite, Sardone, Shardone, Shardonne, Später Weiß Burgunder, Weiß Burgunder (normally refers to Pinot blanc), Weiß Clevner, Weiß Edler, Weiß Elder, Weiß Klewner, Weiß Silber, Weißedler, Weißer Clevner, Weißer Rulander.",France,"The King's Legacy Chardonnay 2019/20, Marlborough",Chardonnay,New Zealand,White,Rich & Toasty
Chardonnay,"Arboisier, Arnaison blanc, Arnoison, Aubain, Aubaine, Auvergnat blanc, Auvernas, Auvernas blanc, Auvernat blanc, Auxeras, Auxerras blanc, Auxerrois blanc, Auxois, Auxois blanc, Bargeois blanc, Beaunois, Biela Klevanjika, Blanc de Champagne, Blanc de Cramant, Breisgauer Suessling, Breisgauer Sussling, Burgundi Feher, Chablis, Chardenai, Chardenay, Chardenet, Chardennet, Chardonay, Chardonnet, Chatenait, Chatey Petit, Chatte, Chaudenay, Chaudenet, Chaudent, Clävner, Clevner Weiss, Cravner, Epinette, Epinette blanc, Epinette blanche, Epinette de Champagne, Ericey blanc, Feher Chardonnay, Feherburgundi, Feinburgunder, Gamay blanc, Gelber Weissburgunder, Gentil blanc, Grosse Bourgogne, Klawner, Klevanjka Biela, Klevner, Lisant, Luisant, Luizannais, Luizant, Luzannois, Maconnais, Maurillon blanc, Melon blanc, Melon D'Arbois, Meroué,[5] Moreau blanc, Morillon blanc, Moulon, Noirien blanc, Obaideh, Petit Chatey, Petit Sainte-Marie, Petite Sainte Marie, Pineau blanc, Pino Sardone, Pino Shardone, Pinot Blanc à Cramant, Pinot Blanc Chardonnay, Pinot Chardonnay, Pinot de Bourgogne, Pinot Giallo, Pinot Planc, Plant de Tonnerre, Romere, Romeret, Rouci Bile, Rousseau, Roussot, Ruländer Weiß, Sainte Marie Petite, Sardone, Shardone, Shardonne, Später Weiß Burgunder, Weiß Burgunder (normally refers to Pinot blanc), Weiß Clevner, Weiß Edler, Weiß Elder, Weiß Klewner, Weiß Silber, Weißedler, Weißer Clevner, Weißer Rulander.",France,"Naudin Père et Fils Chardonnay 2021/22, France",Chardonnay,France,White,Fresh & Elegant
Chardonnay,"Arboisier, Arnaison blanc, Arnoison, Aubain, Aubaine, Auvergnat blanc, Auvernas, Auvernas blanc, Auvernat blanc, Auxeras, Auxerras blanc, Auxerrois blanc, Auxois, Auxois blanc, Bargeois blanc, Beaunois, Biela Klevanjika, Blanc de Champagne, Blanc de Cramant, Breisgauer Suessling, Breisgauer Sussling, Burgundi Feher, Chablis, Chardenai, Chardenay, Chardenet, Chardennet, Chardonay, Chardonnet, Chatenait, Chatey Petit, Chatte, Chaudenay, Chaudenet, Chaudent, Clävner, Clevner Weiss, Cravner, Epinette, Epinette blanc, Epinette blanche, Epinette de Champagne, Ericey blanc, Feher Chardonnay, Feherburgundi, Feinburgunder, Gamay blanc, Gelber Weissburgunder, Gentil blanc, Grosse Bourgogne, Klawner, Klevanjka Biela, Klevner, Lisant, Luisant, Luizannais, Luizant, Luzannois, Maconnais, Maurillon blanc, Melon blanc, Melon D'Arbois, Meroué,[5] Moreau blanc, Morillon blanc, Moulon, Noirien blanc, Obaideh, Petit Chatey, Petit Sainte-Marie, Petite Sainte Marie, Pineau blanc, Pino Sardone, Pino Shardone, Pinot Blanc à Cramant, Pinot Blanc Chardonnay, Pinot Chardonnay, Pinot de Bourgogne, Pinot Giallo, Pinot Planc, Plant de Tonnerre, Romere, Romeret, Rouci Bile, Rousseau, Roussot, Ruländer Weiß, Sainte Marie Petite, Sardone, Shardone, Shardonne, Später Weiß Burgunder, Weiß Burgunder (normally refers to Pinot blanc), Weiß Clevner, Weiß Edler, Weiß Elder, Weiß Klewner, Weiß Silber, Weißedler, Weißer Clevner, Weißer Rulander.",France,Louis Roederer 'Collection 242' Brut Champagne,Chardonnay,France,White,Rich & Toasty
Chardonnay,"Arboisier, Arnaison blanc, Arnoison, Aubain, Aubaine, Auvergnat blanc, Auvernas, Auvernas blanc, Auvernat blanc, Auxeras, Auxerras blanc, Auxerrois blanc, Auxois, Auxois blanc, Bargeois blanc, Beaunois, Biela Klevanjika, Blanc de Champagne, Blanc de Cramant, Breisgauer Suessling, Breisgauer Sussling, Burgundi Feher, Chablis, Chardenai, Chardenay, Chardenet, Chardennet, Chardonay, Chardonnet, Chatenait, Chatey Petit, Chatte, Chaudenay, Chaudenet, Chaudent, Clävner, Clevner Weiss, Cravner, Epinette, Epinette blanc, Epinette blanche, Epinette de Champagne, Ericey blanc, Feher Chardonnay, Feherburgundi, Feinburgunder, Gamay blanc, Gelber Weissburgunder, Gentil blanc, Grosse Bourgogne, Klawner, Klevanjka Biela, Klevner, Lisant, Luisant, Luizannais, Luizant, Luzannois, Maconnais, Maurillon blanc, Melon blanc, Melon D'Arbois, Meroué,[5] Moreau blanc, Morillon blanc, Moulon, Noirien blanc, Obaideh, Petit Chatey, Petit Sainte-Marie, Petite Sainte Marie, Pineau blanc, Pino Sardone, Pino Shardone, Pinot Blanc à Cramant, Pinot Blanc Chardonnay, Pinot Chardonnay, Pinot de Bourgogne, Pinot Giallo, Pinot Planc, Plant de Tonnerre, Romere, Romeret, Rouci Bile, Rousseau, Roussot, Ruländer Weiß, Sainte Marie Petite, Sardone, Shardone, Shardonne, Später Weiß Burgunder, Weiß Burgunder (normally refers to Pinot blanc), Weiß Clevner, Weiß Edler, Weiß Elder, Weiß Klewner, Weiß Silber, Weißedler, Weißer Clevner, Weißer Rulander.",France,Robertson Winery 'Winemakers Selection' Chardonnay 2022,Chardonnay,South Africa,White,Ripe & Rounded
Chardonnay,"Arboisier, Arnaison blanc, Arnoison, Aubain, Aubaine, Auvergnat blanc, Auvernas, Auvernas blanc, Auvernat blanc, Auxeras, Auxerras blanc, Auxerrois blanc, Auxois, Auxois blanc, Bargeois blanc, Beaunois, Biela Klevanjika, Blanc de Champagne, Blanc de Cramant, Breisgauer Suessling, Breisgauer Sussling, Burgundi Feher, Chablis, Chardenai, Chardenay, Chardenet, Chardennet, Chardonay, Chardonnet, Chatenait, Chatey Petit, Chatte, Chaudenay, Chaudenet, Chaudent, Clävner, Clevner Weiss, Cravner, Epinette, Epinette blanc, Epinette blanche, Epinette de Champagne, Ericey blanc, Feher Chardonnay, Feherburgundi, Feinburgunder, Gamay blanc, Gelber Weissburgunder, Gentil blanc, Grosse Bourgogne, Klawner, Klevanjka Biela, Klevner, Lisant, Luisant, Luizannais, Luizant, Luzannois, Maconnais, Maurillon blanc, Melon blanc, Melon D'Arbois, Meroué,[5] Moreau blanc, Morillon blanc, Moulon, Noirien blanc, Obaideh, Petit Chatey, Petit Sainte-Marie, Petite Sainte Marie, Pineau blanc, Pino Sardone, Pino Shardone, Pinot Blanc à Cramant, Pinot Blanc Chardonnay, Pinot Chardonnay, Pinot de Bourgogne, Pinot Giallo, Pinot Planc, Plant de Tonnerre, Romere, Romeret, Rouci Bile, Rousseau, Roussot, Ruländer Weiß, Sainte Marie Petite, Sardone, Shardone, Shardonne, Später Weiß Burgunder, Weiß Burgunder (normally refers to Pinot blanc), Weiß Clevner, Weiß Edler, Weiß Elder, Weiß Klewner, Weiß Silber, Weißedler, Weißer Clevner, Weißer Rulander.",France,"Louis Roederer Quartet, California",Chardonnay,USA,White,Rich & Toasty
Chardonnay,"Arboisier, Arnaison blanc, Arnoison, Aubain, Aubaine, Auvergnat blanc, Auvernas, Auvernas blanc, Auvernat blanc, Auxeras, Auxerras blanc, Auxerrois blanc, Auxois, Auxois blanc, Bargeois blanc, Beaunois, Biela Klevanjika, Blanc de Champagne, Blanc de Cramant, Breisgauer Suessling, Breisgauer Sussling, Burgundi Feher, Chablis, Chardenai, Chardenay, Chardenet, Chardennet, Chardonay, Chardonnet, Chatenait, Chatey Petit, Chatte, Chaudenay, Chaudenet, Chaudent, Clävner, Clevner Weiss, Cravner, Epinette, Epinette blanc, Epinette blanche, Epinette de Champagne, Ericey blanc, Feher Chardonnay, Feherburgundi, Feinburgunder, Gamay blanc, Gelber Weissburgunder, Gentil blanc, Grosse Bourgogne, Klawner, Klevanjka Biela, Klevner, Lisant, Luisant, Luizannais, Luizant, Luzannois, Maconnais, Maurillon blanc, Melon blanc, Melon D'Arbois, Meroué,[5] Moreau blanc, Morillon blanc, Moulon, Noirien blanc, Obaideh, Petit Chatey, Petit Sainte-Marie, Petite Sainte Marie, Pineau blanc, Pino Sardone, Pino Shardone, Pinot Blanc à Cramant, Pinot Blanc Chardonnay, Pinot Chardonnay, Pinot de Bourgogne, Pinot Giallo, Pinot Planc, Plant de Tonnerre, Romere, Romeret, Rouci Bile, Rousseau, Roussot, Ruländer Weiß, Sainte Marie Petite, Sardone, Shardone, Shardonne, Später Weiß Burgunder, Weiß Burgunder (normally refers to Pinot blanc), Weiß Clevner, Weiß Edler, Weiß Elder, Weiß Klewner, Weiß Silber, Weißedler, Weißer Clevner, Weißer Rulander.",France,"Ridgeview 'Fitzrovia' Rosé, Sussex",Chardonnay,England,Rosé,Crisp & Fruity
Chardonnay,"Arboisier, Arnaison blanc, Arnoison, Aubain, Aubaine, Auvergnat blanc, Auvernas, Auvernas blanc, Auvernat blanc, Auxeras, Auxerras blanc, Auxerrois blanc, Auxois, Auxois blanc, Bargeois blanc, Beaunois, Biela Klevanjika, Blanc de Champagne, Blanc de Cramant, Breisgauer Suessling, Breisgauer Sussling, Burgundi Feher, Chablis, Chardenai, Chardenay, Chardenet, Chardennet, Chardonay, Chardonnet, Chatenait, Chatey Petit, Chatte, Chaudenay, Chaudenet, Chaudent, Clävner, Clevner Weiss, Cravner, Epinette, Epinette blanc, Epinette blanche, Epinette de Champagne, Ericey blanc, Feher Chardonnay, Feherburgundi, Feinburgunder, Gamay blanc, Gelber Weissburgunder, Gentil blanc, Grosse Bourgogne, Klawner, Klevanjka Biela, Klevner, Lisant, Luisant, Luizannais, Luizant, Luzannois, Maconnais, Maurillon blanc, Melon blanc, Melon D'Arbois, Meroué,[5] Moreau blanc, Morillon blanc, Moulon, Noirien blanc, Obaideh, Petit Chatey, Petit Sainte-Marie, Petite Sainte Marie, Pineau blanc, Pino Sardone, Pino Shardone, Pinot Blanc à Cramant, Pinot Blanc Chardonnay, Pinot Chardonnay, Pinot de Bourgogne, Pinot Giallo, Pinot Planc, Plant de Tonnerre, Romere, Romeret, Rouci Bile, Rousseau, Roussot, Ruländer Weiß, Sainte Marie Petite, Sardone, Shardone, Shardonne, Später Weiß Burgunder, Weiß Burgunder (normally refers to Pinot blanc), Weiß Clevner, Weiß Edler, Weiß Elder, Weiß Klewner, Weiß Silber, Weißedler, Weißer Clevner, Weißer Rulander.",France,"Terrazas de los Andes Chardonnay 2020, Mendoza",Chardonnay,Argentina,White,Rich & Toasty
Chardonnay,"Arboisier, Arnaison blanc, Arnoison, Aubain, Aubaine, Auvergnat blanc, Auvernas, Auvernas blanc, Auvernat blanc, Auxeras, Auxerras blanc, Auxerrois blanc, Auxois, Auxois blanc, Bargeois blanc, Beaunois, Biela Klevanjika, Blanc de Champagne, Blanc de Cramant, Breisgauer Suessling, Breisgauer Sussling, Burgundi Feher, Chablis, Chardenai, Chardenay, Chardenet, Chardennet, Chardonay, Chardonnet, Chatenait, Chatey Petit, Chatte, Chaudenay, Chaudenet, Chaudent, Clävner, Clevner Weiss, Cravner, Epinette, Epinette blanc, Epinette blanche, Epinette de Champagne, Ericey blanc, Feher Chardonnay, Feherburgundi, Feinburgunder, Gamay blanc, Gelber Weissburgunder, Gentil blanc, Grosse Bourgogne, Klawner, Klevanjka Biela, Klevner, Lisant, Luisant, Luizannais, Luizant, Luzannois, Maconnais, Maurillon blanc, Melon blanc, Melon D'Arbois, Meroué,[5] Moreau blanc, Morillon blanc, Moulon, Noirien blanc, Obaideh, Petit Chatey, Petit Sainte-Marie, Petite Sainte Marie, Pineau blanc, Pino Sardone, Pino Shardone, Pinot Blanc à Cramant, Pinot Blanc Chardonnay, Pinot Chardonnay, Pinot de Bourgogne, Pinot Giallo, Pinot Planc, Plant de Tonnerre, Romere, Romeret, Rouci Bile, Rousseau, Roussot, Ruländer Weiß, Sainte Marie Petite, Sardone, Shardone, Shardonne, Später Weiß Burgunder, Weiß Burgunder (normally refers to Pinot blanc), Weiß Clevner, Weiß Edler, Weiß Elder, Weiß Klewner, Weiß Silber, Weißedler, Weißer Clevner, Weißer Rulander.",France,Château de La Tour de l'Ange Saint-Véran 2021/22,Chardonnay,France,White,Fresh & Elegant
Chardonnay,"Arboisier, Arnaison blanc, Arnoison, Aubain, Aubaine, Auvergnat blanc, Auvernas, Auvernas blanc, Auvernat blanc, Auxeras, Auxerras blanc, Auxerrois blanc, Auxois, Auxois blanc, Bargeois blanc, Beaunois, Biela Klevanjika, Blanc de Champagne, Blanc de Cramant, Breisgauer Suessling, Breisgauer Sussling, Burgundi Feher, Chablis, Chardenai, Chardenay, Chardenet, Chardennet, Chardonay, Chardonnet, Chatenait, Chatey Petit, Chatte, Chaudenay, Chaudenet, Chaudent, Clävner, Clevner Weiss, Cravner, Epinette, Epinette blanc, Epinette blanche, Epinette de Champagne, Ericey blanc, Feher Chardonnay, Feherburgundi, Feinburgunder, Gamay blanc, Gelber Weissburgunder, Gentil blanc, Grosse Bourgogne, Klawner, Klevanjka Biela, Klevner, Lisant, Luisant, Luizannais, Luizant, Luzannois, Maconnais, Maurillon blanc, Melon blanc, Melon D'Arbois, Meroué,[5] Moreau blanc, Morillon blanc, Moulon, Noirien blanc, Obaideh, Petit Chatey, Petit Sainte-Marie, Petite Sainte Marie, Pineau blanc, Pino Sardone, Pino Shardone, Pinot Blanc à Cramant, Pinot Blanc Chardonnay, Pinot Chardonnay, Pinot de Bourgogne, Pinot Giallo, Pinot Planc, Plant de Tonnerre, Romere, Romeret, Rouci Bile, Rousseau, Roussot, Ruländer Weiß, Sainte Marie Petite, Sardone, Shardone, Shardonne, Später Weiß Burgunder, Weiß Burgunder (normally refers to Pinot blanc), Weiß Clevner, Weiß Edler, Weiß Elder, Weiß Klewner, Weiß Silber, Weißedler, Weißer Clevner, Weißer Rulander.",France,Bollinger Rosé Champagne,Chardonnay,France,Rosé,Crisp & Fruity
Chardonnay,"Arboisier, Arnaison blanc, Arnoison, Aubain, Aubaine, Auvergnat blanc, Auvernas, Auvernas blanc, Auvernat blanc, Auxeras, Auxerras blanc, Auxerrois blanc, Auxois, Auxois blanc, Bargeois blanc, Beaunois, Biela Klevanjika, Blanc de Champagne, Blanc de Cramant, Breisgauer Suessling, Breisgauer Sussling, Burgundi Feher, Chablis, Chardenai, Chardenay, Chardenet, Chardennet, Chardonay, Chardonnet, Chatenait, Chatey Petit, Chatte, Chaudenay, Chaudenet, Chaudent, Clävner, Clevner Weiss, Cravner, Epinette, Epinette blanc, Epinette blanche, Epinette de Champagne, Ericey blanc, Feher Chardonnay, Feherburgundi, Feinburgunder, Gamay blanc, Gelber Weissburgunder, Gentil blanc, Grosse Bourgogne, Klawner, Klevanjka Biela, Klevner, Lisant, Luisant, Luizannais, Luizant, Luzannois, Maconnais, Maurillon blanc, Melon blanc, Melon D'Arbois, Meroué,[5] Moreau blanc, Morillon blanc, Moulon, Noirien blanc, Obaideh, Petit Chatey, Petit Sainte-Marie, Petite Sainte Marie, Pineau blanc, Pino Sardone, Pino Shardone, Pinot Blanc à Cramant, Pinot Blanc Chardonnay, Pinot Chardonnay, Pinot de Bourgogne, Pinot Giallo, Pinot Planc, Plant de Tonnerre, Romere, Romeret, Rouci Bile, Rousseau, Roussot, Ruländer Weiß, Sainte Marie Petite, Sardone, Shardone, Shardonne, Später Weiß Burgunder, Weiß Burgunder (normally refers to Pinot blanc), Weiß Clevner, Weiß Edler, Weiß Elder, Weiß Klewner, Weiß Silber, Weißedler, Weißer Clevner, Weißer Rulander.",France,"Domaine Begude 'L'Etoile' Organic Chardonnay 2020/21, Limoux",Chardonnay,France,White,Rich & Toasty
Chardonnay,"Arboisier, Arnaison blanc, Arnoison, Aubain, Aubaine, Auvergnat blanc, Auvernas, Auvernas blanc, Auvernat blanc, Auxeras, Auxerras blanc, Auxerrois blanc, Auxois, Auxois blanc, Bargeois blanc, Beaunois, Biela Klevanjika, Blanc de Champagne, Blanc de Cramant, Breisgauer Suessling, Breisgauer Sussling, Burgundi Feher, Chablis, Chardenai, Chardenay, Chardenet, Chardennet, Chardonay, Chardonnet, Chatenait, Chatey Petit, Chatte, Chaudenay, Chaudenet, Chaudent, Clävner, Clevner Weiss, Cravner, Epinette, Epinette blanc, Epinette blanche, Epinette de Champagne, Ericey blanc, Feher Chardonnay, Feherburgundi, Feinburgunder, Gamay blanc, Gelber Weissburgunder, Gentil blanc, Grosse Bourgogne, Klawner, Klevanjka Biela, Klevner, Lisant, Luisant, Luizannais, Luizant, Luzannois, Maconnais, Maurillon blanc, Melon blanc, Melon D'Arbois, Meroué,[5] Moreau blanc, Morillon blanc, Moulon, Noirien blanc, Obaideh, Petit Chatey, Petit Sainte-Marie, Petite Sainte Marie, Pineau blanc, Pino Sardone, Pino Shardone, Pinot Blanc à Cramant, Pinot Blanc Chardonnay, Pinot Chardonnay, Pinot de Bourgogne, Pinot Giallo, Pinot Planc, Plant de Tonnerre, Romere, Romeret, Rouci Bile, Rousseau, Roussot, Ruländer Weiß, Sainte Marie Petite, Sardone, Shardone, Shardonne, Später Weiß Burgunder, Weiß Burgunder (normally refers to Pinot blanc), Weiß Clevner, Weiß Edler, Weiß Elder, Weiß Klewner, Weiß Silber, Weißedler, Weißer Clevner, Weißer Rulander.",France,Louis Roederer 'Cristal' Champagne 2012,Chardonnay,France,White,Rich & Toasty
Chardonnay,"Arboisier, Arnaison blanc, Arnoison, Aubain, Aubaine, Auvergnat blanc, Auvernas, Auvernas blanc, Auvernat blanc, Auxeras, Auxerras blanc, Auxerrois blanc, Auxois, Auxois blanc, Bargeois blanc, Beaunois, Biela Klevanjika, Blanc de Champagne, Blanc de Cramant, Breisgauer Suessling, Breisgauer Sussling, Burgundi Feher, Chablis, Chardenai, Chardenay, Chardenet, Chardennet, Chardonay, Chardonnet, Chatenait, Chatey Petit, Chatte, Chaudenay, Chaudenet, Chaudent, Clävner, Clevner Weiss, Cravner, Epinette, Epinette blanc, Epinette blanche, Epinette de Champagne, Ericey blanc, Feher Chardonnay, Feherburgundi, Feinburgunder, Gamay blanc, Gelber Weissburgunder, Gentil blanc, Grosse Bourgogne, Klawner, Klevanjka Biela, Klevner, Lisant, Luisant, Luizannais, Luizant, Luzannois, Maconnais, Maurillon blanc, Melon blanc, Melon D'Arbois, Meroué,[5] Moreau blanc, Morillon blanc, Moulon, Noirien blanc, Obaideh, Petit Chatey, Petit Sainte-Marie, Petite Sainte Marie, Pineau blanc, Pino Sardone, Pino Shardone, Pinot Blanc à Cramant, Pinot Blanc Chardonnay, Pinot Chardonnay, Pinot de Bourgogne, Pinot Giallo, Pinot Planc, Plant de Tonnerre, Romere, Romeret, Rouci Bile, Rousseau, Roussot, Ruländer Weiß, Sainte Marie Petite, Sardone, Shardone, Shardonne, Später Weiß Burgunder, Weiß Burgunder (normally refers to Pinot blanc), Weiß Clevner, Weiß Edler, Weiß Elder, Weiß Klewner, Weiß Silber, Weißedler, Weißer Clevner, Weißer Rulander.",France,Definition White Burgundy 2021/22,Chardonnay,France,White,Ripe & Rounded
Chardonnay,"Arboisier, Arnaison blanc, Arnoison, Aubain, Aubaine, Auvergnat blanc, Auvernas, Auvernas blanc, Auvernat blanc, Auxeras, Auxerras blanc, Auxerrois blanc, Auxois, Auxois blanc, Bargeois blanc, Beaunois, Biela Klevanjika, Blanc de Champagne, Blanc de Cramant, Breisgauer Suessling, Breisgauer Sussling, Burgundi Feher, Chablis, Chardenai, Chardenay, Chardenet, Chardennet, Chardonay, Chardonnet, Chatenait, Chatey Petit, Chatte, Chaudenay, Chaudenet, Chaudent, Clävner, Clevner Weiss, Cravner, Epinette, Epinette blanc, Epinette blanche, Epinette de Champagne, Ericey blanc, Feher Chardonnay, Feherburgundi, Feinburgunder, Gamay blanc, Gelber Weissburgunder, Gentil blanc, Grosse Bourgogne, Klawner, Klevanjka Biela, Klevner, Lisant, Luisant, Luizannais, Luizant, Luzannois, Maconnais, Maurillon blanc, Melon blanc, Melon D'Arbois, Meroué,[5] Moreau blanc, Morillon blanc, Moulon, Noirien blanc, Obaideh, Petit Chatey, Petit Sainte-Marie, Petite Sainte Marie, Pineau blanc, Pino Sardone, Pino Shardone, Pinot Blanc à Cramant, Pinot Blanc Chardonnay, Pinot Chardonnay, Pinot de Bourgogne, Pinot Giallo, Pinot Planc, Plant de Tonnerre, Romere, Romeret, Rouci Bile, Rousseau, Roussot, Ruländer Weiß, Sainte Marie Petite, Sardone, Shardone, Shardonne, Später Weiß Burgunder, Weiß Burgunder (normally refers to Pinot blanc), Weiß Clevner, Weiß Edler, Weiß Elder, Weiß Klewner, Weiß Silber, Weißedler, Weißer Clevner, Weißer Rulander.",France,Veuve Clicquot Brut Champagne,Chardonnay,France,White,Rich & Toasty
Chardonnay,"Arboisier, Arnaison blanc, Arnoison, Aubain, Aubaine, Auvergnat blanc, Auvernas, Auvernas blanc, Auvernat blanc, Auxeras, Auxerras blanc, Auxerrois blanc, Auxois, Auxois blanc, Bargeois blanc, Beaunois, Biela Klevanjika, Blanc de Champagne, Blanc de Cramant, Breisgauer Suessling, Breisgauer Sussling, Burgundi Feher, Chablis, Chardenai, Chardenay, Chardenet, Chardennet, Chardonay, Chardonnet, Chatenait, Chatey Petit, Chatte, Chaudenay, Chaudenet, Chaudent, Clävner, Clevner Weiss, Cravner, Epinette, Epinette blanc, Epinette blanche, Epinette de Champagne, Ericey blanc, Feher Chardonnay, Feherburgundi, Feinburgunder, Gamay blanc, Gelber Weissburgunder, Gentil blanc, Grosse Bourgogne, Klawner, Klevanjka Biela, Klevner, Lisant, Luisant, Luizannais, Luizant, Luzannois, Maconnais, Maurillon blanc, Melon blanc, Melon D'Arbois, Meroué,[5] Moreau blanc, Morillon blanc, Moulon, Noirien blanc, Obaideh, Petit Chatey, Petit Sainte-Marie, Petite Sainte Marie, Pineau blanc, Pino Sardone, Pino Shardone, Pinot Blanc à Cramant, Pinot Blanc Chardonnay, Pinot Chardonnay, Pinot de Bourgogne, Pinot Giallo, Pinot Planc, Plant de Tonnerre, Romere, Romeret, Rouci Bile, Rousseau, Roussot, Ruländer Weiß, Sainte Marie Petite, Sardone, Shardone, Shardonne, Später Weiß Burgunder, Weiß Burgunder (normally refers to Pinot blanc), Weiß Clevner, Weiß Edler, Weiß Elder, Weiß Klewner, Weiß Silber, Weißedler, Weißer Clevner, Weißer Rulander.",France,"Rivera TerrAnima 2022, Puglia",Chardonnay,Italy,White,Aromatic & Floral
Chardonnay,"Arboisier, Arnaison blanc, Arnoison, Aubain, Aubaine, Auvergnat blanc, Auvernas, Auvernas blanc, Auvernat blanc, Auxeras, Auxerras blanc, Auxerrois blanc, Auxois, Auxois blanc, Bargeois blanc, Beaunois, Biela Klevanjika, Blanc de Champagne, Blanc de Cramant, Breisgauer Suessling, Breisgauer Sussling, Burgundi Feher, Chablis, Chardenai, Chardenay, Chardenet, Chardennet, Chardonay, Chardonnet, Chatenait, Chatey Petit, Chatte, Chaudenay, Chaudenet, Chaudent, Clävner, Clevner Weiss, Cravner, Epinette, Epinette blanc, Epinette blanche, Epinette de Champagne, Ericey blanc, Feher Chardonnay, Feherburgundi, Feinburgunder, Gamay blanc, Gelber Weissburgunder, Gentil blanc, Grosse Bourgogne, Klawner, Klevanjka Biela, Klevner, Lisant, Luisant, Luizannais, Luizant, Luzannois, Maconnais, Maurillon blanc, Melon blanc, Melon D'Arbois, Meroué,[5] Moreau blanc, Morillon blanc, Moulon, Noirien blanc, Obaideh, Petit Chatey, Petit Sainte-Marie, Petite Sainte Marie, Pineau blanc, Pino Sardone, Pino Shardone, Pinot Blanc à Cramant, Pinot Blanc Chardonnay, Pinot Chardonnay, Pinot de Bourgogne, Pinot Giallo, Pinot Planc, Plant de Tonnerre, Romere, Romeret, Rouci Bile, Rousseau, Roussot, Ruländer Weiß, Sainte Marie Petite, Sardone, Shardone, Shardonne, Später Weiß Burgunder, Weiß Burgunder (normally refers to Pinot blanc), Weiß Clevner, Weiß Edler, Weiß Elder, Weiß Klewner, Weiß Silber, Weißedler, Weißer Clevner, Weißer Rulander.",France,Ayala 'Brut Majeur' Extra Age Champagne,Chardonnay,France,White,Rich & Toasty
Chardonnay,"Arboisier, Arnaison blanc, Arnoison, Aubain, Aubaine, Auvergnat blanc, Auvernas, Auvernas blanc, Auvernat blanc, Auxeras, Auxerras blanc, Auxerrois blanc, Auxois, Auxois blanc, Bargeois blanc, Beaunois, Biela Klevanjika, Blanc de Champagne, Blanc de Cramant, Breisgauer Suessling, Breisgauer Sussling, Burgundi Feher, Chablis, Chardenai, Chardenay, Chardenet, Chardennet, Chardonay, Chardonnet, Chatenait, Chatey Petit, Chatte, Chaudenay, Chaudenet, Chaudent, Clävner, Clevner Weiss, Cravner, Epinette, Epinette blanc, Epinette blanche, Epinette de Champagne, Ericey blanc, Feher Chardonnay, Feherburgundi, Feinburgunder, Gamay blanc, Gelber Weissburgunder, Gentil blanc, Grosse Bourgogne, Klawner, Klevanjka Biela, Klevner, Lisant, Luisant, Luizannais, Luizant, Luzannois, Maconnais, Maurillon blanc, Melon blanc, Melon D'Arbois, Meroué,[5] Moreau blanc, Morillon blanc, Moulon, Noirien blanc, Obaideh, Petit Chatey, Petit Sainte-Marie, Petite Sainte Marie, Pineau blanc, Pino Sardone, Pino Shardone, Pinot Blanc à Cramant, Pinot Blanc Chardonnay, Pinot Chardonnay, Pinot de Bourgogne, Pinot Giallo, Pinot Planc, Plant de Tonnerre, Romere, Romeret, Rouci Bile, Rousseau, Roussot, Ruländer Weiß, Sainte Marie Petite, Sardone, Shardone, Shardonne, Später Weiß Burgunder, Weiß Burgunder (normally refers to Pinot blanc), Weiß Clevner, Weiß Edler, Weiß Elder, Weiß Klewner, Weiß Silber, Weißedler, Weißer Clevner, Weißer Rulander.",France,"Jam Shed Chardonnay 2021/22, Australia",Chardonnay,Australia,White,Rich & Toasty
Chardonnay,"Arboisier, Arnaison blanc, Arnoison, Aubain, Aubaine, Auvergnat blanc, Auvernas, Auvernas blanc, Auvernat blanc, Auxeras, Auxerras blanc, Auxerrois blanc, Auxois, Auxois blanc, Bargeois blanc, Beaunois, Biela Klevanjika, Blanc de Champagne, Blanc de Cramant, Breisgauer Suessling, Breisgauer Sussling, Burgundi Feher, Chablis, Chardenai, Chardenay, Chardenet, Chardennet, Chardonay, Chardonnet, Chatenait, Chatey Petit, Chatte, Chaudenay, Chaudenet, Chaudent, Clävner, Clevner Weiss, Cravner, Epinette, Epinette blanc, Epinette blanche, Epinette de Champagne, Ericey blanc, Feher Chardonnay, Feherburgundi, Feinburgunder, Gamay blanc, Gelber Weissburgunder, Gentil blanc, Grosse Bourgogne, Klawner, Klevanjka Biela, Klevner, Lisant, Luisant, Luizannais, Luizant, Luzannois, Maconnais, Maurillon blanc, Melon blanc, Melon D'Arbois, Meroué,[5] Moreau blanc, Morillon blanc, Moulon, Noirien blanc, Obaideh, Petit Chatey, Petit Sainte-Marie, Petite Sainte Marie, Pineau blanc, Pino Sardone, Pino Shardone, Pinot Blanc à Cramant, Pinot Blanc Chardonnay, Pinot Chardonnay, Pinot de Bourgogne, Pinot Giallo, Pinot Planc, Plant de Tonnerre, Romere, Romeret, Rouci Bile, Rousseau, Roussot, Ruländer Weiß, Sainte Marie Petite, Sardone, Shardone, Shardonne, Später Weiß Burgunder, Weiß Burgunder (normally refers to Pinot blanc), Weiß Clevner, Weiß Edler, Weiß Elder, Weiß Klewner, Weiß Silber, Weißedler, Weißer Clevner, Weißer Rulander.",France,"Paolo Leo 'Renèe Bianco Organic' 2020/21, Puglia",Chardonnay,Italy,White,Ripe & Rounded
Chardonnay,"Arboisier, Arnaison blanc, Arnoison, Aubain, Aubaine, Auvergnat blanc, Auvernas, Auvernas blanc, Auvernat blanc, Auxeras, Auxerras blanc, Auxerrois blanc, Auxois, Auxois blanc, Bargeois blanc, Beaunois, Biela Klevanjika, Blanc de Champagne, Blanc de Cramant, Breisgauer Suessling, Breisgauer Sussling, Burgundi Feher, Chablis, Chardenai, Chardenay, Chardenet, Chardennet, Chardonay, Chardonnet, Chatenait, Chatey Petit, Chatte, Chaudenay, Chaudenet, Chaudent, Clävner, Clevner Weiss, Cravner, Epinette, Epinette blanc, Epinette blanche, Epinette de Champagne, Ericey blanc, Feher Chardonnay, Feherburgundi, Feinburgunder, Gamay blanc, Gelber Weissburgunder, Gentil blanc, Grosse Bourgogne, Klawner, Klevanjka Biela, Klevner, Lisant, Luisant, Luizannais, Luizant, Luzannois, Maconnais, Maurillon blanc, Melon blanc, Melon D'Arbois, Meroué,[5] Moreau blanc, Morillon blanc, Moulon, Noirien blanc, Obaideh, Petit Chatey, Petit Sainte-Marie, Petite Sainte Marie, Pineau blanc, Pino Sardone, Pino Shardone, Pinot Blanc à Cramant, Pinot Blanc Chardonnay, Pinot Chardonnay, Pinot de Bourgogne, Pinot Giallo, Pinot Planc, Plant de Tonnerre, Romere, Romeret, Rouci Bile, Rousseau, Roussot, Ruländer Weiß, Sainte Marie Petite, Sardone, Shardone, Shardonne, Später Weiß Burgunder, Weiß Burgunder (normally refers to Pinot blanc), Weiß Clevner, Weiß Edler, Weiß Elder, Weiß Klewner, Weiß Silber, Weißedler, Weißer Clevner, Weißer Rulander.",France,"The Guv'nor Sparkling, Spain",Chardonnay,Spain,White,Crisp & Fruity
Chardonnay,"Arboisier, Arnaison blanc, Arnoison, Aubain, Aubaine, Auvergnat blanc, Auvernas, Auvernas blanc, Auvernat blanc, Auxeras, Auxerras blanc, Auxerrois blanc, Auxois, Auxois blanc, Bargeois blanc, Beaunois, Biela Klevanjika, Blanc de Champagne, Blanc de Cramant, Breisgauer Suessling, Breisgauer Sussling, Burgundi Feher, Chablis, Chardenai, Chardenay, Chardenet, Chardennet, Chardonay, Chardonnet, Chatenait, Chatey Petit, Chatte, Chaudenay, Chaudenet, Chaudent, Clävner, Clevner Weiss, Cravner, Epinette, Epinette blanc, Epinette blanche, Epinette de Champagne, Ericey blanc, Feher Chardonnay, Feherburgundi, Feinburgunder, Gamay blanc, Gelber Weissburgunder, Gentil blanc, Grosse Bourgogne, Klawner, Klevanjka Biela, Klevner, Lisant, Luisant, Luizannais, Luizant, Luzannois, Maconnais, Maurillon blanc, Melon blanc, Melon D'Arbois, Meroué,[5] Moreau blanc, Morillon blanc, Moulon, Noirien blanc, Obaideh, Petit Chatey, Petit Sainte-Marie, Petite Sainte Marie, Pineau blanc, Pino Sardone, Pino Shardone, Pinot Blanc à Cramant, Pinot Blanc Chardonnay, Pinot Chardonnay, Pinot de Bourgogne, Pinot Giallo, Pinot Planc, Plant de Tonnerre, Romere, Romeret, Rouci Bile, Rousseau, Roussot, Ruländer Weiß, Sainte Marie Petite, Sardone, Shardone, Shardonne, Später Weiß Burgunder, Weiß Burgunder (normally refers to Pinot blanc), Weiß Clevner, Weiß Edler, Weiß Elder, Weiß Klewner, Weiß Silber, Weißedler, Weißer Clevner, Weißer Rulander.",France,Laurent-Perrier 'Grand Siècle' Champagne,Chardonnay,France,White,Rich & Toasty
Chardonnay,"Arboisier, Arnaison blanc, Arnoison, Aubain, Aubaine, Auvergnat blanc, Auvernas, Auvernas blanc, Auvernat blanc, Auxeras, Auxerras blanc, Auxerrois blanc, Auxois, Auxois blanc, Bargeois blanc, Beaunois, Biela Klevanjika, Blanc de Champagne, Blanc de Cramant, Breisgauer Suessling, Breisgauer Sussling, Burgundi Feher, Chablis, Chardenai, Chardenay, Chardenet, Chardennet, Chardonay, Chardonnet, Chatenait, Chatey Petit, Chatte, Chaudenay, Chaudenet, Chaudent, Clävner, Clevner Weiss, Cravner, Epinette, Epinette blanc, Epinette blanche, Epinette de Champagne, Ericey blanc, Feher Chardonnay, Feherburgundi, Feinburgunder, Gamay blanc, Gelber Weissburgunder, Gentil blanc, Grosse Bourgogne, Klawner, Klevanjka Biela, Klevner, Lisant, Luisant, Luizannais, Luizant, Luzannois, Maconnais, Maurillon blanc, Melon blanc, Melon D'Arbois, Meroué,[5] Moreau blanc, Morillon blanc, Moulon, Noirien blanc, Obaideh, Petit Chatey, Petit Sainte-Marie, Petite Sainte Marie, Pineau blanc, Pino Sardone, Pino Shardone, Pinot Blanc à Cramant, Pinot Blanc Chardonnay, Pinot Chardonnay, Pinot de Bourgogne, Pinot Giallo, Pinot Planc, Plant de Tonnerre, Romere, Romeret, Rouci Bile, Rousseau, Roussot, Ruländer Weiß, Sainte Marie Petite, Sardone, Shardone, Shardonne, Später Weiß Burgunder, Weiß Burgunder (normally refers to Pinot blanc), Weiß Clevner, Weiß Edler, Weiß Elder, Weiß Klewner, Weiß Silber, Weißedler, Weißer Clevner, Weißer Rulander.",France,"Nyetimber 'Classic Cuvée' Brut Half Bottle, Sussex",Chardonnay,England,White,Rich & Toasty
Chardonnay,"Arboisier, Arnaison blanc, Arnoison, Aubain, Aubaine, Auvergnat blanc, Auvernas, Auvernas blanc, Auvernat blanc, Auxeras, Auxerras blanc, Auxerrois blanc, Auxois, Auxois blanc, Bargeois blanc, Beaunois, Biela Klevanjika, Blanc de Champagne, Blanc de Cramant, Breisgauer Suessling, Breisgauer Sussling, Burgundi Feher, Chablis, Chardenai, Chardenay, Chardenet, Chardennet, Chardonay, Chardonnet, Chatenait, Chatey Petit, Chatte, Chaudenay, Chaudenet, Chaudent, Clävner, Clevner Weiss, Cravner, Epinette, Epinette blanc, Epinette blanche, Epinette de Champagne, Ericey blanc, Feher Chardonnay, Feherburgundi, Feinburgunder, Gamay blanc, Gelber Weissburgunder, Gentil blanc, Grosse Bourgogne, Klawner, Klevanjka Biela, Klevner, Lisant, Luisant, Luizannais, Luizant, Luzannois, Maconnais, Maurillon blanc, Melon blanc, Melon D'Arbois, Meroué,[5] Moreau blanc, Morillon blanc, Moulon, Noirien blanc, Obaideh, Petit Chatey, Petit Sainte-Marie, Petite Sainte Marie, Pineau blanc, Pino Sardone, Pino Shardone, Pinot Blanc à Cramant, Pinot Blanc Chardonnay, Pinot Chardonnay, Pinot de Bourgogne, Pinot Giallo, Pinot Planc, Plant de Tonnerre, Romere, Romeret, Rouci Bile, Rousseau, Roussot, Ruländer Weiß, Sainte Marie Petite, Sardone, Shardone, Shardonne, Später Weiß Burgunder, Weiß Burgunder (normally refers to Pinot blanc), Weiß Clevner, Weiß Edler, Weiß Elder, Weiß Klewner, Weiß Silber, Weißedler, Weißer Clevner, Weißer Rulander.",France,Ruinart Blanc de Blancs Champagne,Chardonnay,France,White,Rich & Toasty
Chardonnay,"Arboisier, Arnaison blanc, Arnoison, Aubain, Aubaine, Auvergnat blanc, Auvernas, Auvernas blanc, Auvernat blanc, Auxeras, Auxerras blanc, Auxerrois blanc, Auxois, Auxois blanc, Bargeois blanc, Beaunois, Biela Klevanjika, Blanc de Champagne, Blanc de Cramant, Breisgauer Suessling, Breisgauer Sussling, Burgundi Feher, Chablis, Chardenai, Chardenay, Chardenet, Chardennet, Chardonay, Chardonnet, Chatenait, Chatey Petit, Chatte, Chaudenay, Chaudenet, Chaudent, Clävner, Clevner Weiss, Cravner, Epinette, Epinette blanc, Epinette blanche, Epinette de Champagne, Ericey blanc, Feher Chardonnay, Feherburgundi, Feinburgunder, Gamay blanc, Gelber Weissburgunder, Gentil blanc, Grosse Bourgogne, Klawner, Klevanjka Biela, Klevner, Lisant, Luisant, Luizannais, Luizant, Luzannois, Maconnais, Maurillon blanc, Melon blanc, Melon D'Arbois, Meroué,[5] Moreau blanc, Morillon blanc, Moulon, Noirien blanc, Obaideh, Petit Chatey, Petit Sainte-Marie, Petite Sainte Marie, Pineau blanc, Pino Sardone, Pino Shardone, Pinot Blanc à Cramant, Pinot Blanc Chardonnay, Pinot Chardonnay, Pinot de Bourgogne, Pinot Giallo, Pinot Planc, Plant de Tonnerre, Romere, Romeret, Rouci Bile, Rousseau, Roussot, Ruländer Weiß, Sainte Marie Petite, Sardone, Shardone, Shardonne, Später Weiß Burgunder, Weiß Burgunder (normally refers to Pinot blanc), Weiß Clevner, Weiß Edler, Weiß Elder, Weiß Klewner, Weiß Silber, Weißedler, Weißer Clevner, Weißer Rulander.",France,"Château de Pennautier 'Marquis de Pennautier' Chardonnay-Viognier 2021/22, Pays d'Oc",Chardonnay,France,White,Ripe & Rounded
Chardonnay,"Arboisier, Arnaison blanc, Arnoison, Aubain, Aubaine, Auvergnat blanc, Auvernas, Auvernas blanc, Auvernat blanc, Auxeras, Auxerras blanc, Auxerrois blanc, Auxois, Auxois blanc, Bargeois blanc, Beaunois, Biela Klevanjika, Blanc de Champagne, Blanc de Cramant, Breisgauer Suessling, Breisgauer Sussling, Burgundi Feher, Chablis, Chardenai, Chardenay, Chardenet, Chardennet, Chardonay, Chardonnet, Chatenait, Chatey Petit, Chatte, Chaudenay, Chaudenet, Chaudent, Clävner, Clevner Weiss, Cravner, Epinette, Epinette blanc, Epinette blanche, Epinette de Champagne, Ericey blanc, Feher Chardonnay, Feherburgundi, Feinburgunder, Gamay blanc, Gelber Weissburgunder, Gentil blanc, Grosse Bourgogne, Klawner, Klevanjka Biela, Klevner, Lisant, Luisant, Luizannais, Luizant, Luzannois, Maconnais, Maurillon blanc, Melon blanc, Melon D'Arbois, Meroué,[5] Moreau blanc, Morillon blanc, Moulon, Noirien blanc, Obaideh, Petit Chatey, Petit Sainte-Marie, Petite Sainte Marie, Pineau blanc, Pino Sardone, Pino Shardone, Pinot Blanc à Cramant, Pinot Blanc Chardonnay, Pinot Chardonnay, Pinot de Bourgogne, Pinot Giallo, Pinot Planc, Plant de Tonnerre, Romere, Romeret, Rouci Bile, Rousseau, Roussot, Ruländer Weiß, Sainte Marie Petite, Sardone, Shardone, Shardonne, Später Weiß Burgunder, Weiß Burgunder (normally refers to Pinot blanc), Weiß Clevner, Weiß Edler, Weiß Elder, Weiß Klewner, Weiß Silber, Weißedler, Weißer Clevner, Weißer Rulander.",France,Penfolds Bin A Chardonnay 2019,Chardonnay,Australia,White,Rich & Toasty
Chardonnay,"Arboisier, Arnaison blanc, Arnoison, Aubain, Aubaine, Auvergnat blanc, Auvernas, Auvernas blanc, Auvernat blanc, Auxeras, Auxerras blanc, Auxerrois blanc, Auxois, Auxois blanc, Bargeois blanc, Beaunois, Biela Klevanjika, Blanc de Champagne, Blanc de Cramant, Breisgauer Suessling, Breisgauer Sussling, Burgundi Feher, Chablis, Chardenai, Chardenay, Chardenet, Chardennet, Chardonay, Chardonnet, Chatenait, Chatey Petit, Chatte, Chaudenay, Chaudenet, Chaudent, Clävner, Clevner Weiss, Cravner, Epinette, Epinette blanc, Epinette blanche, Epinette de Champagne, Ericey blanc, Feher Chardonnay, Feherburgundi, Feinburgunder, Gamay blanc, Gelber Weissburgunder, Gentil blanc, Grosse Bourgogne, Klawner, Klevanjka Biela, Klevner, Lisant, Luisant, Luizannais, Luizant, Luzannois, Maconnais, Maurillon blanc, Melon blanc, Melon D'Arbois, Meroué,[5] Moreau blanc, Morillon blanc, Moulon, Noirien blanc, Obaideh, Petit Chatey, Petit Sainte-Marie, Petite Sainte Marie, Pineau blanc, Pino Sardone, Pino Shardone, Pinot Blanc à Cramant, Pinot Blanc Chardonnay, Pinot Chardonnay, Pinot de Bourgogne, Pinot Giallo, Pinot Planc, Plant de Tonnerre, Romere, Romeret, Rouci Bile, Rousseau, Roussot, Ruländer Weiß, Sainte Marie Petite, Sardone, Shardone, Shardonne, Später Weiß Burgunder, Weiß Burgunder (normally refers to Pinot blanc), Weiß Clevner, Weiß Edler, Weiß Elder, Weiß Klewner, Weiß Silber, Weißedler, Weißer Clevner, Weißer Rulander.",France,Louis Roederer 'Collection 243' Brut Champagne,Chardonnay,France,White,Rich & Toasty
Chardonnay,"Arboisier, Arnaison blanc, Arnoison, Aubain, Aubaine, Auvergnat blanc, Auvernas, Auvernas blanc, Auvernat blanc, Auxeras, Auxerras blanc, Auxerrois blanc, Auxois, Auxois blanc, Bargeois blanc, Beaunois, Biela Klevanjika, Blanc de Champagne, Blanc de Cramant, Breisgauer Suessling, Breisgauer Sussling, Burgundi Feher, Chablis, Chardenai, Chardenay, Chardenet, Chardennet, Chardonay, Chardonnet, Chatenait, Chatey Petit, Chatte, Chaudenay, Chaudenet, Chaudent, Clävner, Clevner Weiss, Cravner, Epinette, Epinette blanc, Epinette blanche, Epinette de Champagne, Ericey blanc, Feher Chardonnay, Feherburgundi, Feinburgunder, Gamay blanc, Gelber Weissburgunder, Gentil blanc, Grosse Bourgogne, Klawner, Klevanjka Biela, Klevner, Lisant, Luisant, Luizannais, Luizant, Luzannois, Maconnais, Maurillon blanc, Melon blanc, Melon D'Arbois, Meroué,[5] Moreau blanc, Morillon blanc, Moulon, Noirien blanc, Obaideh, Petit Chatey, Petit Sainte-Marie, Petite Sainte Marie, Pineau blanc, Pino Sardone, Pino Shardone, Pinot Blanc à Cramant, Pinot Blanc Chardonnay, Pinot Chardonnay, Pinot de Bourgogne, Pinot Giallo, Pinot Planc, Plant de Tonnerre, Romere, Romeret, Rouci Bile, Rousseau, Roussot, Ruländer Weiß, Sainte Marie Petite, Sardone, Shardone, Shardonne, Später Weiß Burgunder, Weiß Burgunder (normally refers to Pinot blanc), Weiß Clevner, Weiß Edler, Weiß Elder, Weiß Klewner, Weiß Silber, Weißedler, Weißer Clevner, Weißer Rulander.",France,Bollinger 'Special Cuvée' Brut Champagne,Chardonnay,France,White,Rich & Toasty
Chardonnay,"Arboisier, Arnaison blanc, Arnoison, Aubain, Aubaine, Auvergnat blanc, Auvernas, Auvernas blanc, Auvernat blanc, Auxeras, Auxerras blanc, Auxerrois blanc, Auxois, Auxois blanc, Bargeois blanc, Beaunois, Biela Klevanjika, Blanc de Champagne, Blanc de Cramant, Breisgauer Suessling, Breisgauer Sussling, Burgundi Feher, Chablis, Chardenai, Chardenay, Chardenet, Chardennet, Chardonay, Chardonnet, Chatenait, Chatey Petit, Chatte, Chaudenay, Chaudenet, Chaudent, Clävner, Clevner Weiss, Cravner, Epinette, Epinette blanc, Epinette blanche, Epinette de Champagne, Ericey blanc, Feher Chardonnay, Feherburgundi, Feinburgunder, Gamay blanc, Gelber Weissburgunder, Gentil blanc, Grosse Bourgogne, Klawner, Klevanjka Biela, Klevner, Lisant, Luisant, Luizannais, Luizant, Luzannois, Maconnais, Maurillon blanc, Melon blanc, Melon D'Arbois, Meroué,[5] Moreau blanc, Morillon blanc, Moulon, Noirien blanc, Obaideh, Petit Chatey, Petit Sainte-Marie, Petite Sainte Marie, Pineau blanc, Pino Sardone, Pino Shardone, Pinot Blanc à Cramant, Pinot Blanc Chardonnay, Pinot Chardonnay, Pinot de Bourgogne, Pinot Giallo, Pinot Planc, Plant de Tonnerre, Romere, Romeret, Rouci Bile, Rousseau, Roussot, Ruländer Weiß, Sainte Marie Petite, Sardone, Shardone, Shardonne, Später Weiß Burgunder, Weiß Burgunder (normally refers to Pinot blanc), Weiß Clevner, Weiß Edler, Weiß Elder, Weiß Klewner, Weiß Silber, Weißedler, Weißer Clevner, Weißer Rulander.",France,Bollinger Special Cuvée Champagne Half Bottle,Chardonnay,France,White,Rich & Toasty
Chardonnay,"Arboisier, Arnaison blanc, Arnoison, Aubain, Aubaine, Auvergnat blanc, Auvernas, Auvernas blanc, Auvernat blanc, Auxeras, Auxerras blanc, Auxerrois blanc, Auxois, Auxois blanc, Bargeois blanc, Beaunois, Biela Klevanjika, Blanc de Champagne, Blanc de Cramant, Breisgauer Suessling, Breisgauer Sussling, Burgundi Feher, Chablis, Chardenai, Chardenay, Chardenet, Chardennet, Chardonay, Chardonnet, Chatenait, Chatey Petit, Chatte, Chaudenay, Chaudenet, Chaudent, Clävner, Clevner Weiss, Cravner, Epinette, Epinette blanc, Epinette blanche, Epinette de Champagne, Ericey blanc, Feher Chardonnay, Feherburgundi, Feinburgunder, Gamay blanc, Gelber Weissburgunder, Gentil blanc, Grosse Bourgogne, Klawner, Klevanjka Biela, Klevner, Lisant, Luisant, Luizannais, Luizant, Luzannois, Maconnais, Maurillon blanc, Melon blanc, Melon D'Arbois, Meroué,[5] Moreau blanc, Morillon blanc, Moulon, Noirien blanc, Obaideh, Petit Chatey, Petit Sainte-Marie, Petite Sainte Marie, Pineau blanc, Pino Sardone, Pino Shardone, Pinot Blanc à Cramant, Pinot Blanc Chardonnay, Pinot Chardonnay, Pinot de Bourgogne, Pinot Giallo, Pinot Planc, Plant de Tonnerre, Romere, Romeret, Rouci Bile, Rousseau, Roussot, Ruländer Weiß, Sainte Marie Petite, Sardone, Shardone, Shardonne, Später Weiß Burgunder, Weiß Burgunder (normally refers to Pinot blanc), Weiß Clevner, Weiß Edler, Weiß Elder, Weiß Klewner, Weiß Silber, Weißedler, Weißer Clevner, Weißer Rulander.",France,Definition Pouilly-Fuissé 2019/20,Chardonnay,France,White,Rich & Toasty
Chardonnay,"Arboisier, Arnaison blanc, Arnoison, Aubain, Aubaine, Auvergnat blanc, Auvernas, Auvernas blanc, Auvernat blanc, Auxeras, Auxerras blanc, Auxerrois blanc, Auxois, Auxois blanc, Bargeois blanc, Beaunois, Biela Klevanjika, Blanc de Champagne, Blanc de Cramant, Breisgauer Suessling, Breisgauer Sussling, Burgundi Feher, Chablis, Chardenai, Chardenay, Chardenet, Chardennet, Chardonay, Chardonnet, Chatenait, Chatey Petit, Chatte, Chaudenay, Chaudenet, Chaudent, Clävner, Clevner Weiss, Cravner, Epinette, Epinette blanc, Epinette blanche, Epinette de Champagne, Ericey blanc, Feher Chardonnay, Feherburgundi, Feinburgunder, Gamay blanc, Gelber Weissburgunder, Gentil blanc, Grosse Bourgogne, Klawner, Klevanjka Biela, Klevner, Lisant, Luisant, Luizannais, Luizant, Luzannois, Maconnais, Maurillon blanc, Melon blanc, Melon D'Arbois, Meroué,[5] Moreau blanc, Morillon blanc, Moulon, Noirien blanc, Obaideh, Petit Chatey, Petit Sainte-Marie, Petite Sainte Marie, Pineau blanc, Pino Sardone, Pino Shardone, Pinot Blanc à Cramant, Pinot Blanc Chardonnay, Pinot Chardonnay, Pinot de Bourgogne, Pinot Giallo, Pinot Planc, Plant de Tonnerre, Romere, Romeret, Rouci Bile, Rousseau, Roussot, Ruländer Weiß, Sainte Marie Petite, Sardone, Shardone, Shardonne, Später Weiß Burgunder, Weiß Burgunder (normally refers to Pinot blanc), Weiß Clevner, Weiß Edler, Weiß Elder, Weiß Klewner, Weiß Silber, Weißedler, Weißer Clevner, Weißer Rulander.",France,"MontGras ‘Day One’ Chardonnay 2021/22, Leyda Valley",Chardonnay,Chile,White,Fresh & Elegant
Chardonnay,"Arboisier, Arnaison blanc, Arnoison, Aubain, Aubaine, Auvergnat blanc, Auvernas, Auvernas blanc, Auvernat blanc, Auxeras, Auxerras blanc, Auxerrois blanc, Auxois, Auxois blanc, Bargeois blanc, Beaunois, Biela Klevanjika, Blanc de Champagne, Blanc de Cramant, Breisgauer Suessling, Breisgauer Sussling, Burgundi Feher, Chablis, Chardenai, Chardenay, Chardenet, Chardennet, Chardonay, Chardonnet, Chatenait, Chatey Petit, Chatte, Chaudenay, Chaudenet, Chaudent, Clävner, Clevner Weiss, Cravner, Epinette, Epinette blanc, Epinette blanche, Epinette de Champagne, Ericey blanc, Feher Chardonnay, Feherburgundi, Feinburgunder, Gamay blanc, Gelber Weissburgunder, Gentil blanc, Grosse Bourgogne, Klawner, Klevanjka Biela, Klevner, Lisant, Luisant, Luizannais, Luizant, Luzannois, Maconnais, Maurillon blanc, Melon blanc, Melon D'Arbois, Meroué,[5] Moreau blanc, Morillon blanc, Moulon, Noirien blanc, Obaideh, Petit Chatey, Petit Sainte-Marie, Petite Sainte Marie, Pineau blanc, Pino Sardone, Pino Shardone, Pinot Blanc à Cramant, Pinot Blanc Chardonnay, Pinot Chardonnay, Pinot de Bourgogne, Pinot Giallo, Pinot Planc, Plant de Tonnerre, Romere, Romeret, Rouci Bile, Rousseau, Roussot, Ruländer Weiß, Sainte Marie Petite, Sardone, Shardone, Shardonne, Später Weiß Burgunder, Weiß Burgunder (normally refers to Pinot blanc), Weiß Clevner, Weiß Edler, Weiß Elder, Weiß Klewner, Weiß Silber, Weißedler, Weißer Clevner, Weißer Rulander.",France,"Petaluma Chardonnay 2019/21, Piccadilly Valley",Chardonnay,Australia,White,Rich & Toasty
Chardonnay,"Arboisier, Arnaison blanc, Arnoison, Aubain, Aubaine, Auvergnat blanc, Auvernas, Auvernas blanc, Auvernat blanc, Auxeras, Auxerras blanc, Auxerrois blanc, Auxois, Auxois blanc, Bargeois blanc, Beaunois, Biela Klevanjika, Blanc de Champagne, Blanc de Cramant, Breisgauer Suessling, Breisgauer Sussling, Burgundi Feher, Chablis, Chardenai, Chardenay, Chardenet, Chardennet, Chardonay, Chardonnet, Chatenait, Chatey Petit, Chatte, Chaudenay, Chaudenet, Chaudent, Clävner, Clevner Weiss, Cravner, Epinette, Epinette blanc, Epinette blanche, Epinette de Champagne, Ericey blanc, Feher Chardonnay, Feherburgundi, Feinburgunder, Gamay blanc, Gelber Weissburgunder, Gentil blanc, Grosse Bourgogne, Klawner, Klevanjka Biela, Klevner, Lisant, Luisant, Luizannais, Luizant, Luzannois, Maconnais, Maurillon blanc, Melon blanc, Melon D'Arbois, Meroué,[5] Moreau blanc, Morillon blanc, Moulon, Noirien blanc, Obaideh, Petit Chatey, Petit Sainte-Marie, Petite Sainte Marie, Pineau blanc, Pino Sardone, Pino Shardone, Pinot Blanc à Cramant, Pinot Blanc Chardonnay, Pinot Chardonnay, Pinot de Bourgogne, Pinot Giallo, Pinot Planc, Plant de Tonnerre, Romere, Romeret, Rouci Bile, Rousseau, Roussot, Ruländer Weiß, Sainte Marie Petite, Sardone, Shardone, Shardonne, Später Weiß Burgunder, Weiß Burgunder (normally refers to Pinot blanc), Weiß Clevner, Weiß Edler, Weiß Elder, Weiß Klewner, Weiß Silber, Weißedler, Weißer Clevner, Weißer Rulander.",France,Lanson Le Black Label Brut Champagne Magnum,Chardonnay,France,White,Crisp & Fruity
Chardonnay,"Arboisier, Arnaison blanc, Arnoison, Aubain, Aubaine, Auvergnat blanc, Auvernas, Auvernas blanc, Auvernat blanc, Auxeras, Auxerras blanc, Auxerrois blanc, Auxois, Auxois blanc, Bargeois blanc, Beaunois, Biela Klevanjika, Blanc de Champagne, Blanc de Cramant, Breisgauer Suessling, Breisgauer Sussling, Burgundi Feher, Chablis, Chardenai, Chardenay, Chardenet, Chardennet, Chardonay, Chardonnet, Chatenait, Chatey Petit, Chatte, Chaudenay, Chaudenet, Chaudent, Clävner, Clevner Weiss, Cravner, Epinette, Epinette blanc, Epinette blanche, Epinette de Champagne, Ericey blanc, Feher Chardonnay, Feherburgundi, Feinburgunder, Gamay blanc, Gelber Weissburgunder, Gentil blanc, Grosse Bourgogne, Klawner, Klevanjka Biela, Klevner, Lisant, Luisant, Luizannais, Luizant, Luzannois, Maconnais, Maurillon blanc, Melon blanc, Melon D'Arbois, Meroué,[5] Moreau blanc, Morillon blanc, Moulon, Noirien blanc, Obaideh, Petit Chatey, Petit Sainte-Marie, Petite Sainte Marie, Pineau blanc, Pino Sardone, Pino Shardone, Pinot Blanc à Cramant, Pinot Blanc Chardonnay, Pinot Chardonnay, Pinot de Bourgogne, Pinot Giallo, Pinot Planc, Plant de Tonnerre, Romere, Romeret, Rouci Bile, Rousseau, Roussot, Ruländer Weiß, Sainte Marie Petite, Sardone, Shardone, Shardonne, Später Weiß Burgunder, Weiß Burgunder (normally refers to Pinot blanc), Weiß Clevner, Weiß Edler, Weiß Elder, Weiß Klewner, Weiß Silber, Weißedler, Weißer Clevner, Weißer Rulander.",France,"Balfour '1503' Brut, Kent",Chardonnay,England,White,Crisp & Fruity
Chardonnay,"Arboisier, Arnaison blanc, Arnoison, Aubain, Aubaine, Auvergnat blanc, Auvernas, Auvernas blanc, Auvernat blanc, Auxeras, Auxerras blanc, Auxerrois blanc, Auxois, Auxois blanc, Bargeois blanc, Beaunois, Biela Klevanjika, Blanc de Champagne, Blanc de Cramant, Breisgauer Suessling, Breisgauer Sussling, Burgundi Feher, Chablis, Chardenai, Chardenay, Chardenet, Chardennet, Chardonay, Chardonnet, Chatenait, Chatey Petit, Chatte, Chaudenay, Chaudenet, Chaudent, Clävner, Clevner Weiss, Cravner, Epinette, Epinette blanc, Epinette blanche, Epinette de Champagne, Ericey blanc, Feher Chardonnay, Feherburgundi, Feinburgunder, Gamay blanc, Gelber Weissburgunder, Gentil blanc, Grosse Bourgogne, Klawner, Klevanjka Biela, Klevner, Lisant, Luisant, Luizannais, Luizant, Luzannois, Maconnais, Maurillon blanc, Melon blanc, Melon D'Arbois, Meroué,[5] Moreau blanc, Morillon blanc, Moulon, Noirien blanc, Obaideh, Petit Chatey, Petit Sainte-Marie, Petite Sainte Marie, Pineau blanc, Pino Sardone, Pino Shardone, Pinot Blanc à Cramant, Pinot Blanc Chardonnay, Pinot Chardonnay, Pinot de Bourgogne, Pinot Giallo, Pinot Planc, Plant de Tonnerre, Romere, Romeret, Rouci Bile, Rousseau, Roussot, Ruländer Weiß, Sainte Marie Petite, Sardone, Shardone, Shardonne, Später Weiß Burgunder, Weiß Burgunder (normally refers to Pinot blanc), Weiß Clevner, Weiß Edler, Weiß Elder, Weiß Klewner, Weiß Silber, Weißedler, Weißer Clevner, Weißer Rulander.",France,Ayala 'Le Blanc de Blancs' Champagne 2015/16,Chardonnay,France,White,Rich & Toasty
Chardonnay,"Arboisier, Arnaison blanc, Arnoison, Aubain, Aubaine, Auvergnat blanc, Auvernas, Auvernas blanc, Auvernat blanc, Auxeras, Auxerras blanc, Auxerrois blanc, Auxois, Auxois blanc, Bargeois blanc, Beaunois, Biela Klevanjika, Blanc de Champagne, Blanc de Cramant, Breisgauer Suessling, Breisgauer Sussling, Burgundi Feher, Chablis, Chardenai, Chardenay, Chardenet, Chardennet, Chardonay, Chardonnet, Chatenait, Chatey Petit, Chatte, Chaudenay, Chaudenet, Chaudent, Clävner, Clevner Weiss, Cravner, Epinette, Epinette blanc, Epinette blanche, Epinette de Champagne, Ericey blanc, Feher Chardonnay, Feherburgundi, Feinburgunder, Gamay blanc, Gelber Weissburgunder, Gentil blanc, Grosse Bourgogne, Klawner, Klevanjka Biela, Klevner, Lisant, Luisant, Luizannais, Luizant, Luzannois, Maconnais, Maurillon blanc, Melon blanc, Melon D'Arbois, Meroué,[5] Moreau blanc, Morillon blanc, Moulon, Noirien blanc, Obaideh, Petit Chatey, Petit Sainte-Marie, Petite Sainte Marie, Pineau blanc, Pino Sardone, Pino Shardone, Pinot Blanc à Cramant, Pinot Blanc Chardonnay, Pinot Chardonnay, Pinot de Bourgogne, Pinot Giallo, Pinot Planc, Plant de Tonnerre, Romere, Romeret, Rouci Bile, Rousseau, Roussot, Ruländer Weiß, Sainte Marie Petite, Sardone, Shardone, Shardonne, Später Weiß Burgunder, Weiß Burgunder (normally refers to Pinot blanc), Weiß Clevner, Weiß Edler, Weiß Elder, Weiß Klewner, Weiß Silber, Weißedler, Weißer Clevner, Weißer Rulander.",France,Cantina Chiara Ziliani 'Duca Diseo' Franciacorta DOCG Brut,Chardonnay,Italy,White,Light & Refreshing
Chardonnay,"Arboisier, Arnaison blanc, Arnoison, Aubain, Aubaine, Auvergnat blanc, Auvernas, Auvernas blanc, Auvernat blanc, Auxeras, Auxerras blanc, Auxerrois blanc, Auxois, Auxois blanc, Bargeois blanc, Beaunois, Biela Klevanjika, Blanc de Champagne, Blanc de Cramant, Breisgauer Suessling, Breisgauer Sussling, Burgundi Feher, Chablis, Chardenai, Chardenay, Chardenet, Chardennet, Chardonay, Chardonnet, Chatenait, Chatey Petit, Chatte, Chaudenay, Chaudenet, Chaudent, Clävner, Clevner Weiss, Cravner, Epinette, Epinette blanc, Epinette blanche, Epinette de Champagne, Ericey blanc, Feher Chardonnay, Feherburgundi, Feinburgunder, Gamay blanc, Gelber Weissburgunder, Gentil blanc, Grosse Bourgogne, Klawner, Klevanjka Biela, Klevner, Lisant, Luisant, Luizannais, Luizant, Luzannois, Maconnais, Maurillon blanc, Melon blanc, Melon D'Arbois, Meroué,[5] Moreau blanc, Morillon blanc, Moulon, Noirien blanc, Obaideh, Petit Chatey, Petit Sainte-Marie, Petite Sainte Marie, Pineau blanc, Pino Sardone, Pino Shardone, Pinot Blanc à Cramant, Pinot Blanc Chardonnay, Pinot Chardonnay, Pinot de Bourgogne, Pinot Giallo, Pinot Planc, Plant de Tonnerre, Romere, Romeret, Rouci Bile, Rousseau, Roussot, Ruländer Weiß, Sainte Marie Petite, Sardone, Shardone, Shardonne, Später Weiß Burgunder, Weiß Burgunder (normally refers to Pinot blanc), Weiß Clevner, Weiß Edler, Weiß Elder, Weiß Klewner, Weiß Silber, Weißedler, Weißer Clevner, Weißer Rulander.",France,Domaine de la Croix Salain Organic Mâcon-Villages 2021,Chardonnay,France,White,Fresh & Elegant
Chardonnay,"Arboisier, Arnaison blanc, Arnoison, Aubain, Aubaine, Auvergnat blanc, Auvernas, Auvernas blanc, Auvernat blanc, Auxeras, Auxerras blanc, Auxerrois blanc, Auxois, Auxois blanc, Bargeois blanc, Beaunois, Biela Klevanjika, Blanc de Champagne, Blanc de Cramant, Breisgauer Suessling, Breisgauer Sussling, Burgundi Feher, Chablis, Chardenai, Chardenay, Chardenet, Chardennet, Chardonay, Chardonnet, Chatenait, Chatey Petit, Chatte, Chaudenay, Chaudenet, Chaudent, Clävner, Clevner Weiss, Cravner, Epinette, Epinette blanc, Epinette blanche, Epinette de Champagne, Ericey blanc, Feher Chardonnay, Feherburgundi, Feinburgunder, Gamay blanc, Gelber Weissburgunder, Gentil blanc, Grosse Bourgogne, Klawner, Klevanjka Biela, Klevner, Lisant, Luisant, Luizannais, Luizant, Luzannois, Maconnais, Maurillon blanc, Melon blanc, Melon D'Arbois, Meroué,[5] Moreau blanc, Morillon blanc, Moulon, Noirien blanc, Obaideh, Petit Chatey, Petit Sainte-Marie, Petite Sainte Marie, Pineau blanc, Pino Sardone, Pino Shardone, Pinot Blanc à Cramant, Pinot Blanc Chardonnay, Pinot Chardonnay, Pinot de Bourgogne, Pinot Giallo, Pinot Planc, Plant de Tonnerre, Romere, Romeret, Rouci Bile, Rousseau, Roussot, Ruländer Weiß, Sainte Marie Petite, Sardone, Shardone, Shardonne, Später Weiß Burgunder, Weiß Burgunder (normally refers to Pinot blanc), Weiß Clevner, Weiß Edler, Weiß Elder, Weiß Klewner, Weiß Silber, Weißedler, Weißer Clevner, Weißer Rulander.",France,Domaine Hubert Bouzereau-Gruère et Filles Meursault 2020/21,Chardonnay,France,White,Rich & Toasty
Chardonnay,"Arboisier, Arnaison blanc, Arnoison, Aubain, Aubaine, Auvergnat blanc, Auvernas, Auvernas blanc, Auvernat blanc, Auxeras, Auxerras blanc, Auxerrois blanc, Auxois, Auxois blanc, Bargeois blanc, Beaunois, Biela Klevanjika, Blanc de Champagne, Blanc de Cramant, Breisgauer Suessling, Breisgauer Sussling, Burgundi Feher, Chablis, Chardenai, Chardenay, Chardenet, Chardennet, Chardonay, Chardonnet, Chatenait, Chatey Petit, Chatte, Chaudenay, Chaudenet, Chaudent, Clävner, Clevner Weiss, Cravner, Epinette, Epinette blanc, Epinette blanche, Epinette de Champagne, Ericey blanc, Feher Chardonnay, Feherburgundi, Feinburgunder, Gamay blanc, Gelber Weissburgunder, Gentil blanc, Grosse Bourgogne, Klawner, Klevanjka Biela, Klevner, Lisant, Luisant, Luizannais, Luizant, Luzannois, Maconnais, Maurillon blanc, Melon blanc, Melon D'Arbois, Meroué,[5] Moreau blanc, Morillon blanc, Moulon, Noirien blanc, Obaideh, Petit Chatey, Petit Sainte-Marie, Petite Sainte Marie, Pineau blanc, Pino Sardone, Pino Shardone, Pinot Blanc à Cramant, Pinot Blanc Chardonnay, Pinot Chardonnay, Pinot de Bourgogne, Pinot Giallo, Pinot Planc, Plant de Tonnerre, Romere, Romeret, Rouci Bile, Rousseau, Roussot, Ruländer Weiß, Sainte Marie Petite, Sardone, Shardone, Shardonne, Später Weiß Burgunder, Weiß Burgunder (normally refers to Pinot blanc), Weiß Clevner, Weiß Edler, Weiß Elder, Weiß Klewner, Weiß Silber, Weißedler, Weißer Clevner, Weißer Rulander.",France,Domaine la Troupe ‘Cuvée Marie’ Viré-Clessé 2020/21,Chardonnay,France,White,Fresh & Elegant
Chardonnay,"Arboisier, Arnaison blanc, Arnoison, Aubain, Aubaine, Auvergnat blanc, Auvernas, Auvernas blanc, Auvernat blanc, Auxeras, Auxerras blanc, Auxerrois blanc, Auxois, Auxois blanc, Bargeois blanc, Beaunois, Biela Klevanjika, Blanc de Champagne, Blanc de Cramant, Breisgauer Suessling, Breisgauer Sussling, Burgundi Feher, Chablis, Chardenai, Chardenay, Chardenet, Chardennet, Chardonay, Chardonnet, Chatenait, Chatey Petit, Chatte, Chaudenay, Chaudenet, Chaudent, Clävner, Clevner Weiss, Cravner, Epinette, Epinette blanc, Epinette blanche, Epinette de Champagne, Ericey blanc, Feher Chardonnay, Feherburgundi, Feinburgunder, Gamay blanc, Gelber Weissburgunder, Gentil blanc, Grosse Bourgogne, Klawner, Klevanjka Biela, Klevner, Lisant, Luisant, Luizannais, Luizant, Luzannois, Maconnais, Maurillon blanc, Melon blanc, Melon D'Arbois, Meroué,[5] Moreau blanc, Morillon blanc, Moulon, Noirien blanc, Obaideh, Petit Chatey, Petit Sainte-Marie, Petite Sainte Marie, Pineau blanc, Pino Sardone, Pino Shardone, Pinot Blanc à Cramant, Pinot Blanc Chardonnay, Pinot Chardonnay, Pinot de Bourgogne, Pinot Giallo, Pinot Planc, Plant de Tonnerre, Romere, Romeret, Rouci Bile, Rousseau, Roussot, Ruländer Weiß, Sainte Marie Petite, Sardone, Shardone, Shardonne, Später Weiß Burgunder, Weiß Burgunder (normally refers to Pinot blanc), Weiß Clevner, Weiß Edler, Weiß Elder, Weiß Klewner, Weiß Silber, Weißedler, Weißer Clevner, Weißer Rulander.",France,"Graham Beck Brut, South Africa",Chardonnay,South Africa,White,Rich & Toasty
Chardonnay,"Arboisier, Arnaison blanc, Arnoison, Aubain, Aubaine, Auvergnat blanc, Auvernas, Auvernas blanc, Auvernat blanc, Auxeras, Auxerras blanc, Auxerrois blanc, Auxois, Auxois blanc, Bargeois blanc, Beaunois, Biela Klevanjika, Blanc de Champagne, Blanc de Cramant, Breisgauer Suessling, Breisgauer Sussling, Burgundi Feher, Chablis, Chardenai, Chardenay, Chardenet, Chardennet, Chardonay, Chardonnet, Chatenait, Chatey Petit, Chatte, Chaudenay, Chaudenet, Chaudent, Clävner, Clevner Weiss, Cravner, Epinette, Epinette blanc, Epinette blanche, Epinette de Champagne, Ericey blanc, Feher Chardonnay, Feherburgundi, Feinburgunder, Gamay blanc, Gelber Weissburgunder, Gentil blanc, Grosse Bourgogne, Klawner, Klevanjka Biela, Klevner, Lisant, Luisant, Luizannais, Luizant, Luzannois, Maconnais, Maurillon blanc, Melon blanc, Melon D'Arbois, Meroué,[5] Moreau blanc, Morillon blanc, Moulon, Noirien blanc, Obaideh, Petit Chatey, Petit Sainte-Marie, Petite Sainte Marie, Pineau blanc, Pino Sardone, Pino Shardone, Pinot Blanc à Cramant, Pinot Blanc Chardonnay, Pinot Chardonnay, Pinot de Bourgogne, Pinot Giallo, Pinot Planc, Plant de Tonnerre, Romere, Romeret, Rouci Bile, Rousseau, Roussot, Ruländer Weiß, Sainte Marie Petite, Sardone, Shardone, Shardonne, Später Weiß Burgunder, Weiß Burgunder (normally refers to Pinot blanc), Weiß Clevner, Weiß Edler, Weiß Elder, Weiß Klewner, Weiß Silber, Weißedler, Weißer Clevner, Weißer Rulander.",France,Moët & Chandon 'Grand Vintage' 2013/15 Champagne,Chardonnay,France,White,Rich & Toasty
Chardonnay,"Arboisier, Arnaison blanc, Arnoison, Aubain, Aubaine, Auvergnat blanc, Auvernas, Auvernas blanc, Auvernat blanc, Auxeras, Auxerras blanc, Auxerrois blanc, Auxois, Auxois blanc, Bargeois blanc, Beaunois, Biela Klevanjika, Blanc de Champagne, Blanc de Cramant, Breisgauer Suessling, Breisgauer Sussling, Burgundi Feher, Chablis, Chardenai, Chardenay, Chardenet, Chardennet, Chardonay, Chardonnet, Chatenait, Chatey Petit, Chatte, Chaudenay, Chaudenet, Chaudent, Clävner, Clevner Weiss, Cravner, Epinette, Epinette blanc, Epinette blanche, Epinette de Champagne, Ericey blanc, Feher Chardonnay, Feherburgundi, Feinburgunder, Gamay blanc, Gelber Weissburgunder, Gentil blanc, Grosse Bourgogne, Klawner, Klevanjka Biela, Klevner, Lisant, Luisant, Luizannais, Luizant, Luzannois, Maconnais, Maurillon blanc, Melon blanc, Melon D'Arbois, Meroué,[5] Moreau blanc, Morillon blanc, Moulon, Noirien blanc, Obaideh, Petit Chatey, Petit Sainte-Marie, Petite Sainte Marie, Pineau blanc, Pino Sardone, Pino Shardone, Pinot Blanc à Cramant, Pinot Blanc Chardonnay, Pinot Chardonnay, Pinot de Bourgogne, Pinot Giallo, Pinot Planc, Plant de Tonnerre, Romere, Romeret, Rouci Bile, Rousseau, Roussot, Ruländer Weiß, Sainte Marie Petite, Sardone, Shardone, Shardonne, Später Weiß Burgunder, Weiß Burgunder (normally refers to Pinot blanc), Weiß Clevner, Weiß Edler, Weiß Elder, Weiß Klewner, Weiß Silber, Weißedler, Weißer Clevner, Weißer Rulander.",France,Ruinart 'Second Skin' Brut Rosé Champagne,Chardonnay,France,Rosé,Rich & Toasty
Chardonnay,"Arboisier, Arnaison blanc, Arnoison, Aubain, Aubaine, Auvergnat blanc, Auvernas, Auvernas blanc, Auvernat blanc, Auxeras, Auxerras blanc, Auxerrois blanc, Auxois, Auxois blanc, Bargeois blanc, Beaunois, Biela Klevanjika, Blanc de Champagne, Blanc de Cramant, Breisgauer Suessling, Breisgauer Sussling, Burgundi Feher, Chablis, Chardenai, Chardenay, Chardenet, Chardennet, Chardonay, Chardonnet, Chatenait, Chatey Petit, Chatte, Chaudenay, Chaudenet, Chaudent, Clävner, Clevner Weiss, Cravner, Epinette, Epinette blanc, Epinette blanche, Epinette de Champagne, Ericey blanc, Feher Chardonnay, Feherburgundi, Feinburgunder, Gamay blanc, Gelber Weissburgunder, Gentil blanc, Grosse Bourgogne, Klawner, Klevanjka Biela, Klevner, Lisant, Luisant, Luizannais, Luizant, Luzannois, Maconnais, Maurillon blanc, Melon blanc, Melon D'Arbois, Meroué,[5] Moreau blanc, Morillon blanc, Moulon, Noirien blanc, Obaideh, Petit Chatey, Petit Sainte-Marie, Petite Sainte Marie, Pineau blanc, Pino Sardone, Pino Shardone, Pinot Blanc à Cramant, Pinot Blanc Chardonnay, Pinot Chardonnay, Pinot de Bourgogne, Pinot Giallo, Pinot Planc, Plant de Tonnerre, Romere, Romeret, Rouci Bile, Rousseau, Roussot, Ruländer Weiß, Sainte Marie Petite, Sardone, Shardone, Shardonne, Später Weiß Burgunder, Weiß Burgunder (normally refers to Pinot blanc), Weiß Clevner, Weiß Edler, Weiß Elder, Weiß Klewner, Weiß Silber, Weißedler, Weißer Clevner, Weißer Rulander.",France,"Edna Valley Chardonnay 2019/20, Central Coast",Chardonnay,USA,White,Rich & Toasty
Chardonnay,"Arboisier, Arnaison blanc, Arnoison, Aubain, Aubaine, Auvergnat blanc, Auvernas, Auvernas blanc, Auvernat blanc, Auxeras, Auxerras blanc, Auxerrois blanc, Auxois, Auxois blanc, Bargeois blanc, Beaunois, Biela Klevanjika, Blanc de Champagne, Blanc de Cramant, Breisgauer Suessling, Breisgauer Sussling, Burgundi Feher, Chablis, Chardenai, Chardenay, Chardenet, Chardennet, Chardonay, Chardonnet, Chatenait, Chatey Petit, Chatte, Chaudenay, Chaudenet, Chaudent, Clävner, Clevner Weiss, Cravner, Epinette, Epinette blanc, Epinette blanche, Epinette de Champagne, Ericey blanc, Feher Chardonnay, Feherburgundi, Feinburgunder, Gamay blanc, Gelber Weissburgunder, Gentil blanc, Grosse Bourgogne, Klawner, Klevanjka Biela, Klevner, Lisant, Luisant, Luizannais, Luizant, Luzannois, Maconnais, Maurillon blanc, Melon blanc, Melon D'Arbois, Meroué,[5] Moreau blanc, Morillon blanc, Moulon, Noirien blanc, Obaideh, Petit Chatey, Petit Sainte-Marie, Petite Sainte Marie, Pineau blanc, Pino Sardone, Pino Shardone, Pinot Blanc à Cramant, Pinot Blanc Chardonnay, Pinot Chardonnay, Pinot de Bourgogne, Pinot Giallo, Pinot Planc, Plant de Tonnerre, Romere, Romeret, Rouci Bile, Rousseau, Roussot, Ruländer Weiß, Sainte Marie Petite, Sardone, Shardone, Shardonne, Später Weiß Burgunder, Weiß Burgunder (normally refers to Pinot blanc), Weiß Clevner, Weiß Edler, Weiß Elder, Weiß Klewner, Weiß Silber, Weißedler, Weißer Clevner, Weißer Rulander.",France,Louis Jadot 'Clos du Cromin' Meursault 2018/20,Chardonnay,France,White,Rich & Toasty
Chardonnay,"Arboisier, Arnaison blanc, Arnoison, Aubain, Aubaine, Auvergnat blanc, Auvernas, Auvernas blanc, Auvernat blanc, Auxeras, Auxerras blanc, Auxerrois blanc, Auxois, Auxois blanc, Bargeois blanc, Beaunois, Biela Klevanjika, Blanc de Champagne, Blanc de Cramant, Breisgauer Suessling, Breisgauer Sussling, Burgundi Feher, Chablis, Chardenai, Chardenay, Chardenet, Chardennet, Chardonay, Chardonnet, Chatenait, Chatey Petit, Chatte, Chaudenay, Chaudenet, Chaudent, Clävner, Clevner Weiss, Cravner, Epinette, Epinette blanc, Epinette blanche, Epinette de Champagne, Ericey blanc, Feher Chardonnay, Feherburgundi, Feinburgunder, Gamay blanc, Gelber Weissburgunder, Gentil blanc, Grosse Bourgogne, Klawner, Klevanjka Biela, Klevner, Lisant, Luisant, Luizannais, Luizant, Luzannois, Maconnais, Maurillon blanc, Melon blanc, Melon D'Arbois, Meroué,[5] Moreau blanc, Morillon blanc, Moulon, Noirien blanc, Obaideh, Petit Chatey, Petit Sainte-Marie, Petite Sainte Marie, Pineau blanc, Pino Sardone, Pino Shardone, Pinot Blanc à Cramant, Pinot Blanc Chardonnay, Pinot Chardonnay, Pinot de Bourgogne, Pinot Giallo, Pinot Planc, Plant de Tonnerre, Romere, Romeret, Rouci Bile, Rousseau, Roussot, Ruländer Weiß, Sainte Marie Petite, Sardone, Shardone, Shardonne, Später Weiß Burgunder, Weiß Burgunder (normally refers to Pinot blanc), Weiß Clevner, Weiß Edler, Weiß Elder, Weiß Klewner, Weiß Silber, Weißedler, Weißer Clevner, Weißer Rulander.",France,Taittinger Prestige Brut Rosé Champagne,Chardonnay,France,Rosé,Rich & Toasty
Chardonnay,"Arboisier, Arnaison blanc, Arnoison, Aubain, Aubaine, Auvergnat blanc, Auvernas, Auvernas blanc, Auvernat blanc, Auxeras, Auxerras blanc, Auxerrois blanc, Auxois, Auxois blanc, Bargeois blanc, Beaunois, Biela Klevanjika, Blanc de Champagne, Blanc de Cramant, Breisgauer Suessling, Breisgauer Sussling, Burgundi Feher, Chablis, Chardenai, Chardenay, Chardenet, Chardennet, Chardonay, Chardonnet, Chatenait, Chatey Petit, Chatte, Chaudenay, Chaudenet, Chaudent, Clävner, Clevner Weiss, Cravner, Epinette, Epinette blanc, Epinette blanche, Epinette de Champagne, Ericey blanc, Feher Chardonnay, Feherburgundi, Feinburgunder, Gamay blanc, Gelber Weissburgunder, Gentil blanc, Grosse Bourgogne, Klawner, Klevanjka Biela, Klevner, Lisant, Luisant, Luizannais, Luizant, Luzannois, Maconnais, Maurillon blanc, Melon blanc, Melon D'Arbois, Meroué,[5] Moreau blanc, Morillon blanc, Moulon, Noirien blanc, Obaideh, Petit Chatey, Petit Sainte-Marie, Petite Sainte Marie, Pineau blanc, Pino Sardone, Pino Shardone, Pinot Blanc à Cramant, Pinot Blanc Chardonnay, Pinot Chardonnay, Pinot de Bourgogne, Pinot Giallo, Pinot Planc, Plant de Tonnerre, Romere, Romeret, Rouci Bile, Rousseau, Roussot, Ruländer Weiß, Sainte Marie Petite, Sardone, Shardone, Shardonne, Später Weiß Burgunder, Weiß Burgunder (normally refers to Pinot blanc), Weiß Clevner, Weiß Edler, Weiß Elder, Weiß Klewner, Weiß Silber, Weißedler, Weißer Clevner, Weißer Rulander.",France,Domaine Michaut Frères 'Le Jardin du Curé' Chablis 2021/22,Chardonnay,France,White,Fresh & Elegant
Chardonnay,"Arboisier, Arnaison blanc, Arnoison, Aubain, Aubaine, Auvergnat blanc, Auvernas, Auvernas blanc, Auvernat blanc, Auxeras, Auxerras blanc, Auxerrois blanc, Auxois, Auxois blanc, Bargeois blanc, Beaunois, Biela Klevanjika, Blanc de Champagne, Blanc de Cramant, Breisgauer Suessling, Breisgauer Sussling, Burgundi Feher, Chablis, Chardenai, Chardenay, Chardenet, Chardennet, Chardonay, Chardonnet, Chatenait, Chatey Petit, Chatte, Chaudenay, Chaudenet, Chaudent, Clävner, Clevner Weiss, Cravner, Epinette, Epinette blanc, Epinette blanche, Epinette de Champagne, Ericey blanc, Feher Chardonnay, Feherburgundi, Feinburgunder, Gamay blanc, Gelber Weissburgunder, Gentil blanc, Grosse Bourgogne, Klawner, Klevanjka Biela, Klevner, Lisant, Luisant, Luizannais, Luizant, Luzannois, Maconnais, Maurillon blanc, Melon blanc, Melon D'Arbois, Meroué,[5] Moreau blanc, Morillon blanc, Moulon, Noirien blanc, Obaideh, Petit Chatey, Petit Sainte-Marie, Petite Sainte Marie, Pineau blanc, Pino Sardone, Pino Shardone, Pinot Blanc à Cramant, Pinot Blanc Chardonnay, Pinot Chardonnay, Pinot de Bourgogne, Pinot Giallo, Pinot Planc, Plant de Tonnerre, Romere, Romeret, Rouci Bile, Rousseau, Roussot, Ruländer Weiß, Sainte Marie Petite, Sardone, Shardone, Shardonne, Später Weiß Burgunder, Weiß Burgunder (normally refers to Pinot blanc), Weiß Clevner, Weiß Edler, Weiß Elder, Weiß Klewner, Weiß Silber, Weißedler, Weißer Clevner, Weißer Rulander.",France,Pommery 'Brut Rosé Royal’ Champagne,Chardonnay,France,Rosé,Crisp & Fruity
Chardonnay,"Arboisier, Arnaison blanc, Arnoison, Aubain, Aubaine, Auvergnat blanc, Auvernas, Auvernas blanc, Auvernat blanc, Auxeras, Auxerras blanc, Auxerrois blanc, Auxois, Auxois blanc, Bargeois blanc, Beaunois, Biela Klevanjika, Blanc de Champagne, Blanc de Cramant, Breisgauer Suessling, Breisgauer Sussling, Burgundi Feher, Chablis, Chardenai, Chardenay, Chardenet, Chardennet, Chardonay, Chardonnet, Chatenait, Chatey Petit, Chatte, Chaudenay, Chaudenet, Chaudent, Clävner, Clevner Weiss, Cravner, Epinette, Epinette blanc, Epinette blanche, Epinette de Champagne, Ericey blanc, Feher Chardonnay, Feherburgundi, Feinburgunder, Gamay blanc, Gelber Weissburgunder, Gentil blanc, Grosse Bourgogne, Klawner, Klevanjka Biela, Klevner, Lisant, Luisant, Luizannais, Luizant, Luzannois, Maconnais, Maurillon blanc, Melon blanc, Melon D'Arbois, Meroué,[5] Moreau blanc, Morillon blanc, Moulon, Noirien blanc, Obaideh, Petit Chatey, Petit Sainte-Marie, Petite Sainte Marie, Pineau blanc, Pino Sardone, Pino Shardone, Pinot Blanc à Cramant, Pinot Blanc Chardonnay, Pinot Chardonnay, Pinot de Bourgogne, Pinot Giallo, Pinot Planc, Plant de Tonnerre, Romere, Romeret, Rouci Bile, Rousseau, Roussot, Ruländer Weiß, Sainte Marie Petite, Sardone, Shardone, Shardonne, Später Weiß Burgunder, Weiß Burgunder (normally refers to Pinot blanc), Weiß Clevner, Weiß Edler, Weiß Elder, Weiß Klewner, Weiß Silber, Weißedler, Weißer Clevner, Weißer Rulander.",France,Ruinart Rosé Champagne,Chardonnay,France,Rosé,Crisp & Fruity
Chardonnay,"Arboisier, Arnaison blanc, Arnoison, Aubain, Aubaine, Auvergnat blanc, Auvernas, Auvernas blanc, Auvernat blanc, Auxeras, Auxerras blanc, Auxerrois blanc, Auxois, Auxois blanc, Bargeois blanc, Beaunois, Biela Klevanjika, Blanc de Champagne, Blanc de Cramant, Breisgauer Suessling, Breisgauer Sussling, Burgundi Feher, Chablis, Chardenai, Chardenay, Chardenet, Chardennet, Chardonay, Chardonnet, Chatenait, Chatey Petit, Chatte, Chaudenay, Chaudenet, Chaudent, Clävner, Clevner Weiss, Cravner, Epinette, Epinette blanc, Epinette blanche, Epinette de Champagne, Ericey blanc, Feher Chardonnay, Feherburgundi, Feinburgunder, Gamay blanc, Gelber Weissburgunder, Gentil blanc, Grosse Bourgogne, Klawner, Klevanjka Biela, Klevner, Lisant, Luisant, Luizannais, Luizant, Luzannois, Maconnais, Maurillon blanc, Melon blanc, Melon D'Arbois, Meroué,[5] Moreau blanc, Morillon blanc, Moulon, Noirien blanc, Obaideh, Petit Chatey, Petit Sainte-Marie, Petite Sainte Marie, Pineau blanc, Pino Sardone, Pino Shardone, Pinot Blanc à Cramant, Pinot Blanc Chardonnay, Pinot Chardonnay, Pinot de Bourgogne, Pinot Giallo, Pinot Planc, Plant de Tonnerre, Romere, Romeret, Rouci Bile, Rousseau, Roussot, Ruländer Weiß, Sainte Marie Petite, Sardone, Shardone, Shardonne, Später Weiß Burgunder, Weiß Burgunder (normally refers to Pinot blanc), Weiß Clevner, Weiß Edler, Weiß Elder, Weiß Klewner, Weiß Silber, Weißedler, Weißer Clevner, Weißer Rulander.",France,Famille Brocard ‘Belle Margote’ Bourgogne Chardonnay 2022,Chardonnay,France,White,Fresh & Elegant
Chardonnay,"Arboisier, Arnaison blanc, Arnoison, Aubain, Aubaine, Auvergnat blanc, Auvernas, Auvernas blanc, Auvernat blanc, Auxeras, Auxerras blanc, Auxerrois blanc, Auxois, Auxois blanc, Bargeois blanc, Beaunois, Biela Klevanjika, Blanc de Champagne, Blanc de Cramant, Breisgauer Suessling, Breisgauer Sussling, Burgundi Feher, Chablis, Chardenai, Chardenay, Chardenet, Chardennet, Chardonay, Chardonnet, Chatenait, Chatey Petit, Chatte, Chaudenay, Chaudenet, Chaudent, Clävner, Clevner Weiss, Cravner, Epinette, Epinette blanc, Epinette blanche, Epinette de Champagne, Ericey blanc, Feher Chardonnay, Feherburgundi, Feinburgunder, Gamay blanc, Gelber Weissburgunder, Gentil blanc, Grosse Bourgogne, Klawner, Klevanjka Biela, Klevner, Lisant, Luisant, Luizannais, Luizant, Luzannois, Maconnais, Maurillon blanc, Melon blanc, Melon D'Arbois, Meroué,[5] Moreau blanc, Morillon blanc, Moulon, Noirien blanc, Obaideh, Petit Chatey, Petit Sainte-Marie, Petite Sainte Marie, Pineau blanc, Pino Sardone, Pino Shardone, Pinot Blanc à Cramant, Pinot Blanc Chardonnay, Pinot Chardonnay, Pinot de Bourgogne, Pinot Giallo, Pinot Planc, Plant de Tonnerre, Romere, Romeret, Rouci Bile, Rousseau, Roussot, Ruländer Weiß, Sainte Marie Petite, Sardone, Shardone, Shardonne, Später Weiß Burgunder, Weiß Burgunder (normally refers to Pinot blanc), Weiß Clevner, Weiß Edler, Weiß Elder, Weiß Klewner, Weiß Silber, Weißedler, Weißer Clevner, Weißer Rulander.",France,"Philippe le Hardi 'Les Platanes d'Henri IV' 2019/20, Santenay",Chardonnay,France,White,Rich & Toasty
Chardonnay,"Arboisier, Arnaison blanc, Arnoison, Aubain, Aubaine, Auvergnat blanc, Auvernas, Auvernas blanc, Auvernat blanc, Auxeras, Auxerras blanc, Auxerrois blanc, Auxois, Auxois blanc, Bargeois blanc, Beaunois, Biela Klevanjika, Blanc de Champagne, Blanc de Cramant, Breisgauer Suessling, Breisgauer Sussling, Burgundi Feher, Chablis, Chardenai, Chardenay, Chardenet, Chardennet, Chardonay, Chardonnet, Chatenait, Chatey Petit, Chatte, Chaudenay, Chaudenet, Chaudent, Clävner, Clevner Weiss, Cravner, Epinette, Epinette blanc, Epinette blanche, Epinette de Champagne, Ericey blanc, Feher Chardonnay, Feherburgundi, Feinburgunder, Gamay blanc, Gelber Weissburgunder, Gentil blanc, Grosse Bourgogne, Klawner, Klevanjka Biela, Klevner, Lisant, Luisant, Luizannais, Luizant, Luzannois, Maconnais, Maurillon blanc, Melon blanc, Melon D'Arbois, Meroué,[5] Moreau blanc, Morillon blanc, Moulon, Noirien blanc, Obaideh, Petit Chatey, Petit Sainte-Marie, Petite Sainte Marie, Pineau blanc, Pino Sardone, Pino Shardone, Pinot Blanc à Cramant, Pinot Blanc Chardonnay, Pinot Chardonnay, Pinot de Bourgogne, Pinot Giallo, Pinot Planc, Plant de Tonnerre, Romere, Romeret, Rouci Bile, Rousseau, Roussot, Ruländer Weiß, Sainte Marie Petite, Sardone, Shardone, Shardonne, Später Weiß Burgunder, Weiß Burgunder (normally refers to Pinot blanc), Weiß Clevner, Weiß Edler, Weiß Elder, Weiß Klewner, Weiß Silber, Weißedler, Weißer Clevner, Weißer Rulander.",France,Bouvet Ladubay 'Blanc de Blancs' Crémant de Loire 2020/21,Chardonnay,France,White,Crisp & Fruity
Chardonnay,"Arboisier, Arnaison blanc, Arnoison, Aubain, Aubaine, Auvergnat blanc, Auvernas, Auvernas blanc, Auvernat blanc, Auxeras, Auxerras blanc, Auxerrois blanc, Auxois, Auxois blanc, Bargeois blanc, Beaunois, Biela Klevanjika, Blanc de Champagne, Blanc de Cramant, Breisgauer Suessling, Breisgauer Sussling, Burgundi Feher, Chablis, Chardenai, Chardenay, Chardenet, Chardennet, Chardonay, Chardonnet, Chatenait, Chatey Petit, Chatte, Chaudenay, Chaudenet, Chaudent, Clävner, Clevner Weiss, Cravner, Epinette, Epinette blanc, Epinette blanche, Epinette de Champagne, Ericey blanc, Feher Chardonnay, Feherburgundi, Feinburgunder, Gamay blanc, Gelber Weissburgunder, Gentil blanc, Grosse Bourgogne, Klawner, Klevanjka Biela, Klevner, Lisant, Luisant, Luizannais, Luizant, Luzannois, Maconnais, Maurillon blanc, Melon blanc, Melon D'Arbois, Meroué,[5] Moreau blanc, Morillon blanc, Moulon, Noirien blanc, Obaideh, Petit Chatey, Petit Sainte-Marie, Petite Sainte Marie, Pineau blanc, Pino Sardone, Pino Shardone, Pinot Blanc à Cramant, Pinot Blanc Chardonnay, Pinot Chardonnay, Pinot de Bourgogne, Pinot Giallo, Pinot Planc, Plant de Tonnerre, Romere, Romeret, Rouci Bile, Rousseau, Roussot, Ruländer Weiß, Sainte Marie Petite, Sardone, Shardone, Shardonne, Später Weiß Burgunder, Weiß Burgunder (normally refers to Pinot blanc), Weiß Clevner, Weiß Edler, Weiß Elder, Weiß Klewner, Weiß Silber, Weißedler, Weißer Clevner, Weißer Rulander.",France,Cattier Brut Blanc de Blancs Premier Cru Champagne,Chardonnay,France,White,Rich & Toasty
Chardonnay,"Arboisier, Arnaison blanc, Arnoison, Aubain, Aubaine, Auvergnat blanc, Auvernas, Auvernas blanc, Auvernat blanc, Auxeras, Auxerras blanc, Auxerrois blanc, Auxois, Auxois blanc, Bargeois blanc, Beaunois, Biela Klevanjika, Blanc de Champagne, Blanc de Cramant, Breisgauer Suessling, Breisgauer Sussling, Burgundi Feher, Chablis, Chardenai, Chardenay, Chardenet, Chardennet, Chardonay, Chardonnet, Chatenait, Chatey Petit, Chatte, Chaudenay, Chaudenet, Chaudent, Clävner, Clevner Weiss, Cravner, Epinette, Epinette blanc, Epinette blanche, Epinette de Champagne, Ericey blanc, Feher Chardonnay, Feherburgundi, Feinburgunder, Gamay blanc, Gelber Weissburgunder, Gentil blanc, Grosse Bourgogne, Klawner, Klevanjka Biela, Klevner, Lisant, Luisant, Luizannais, Luizant, Luzannois, Maconnais, Maurillon blanc, Melon blanc, Melon D'Arbois, Meroué,[5] Moreau blanc, Morillon blanc, Moulon, Noirien blanc, Obaideh, Petit Chatey, Petit Sainte-Marie, Petite Sainte Marie, Pineau blanc, Pino Sardone, Pino Shardone, Pinot Blanc à Cramant, Pinot Blanc Chardonnay, Pinot Chardonnay, Pinot de Bourgogne, Pinot Giallo, Pinot Planc, Plant de Tonnerre, Romere, Romeret, Rouci Bile, Rousseau, Roussot, Ruländer Weiß, Sainte Marie Petite, Sardone, Shardone, Shardonne, Später Weiß Burgunder, Weiß Burgunder (normally refers to Pinot blanc), Weiß Clevner, Weiß Edler, Weiß Elder, Weiß Klewner, Weiß Silber, Weißedler, Weißer Clevner, Weißer Rulander.",France,Chanoine Frères ‘Réserve Privée’ Brut Rosé Champagne,Chardonnay,France,Rosé,
Chardonnay,"Arboisier, Arnaison blanc, Arnoison, Aubain, Aubaine, Auvergnat blanc, Auvernas, Auvernas blanc, Auvernat blanc, Auxeras, Auxerras blanc, Auxerrois blanc, Auxois, Auxois blanc, Bargeois blanc, Beaunois, Biela Klevanjika, Blanc de Champagne, Blanc de Cramant, Breisgauer Suessling, Breisgauer Sussling, Burgundi Feher, Chablis, Chardenai, Chardenay, Chardenet, Chardennet, Chardonay, Chardonnet, Chatenait, Chatey Petit, Chatte, Chaudenay, Chaudenet, Chaudent, Clävner, Clevner Weiss, Cravner, Epinette, Epinette blanc, Epinette blanche, Epinette de Champagne, Ericey blanc, Feher Chardonnay, Feherburgundi, Feinburgunder, Gamay blanc, Gelber Weissburgunder, Gentil blanc, Grosse Bourgogne, Klawner, Klevanjka Biela, Klevner, Lisant, Luisant, Luizannais, Luizant, Luzannois, Maconnais, Maurillon blanc, Melon blanc, Melon D'Arbois, Meroué,[5] Moreau blanc, Morillon blanc, Moulon, Noirien blanc, Obaideh, Petit Chatey, Petit Sainte-Marie, Petite Sainte Marie, Pineau blanc, Pino Sardone, Pino Shardone, Pinot Blanc à Cramant, Pinot Blanc Chardonnay, Pinot Chardonnay, Pinot de Bourgogne, Pinot Giallo, Pinot Planc, Plant de Tonnerre, Romere, Romeret, Rouci Bile, Rousseau, Roussot, Ruländer Weiß, Sainte Marie Petite, Sardone, Shardone, Shardonne, Später Weiß Burgunder, Weiß Burgunder (normally refers to Pinot blanc), Weiß Clevner, Weiß Edler, Weiß Elder, Weiß Klewner, Weiß Silber, Weißedler, Weißer Clevner, Weißer Rulander.",France,Drappier 'Signature' Blanc de Blancs Brut Champagne,Chardonnay,France,White,Rich & Toasty
Chardonnay,"Arboisier, Arnaison blanc, Arnoison, Aubain, Aubaine, Auvergnat blanc, Auvernas, Auvernas blanc, Auvernat blanc, Auxeras, Auxerras blanc, Auxerrois blanc, Auxois, Auxois blanc, Bargeois blanc, Beaunois, Biela Klevanjika, Blanc de Champagne, Blanc de Cramant, Breisgauer Suessling, Breisgauer Sussling, Burgundi Feher, Chablis, Chardenai, Chardenay, Chardenet, Chardennet, Chardonay, Chardonnet, Chatenait, Chatey Petit, Chatte, Chaudenay, Chaudenet, Chaudent, Clävner, Clevner Weiss, Cravner, Epinette, Epinette blanc, Epinette blanche, Epinette de Champagne, Ericey blanc, Feher Chardonnay, Feherburgundi, Feinburgunder, Gamay blanc, Gelber Weissburgunder, Gentil blanc, Grosse Bourgogne, Klawner, Klevanjka Biela, Klevner, Lisant, Luisant, Luizannais, Luizant, Luzannois, Maconnais, Maurillon blanc, Melon blanc, Melon D'Arbois, Meroué,[5] Moreau blanc, Morillon blanc, Moulon, Noirien blanc, Obaideh, Petit Chatey, Petit Sainte-Marie, Petite Sainte Marie, Pineau blanc, Pino Sardone, Pino Shardone, Pinot Blanc à Cramant, Pinot Blanc Chardonnay, Pinot Chardonnay, Pinot de Bourgogne, Pinot Giallo, Pinot Planc, Plant de Tonnerre, Romere, Romeret, Rouci Bile, Rousseau, Roussot, Ruländer Weiß, Sainte Marie Petite, Sardone, Shardone, Shardonne, Später Weiß Burgunder, Weiß Burgunder (normally refers to Pinot blanc), Weiß Clevner, Weiß Edler, Weiß Elder, Weiß Klewner, Weiß Silber, Weißedler, Weißer Clevner, Weißer Rulander.",France,Domaine Louis Moreau Petit Chablis 2021/22,Chardonnay,France,White,Fresh & Elegant
Chardonnay,"Arboisier, Arnaison blanc, Arnoison, Aubain, Aubaine, Auvergnat blanc, Auvernas, Auvernas blanc, Auvernat blanc, Auxeras, Auxerras blanc, Auxerrois blanc, Auxois, Auxois blanc, Bargeois blanc, Beaunois, Biela Klevanjika, Blanc de Champagne, Blanc de Cramant, Breisgauer Suessling, Breisgauer Sussling, Burgundi Feher, Chablis, Chardenai, Chardenay, Chardenet, Chardennet, Chardonay, Chardonnet, Chatenait, Chatey Petit, Chatte, Chaudenay, Chaudenet, Chaudent, Clävner, Clevner Weiss, Cravner, Epinette, Epinette blanc, Epinette blanche, Epinette de Champagne, Ericey blanc, Feher Chardonnay, Feherburgundi, Feinburgunder, Gamay blanc, Gelber Weissburgunder, Gentil blanc, Grosse Bourgogne, Klawner, Klevanjka Biela, Klevner, Lisant, Luisant, Luizannais, Luizant, Luzannois, Maconnais, Maurillon blanc, Melon blanc, Melon D'Arbois, Meroué,[5] Moreau blanc, Morillon blanc, Moulon, Noirien blanc, Obaideh, Petit Chatey, Petit Sainte-Marie, Petite Sainte Marie, Pineau blanc, Pino Sardone, Pino Shardone, Pinot Blanc à Cramant, Pinot Blanc Chardonnay, Pinot Chardonnay, Pinot de Bourgogne, Pinot Giallo, Pinot Planc, Plant de Tonnerre, Romere, Romeret, Rouci Bile, Rousseau, Roussot, Ruländer Weiß, Sainte Marie Petite, Sardone, Shardone, Shardonne, Später Weiß Burgunder, Weiß Burgunder (normally refers to Pinot blanc), Weiß Clevner, Weiß Edler, Weiß Elder, Weiß Klewner, Weiß Silber, Weißedler, Weißer Clevner, Weißer Rulander.",France,"Puligny-Montrachet 1er Cru 'La Garenne' 2015 Duc de Magenta, Jadot",Chardonnay,France,White,Rich & Toasty
Chardonnay,"Arboisier, Arnaison blanc, Arnoison, Aubain, Aubaine, Auvergnat blanc, Auvernas, Auvernas blanc, Auvernat blanc, Auxeras, Auxerras blanc, Auxerrois blanc, Auxois, Auxois blanc, Bargeois blanc, Beaunois, Biela Klevanjika, Blanc de Champagne, Blanc de Cramant, Breisgauer Suessling, Breisgauer Sussling, Burgundi Feher, Chablis, Chardenai, Chardenay, Chardenet, Chardennet, Chardonay, Chardonnet, Chatenait, Chatey Petit, Chatte, Chaudenay, Chaudenet, Chaudent, Clävner, Clevner Weiss, Cravner, Epinette, Epinette blanc, Epinette blanche, Epinette de Champagne, Ericey blanc, Feher Chardonnay, Feherburgundi, Feinburgunder, Gamay blanc, Gelber Weissburgunder, Gentil blanc, Grosse Bourgogne, Klawner, Klevanjka Biela, Klevner, Lisant, Luisant, Luizannais, Luizant, Luzannois, Maconnais, Maurillon blanc, Melon blanc, Melon D'Arbois, Meroué,[5] Moreau blanc, Morillon blanc, Moulon, Noirien blanc, Obaideh, Petit Chatey, Petit Sainte-Marie, Petite Sainte Marie, Pineau blanc, Pino Sardone, Pino Shardone, Pinot Blanc à Cramant, Pinot Blanc Chardonnay, Pinot Chardonnay, Pinot de Bourgogne, Pinot Giallo, Pinot Planc, Plant de Tonnerre, Romere, Romeret, Rouci Bile, Rousseau, Roussot, Ruländer Weiß, Sainte Marie Petite, Sardone, Shardone, Shardonne, Später Weiß Burgunder, Weiß Burgunder (normally refers to Pinot blanc), Weiß Clevner, Weiß Edler, Weiß Elder, Weiß Klewner, Weiß Silber, Weißedler, Weißer Clevner, Weißer Rulander.",France,"Barista Chardonnay 2021/22, Western Cape",Chardonnay,South Africa,White,Ripe & Rounded
Chardonnay,"Arboisier, Arnaison blanc, Arnoison, Aubain, Aubaine, Auvergnat blanc, Auvernas, Auvernas blanc, Auvernat blanc, Auxeras, Auxerras blanc, Auxerrois blanc, Auxois, Auxois blanc, Bargeois blanc, Beaunois, Biela Klevanjika, Blanc de Champagne, Blanc de Cramant, Breisgauer Suessling, Breisgauer Sussling, Burgundi Feher, Chablis, Chardenai, Chardenay, Chardenet, Chardennet, Chardonay, Chardonnet, Chatenait, Chatey Petit, Chatte, Chaudenay, Chaudenet, Chaudent, Clävner, Clevner Weiss, Cravner, Epinette, Epinette blanc, Epinette blanche, Epinette de Champagne, Ericey blanc, Feher Chardonnay, Feherburgundi, Feinburgunder, Gamay blanc, Gelber Weissburgunder, Gentil blanc, Grosse Bourgogne, Klawner, Klevanjka Biela, Klevner, Lisant, Luisant, Luizannais, Luizant, Luzannois, Maconnais, Maurillon blanc, Melon blanc, Melon D'Arbois, Meroué,[5] Moreau blanc, Morillon blanc, Moulon, Noirien blanc, Obaideh, Petit Chatey, Petit Sainte-Marie, Petite Sainte Marie, Pineau blanc, Pino Sardone, Pino Shardone, Pinot Blanc à Cramant, Pinot Blanc Chardonnay, Pinot Chardonnay, Pinot de Bourgogne, Pinot Giallo, Pinot Planc, Plant de Tonnerre, Romere, Romeret, Rouci Bile, Rousseau, Roussot, Ruländer Weiß, Sainte Marie Petite, Sardone, Shardone, Shardonne, Später Weiß Burgunder, Weiß Burgunder (normally refers to Pinot blanc), Weiß Clevner, Weiß Edler, Weiß Elder, Weiß Klewner, Weiß Silber, Weißedler, Weißer Clevner, Weißer Rulander.",France,Louis Latour Bourgogne Côte d'Or Blanc 2019/21,Chardonnay,France,White,Ripe & Rounded
Chardonnay,"Arboisier, Arnaison blanc, Arnoison, Aubain, Aubaine, Auvergnat blanc, Auvernas, Auvernas blanc, Auvernat blanc, Auxeras, Auxerras blanc, Auxerrois blanc, Auxois, Auxois blanc, Bargeois blanc, Beaunois, Biela Klevanjika, Blanc de Champagne, Blanc de Cramant, Breisgauer Suessling, Breisgauer Sussling, Burgundi Feher, Chablis, Chardenai, Chardenay, Chardenet, Chardennet, Chardonay, Chardonnet, Chatenait, Chatey Petit, Chatte, Chaudenay, Chaudenet, Chaudent, Clävner, Clevner Weiss, Cravner, Epinette, Epinette blanc, Epinette blanche, Epinette de Champagne, Ericey blanc, Feher Chardonnay, Feherburgundi, Feinburgunder, Gamay blanc, Gelber Weissburgunder, Gentil blanc, Grosse Bourgogne, Klawner, Klevanjka Biela, Klevner, Lisant, Luisant, Luizannais, Luizant, Luzannois, Maconnais, Maurillon blanc, Melon blanc, Melon D'Arbois, Meroué,[5] Moreau blanc, Morillon blanc, Moulon, Noirien blanc, Obaideh, Petit Chatey, Petit Sainte-Marie, Petite Sainte Marie, Pineau blanc, Pino Sardone, Pino Shardone, Pinot Blanc à Cramant, Pinot Blanc Chardonnay, Pinot Chardonnay, Pinot de Bourgogne, Pinot Giallo, Pinot Planc, Plant de Tonnerre, Romere, Romeret, Rouci Bile, Rousseau, Roussot, Ruländer Weiß, Sainte Marie Petite, Sardone, Shardone, Shardonne, Später Weiß Burgunder, Weiß Burgunder (normally refers to Pinot blanc), Weiß Clevner, Weiß Edler, Weiß Elder, Weiß Klewner, Weiß Silber, Weißedler, Weißer Clevner, Weißer Rulander.",France,Noughty Organic Sparkling Chardonnay 0%,Chardonnay,Germany,White,Light & Refreshing
Chardonnay,"Arboisier, Arnaison blanc, Arnoison, Aubain, Aubaine, Auvergnat blanc, Auvernas, Auvernas blanc, Auvernat blanc, Auxeras, Auxerras blanc, Auxerrois blanc, Auxois, Auxois blanc, Bargeois blanc, Beaunois, Biela Klevanjika, Blanc de Champagne, Blanc de Cramant, Breisgauer Suessling, Breisgauer Sussling, Burgundi Feher, Chablis, Chardenai, Chardenay, Chardenet, Chardennet, Chardonay, Chardonnet, Chatenait, Chatey Petit, Chatte, Chaudenay, Chaudenet, Chaudent, Clävner, Clevner Weiss, Cravner, Epinette, Epinette blanc, Epinette blanche, Epinette de Champagne, Ericey blanc, Feher Chardonnay, Feherburgundi, Feinburgunder, Gamay blanc, Gelber Weissburgunder, Gentil blanc, Grosse Bourgogne, Klawner, Klevanjka Biela, Klevner, Lisant, Luisant, Luizannais, Luizant, Luzannois, Maconnais, Maurillon blanc, Melon blanc, Melon D'Arbois, Meroué,[5] Moreau blanc, Morillon blanc, Moulon, Noirien blanc, Obaideh, Petit Chatey, Petit Sainte-Marie, Petite Sainte Marie, Pineau blanc, Pino Sardone, Pino Shardone, Pinot Blanc à Cramant, Pinot Blanc Chardonnay, Pinot Chardonnay, Pinot de Bourgogne, Pinot Giallo, Pinot Planc, Plant de Tonnerre, Romere, Romeret, Rouci Bile, Rousseau, Roussot, Ruländer Weiß, Sainte Marie Petite, Sardone, Shardone, Shardonne, Später Weiß Burgunder, Weiß Burgunder (normally refers to Pinot blanc), Weiß Clevner, Weiß Edler, Weiß Elder, Weiß Klewner, Weiß Silber, Weißedler, Weißer Clevner, Weißer Rulander.",France,Nicolas Feuillatte Champagne Magnum,Chardonnay,France,White,Crisp & Fruity
Chardonnay,"Arboisier, Arnaison blanc, Arnoison, Aubain, Aubaine, Auvergnat blanc, Auvernas, Auvernas blanc, Auvernat blanc, Auxeras, Auxerras blanc, Auxerrois blanc, Auxois, Auxois blanc, Bargeois blanc, Beaunois, Biela Klevanjika, Blanc de Champagne, Blanc de Cramant, Breisgauer Suessling, Breisgauer Sussling, Burgundi Feher, Chablis, Chardenai, Chardenay, Chardenet, Chardennet, Chardonay, Chardonnet, Chatenait, Chatey Petit, Chatte, Chaudenay, Chaudenet, Chaudent, Clävner, Clevner Weiss, Cravner, Epinette, Epinette blanc, Epinette blanche, Epinette de Champagne, Ericey blanc, Feher Chardonnay, Feherburgundi, Feinburgunder, Gamay blanc, Gelber Weissburgunder, Gentil blanc, Grosse Bourgogne, Klawner, Klevanjka Biela, Klevner, Lisant, Luisant, Luizannais, Luizant, Luzannois, Maconnais, Maurillon blanc, Melon blanc, Melon D'Arbois, Meroué,[5] Moreau blanc, Morillon blanc, Moulon, Noirien blanc, Obaideh, Petit Chatey, Petit Sainte-Marie, Petite Sainte Marie, Pineau blanc, Pino Sardone, Pino Shardone, Pinot Blanc à Cramant, Pinot Blanc Chardonnay, Pinot Chardonnay, Pinot de Bourgogne, Pinot Giallo, Pinot Planc, Plant de Tonnerre, Romere, Romeret, Rouci Bile, Rousseau, Roussot, Ruländer Weiß, Sainte Marie Petite, Sardone, Shardone, Shardonne, Später Weiß Burgunder, Weiß Burgunder (normally refers to Pinot blanc), Weiß Clevner, Weiß Edler, Weiß Elder, Weiß Klewner, Weiß Silber, Weißedler, Weißer Clevner, Weißer Rulander.",France,Pol Roger 2013/15 Vintage Champagne,Chardonnay,France,White,Rich & Toasty
Chardonnay,"Arboisier, Arnaison blanc, Arnoison, Aubain, Aubaine, Auvergnat blanc, Auvernas, Auvernas blanc, Auvernat blanc, Auxeras, Auxerras blanc, Auxerrois blanc, Auxois, Auxois blanc, Bargeois blanc, Beaunois, Biela Klevanjika, Blanc de Champagne, Blanc de Cramant, Breisgauer Suessling, Breisgauer Sussling, Burgundi Feher, Chablis, Chardenai, Chardenay, Chardenet, Chardennet, Chardonay, Chardonnet, Chatenait, Chatey Petit, Chatte, Chaudenay, Chaudenet, Chaudent, Clävner, Clevner Weiss, Cravner, Epinette, Epinette blanc, Epinette blanche, Epinette de Champagne, Ericey blanc, Feher Chardonnay, Feherburgundi, Feinburgunder, Gamay blanc, Gelber Weissburgunder, Gentil blanc, Grosse Bourgogne, Klawner, Klevanjka Biela, Klevner, Lisant, Luisant, Luizannais, Luizant, Luzannois, Maconnais, Maurillon blanc, Melon blanc, Melon D'Arbois, Meroué,[5] Moreau blanc, Morillon blanc, Moulon, Noirien blanc, Obaideh, Petit Chatey, Petit Sainte-Marie, Petite Sainte Marie, Pineau blanc, Pino Sardone, Pino Shardone, Pinot Blanc à Cramant, Pinot Blanc Chardonnay, Pinot Chardonnay, Pinot de Bourgogne, Pinot Giallo, Pinot Planc, Plant de Tonnerre, Romere, Romeret, Rouci Bile, Rousseau, Roussot, Ruländer Weiß, Sainte Marie Petite, Sardone, Shardone, Shardonne, Später Weiß Burgunder, Weiß Burgunder (normally refers to Pinot blanc), Weiß Clevner, Weiß Edler, Weiß Elder, Weiß Klewner, Weiß Silber, Weißedler, Weißer Clevner, Weißer Rulander.",France,Louis Latour Mâcon-Lugny 2020 Magnum,Chardonnay,France,White,Ripe & Rounded
Chardonnay,"Arboisier, Arnaison blanc, Arnoison, Aubain, Aubaine, Auvergnat blanc, Auvernas, Auvernas blanc, Auvernat blanc, Auxeras, Auxerras blanc, Auxerrois blanc, Auxois, Auxois blanc, Bargeois blanc, Beaunois, Biela Klevanjika, Blanc de Champagne, Blanc de Cramant, Breisgauer Suessling, Breisgauer Sussling, Burgundi Feher, Chablis, Chardenai, Chardenay, Chardenet, Chardennet, Chardonay, Chardonnet, Chatenait, Chatey Petit, Chatte, Chaudenay, Chaudenet, Chaudent, Clävner, Clevner Weiss, Cravner, Epinette, Epinette blanc, Epinette blanche, Epinette de Champagne, Ericey blanc, Feher Chardonnay, Feherburgundi, Feinburgunder, Gamay blanc, Gelber Weissburgunder, Gentil blanc, Grosse Bourgogne, Klawner, Klevanjka Biela, Klevner, Lisant, Luisant, Luizannais, Luizant, Luzannois, Maconnais, Maurillon blanc, Melon blanc, Melon D'Arbois, Meroué,[5] Moreau blanc, Morillon blanc, Moulon, Noirien blanc, Obaideh, Petit Chatey, Petit Sainte-Marie, Petite Sainte Marie, Pineau blanc, Pino Sardone, Pino Shardone, Pinot Blanc à Cramant, Pinot Blanc Chardonnay, Pinot Chardonnay, Pinot de Bourgogne, Pinot Giallo, Pinot Planc, Plant de Tonnerre, Romere, Romeret, Rouci Bile, Rousseau, Roussot, Ruländer Weiß, Sainte Marie Petite, Sardone, Shardone, Shardonne, Später Weiß Burgunder, Weiß Burgunder (normally refers to Pinot blanc), Weiß Clevner, Weiß Edler, Weiß Elder, Weiß Klewner, Weiß Silber, Weißedler, Weißer Clevner, Weißer Rulander.",France,Famille Brocard Chablis 2021/22,Chardonnay,France,White,Fresh & Elegant
Chardonnay,"Arboisier, Arnaison blanc, Arnoison, Aubain, Aubaine, Auvergnat blanc, Auvernas, Auvernas blanc, Auvernat blanc, Auxeras, Auxerras blanc, Auxerrois blanc, Auxois, Auxois blanc, Bargeois blanc, Beaunois, Biela Klevanjika, Blanc de Champagne, Blanc de Cramant, Breisgauer Suessling, Breisgauer Sussling, Burgundi Feher, Chablis, Chardenai, Chardenay, Chardenet, Chardennet, Chardonay, Chardonnet, Chatenait, Chatey Petit, Chatte, Chaudenay, Chaudenet, Chaudent, Clävner, Clevner Weiss, Cravner, Epinette, Epinette blanc, Epinette blanche, Epinette de Champagne, Ericey blanc, Feher Chardonnay, Feherburgundi, Feinburgunder, Gamay blanc, Gelber Weissburgunder, Gentil blanc, Grosse Bourgogne, Klawner, Klevanjka Biela, Klevner, Lisant, Luisant, Luizannais, Luizant, Luzannois, Maconnais, Maurillon blanc, Melon blanc, Melon D'Arbois, Meroué,[5] Moreau blanc, Morillon blanc, Moulon, Noirien blanc, Obaideh, Petit Chatey, Petit Sainte-Marie, Petite Sainte Marie, Pineau blanc, Pino Sardone, Pino Shardone, Pinot Blanc à Cramant, Pinot Blanc Chardonnay, Pinot Chardonnay, Pinot de Bourgogne, Pinot Giallo, Pinot Planc, Plant de Tonnerre, Romere, Romeret, Rouci Bile, Rousseau, Roussot, Ruländer Weiß, Sainte Marie Petite, Sardone, Shardone, Shardonne, Später Weiß Burgunder, Weiß Burgunder (normally refers to Pinot blanc), Weiß Clevner, Weiß Edler, Weiß Elder, Weiß Klewner, Weiß Silber, Weißedler, Weißer Clevner, Weißer Rulander.",France,"Catena Chardonnay 2020/21, Mendoza",Chardonnay,Argentina,White,Rich & Toasty
Chardonnay,"Arboisier, Arnaison blanc, Arnoison, Aubain, Aubaine, Auvergnat blanc, Auvernas, Auvernas blanc, Auvernat blanc, Auxeras, Auxerras blanc, Auxerrois blanc, Auxois, Auxois blanc, Bargeois blanc, Beaunois, Biela Klevanjika, Blanc de Champagne, Blanc de Cramant, Breisgauer Suessling, Breisgauer Sussling, Burgundi Feher, Chablis, Chardenai, Chardenay, Chardenet, Chardennet, Chardonay, Chardonnet, Chatenait, Chatey Petit, Chatte, Chaudenay, Chaudenet, Chaudent, Clävner, Clevner Weiss, Cravner, Epinette, Epinette blanc, Epinette blanche, Epinette de Champagne, Ericey blanc, Feher Chardonnay, Feherburgundi, Feinburgunder, Gamay blanc, Gelber Weissburgunder, Gentil blanc, Grosse Bourgogne, Klawner, Klevanjka Biela, Klevner, Lisant, Luisant, Luizannais, Luizant, Luzannois, Maconnais, Maurillon blanc, Melon blanc, Melon D'Arbois, Meroué,[5] Moreau blanc, Morillon blanc, Moulon, Noirien blanc, Obaideh, Petit Chatey, Petit Sainte-Marie, Petite Sainte Marie, Pineau blanc, Pino Sardone, Pino Shardone, Pinot Blanc à Cramant, Pinot Blanc Chardonnay, Pinot Chardonnay, Pinot de Bourgogne, Pinot Giallo, Pinot Planc, Plant de Tonnerre, Romere, Romeret, Rouci Bile, Rousseau, Roussot, Ruländer Weiß, Sainte Marie Petite, Sardone, Shardone, Shardonne, Später Weiß Burgunder, Weiß Burgunder (normally refers to Pinot blanc), Weiß Clevner, Weiß Edler, Weiß Elder, Weiß Klewner, Weiß Silber, Weißedler, Weißer Clevner, Weißer Rulander.",France,"Pasqua 'Villa Borghetti' Chardonnay 2020/21, Veneto",Chardonnay,Italy,White,Ripe & Rounded
Chardonnay,"Arboisier, Arnaison blanc, Arnoison, Aubain, Aubaine, Auvergnat blanc, Auvernas, Auvernas blanc, Auvernat blanc, Auxeras, Auxerras blanc, Auxerrois blanc, Auxois, Auxois blanc, Bargeois blanc, Beaunois, Biela Klevanjika, Blanc de Champagne, Blanc de Cramant, Breisgauer Suessling, Breisgauer Sussling, Burgundi Feher, Chablis, Chardenai, Chardenay, Chardenet, Chardennet, Chardonay, Chardonnet, Chatenait, Chatey Petit, Chatte, Chaudenay, Chaudenet, Chaudent, Clävner, Clevner Weiss, Cravner, Epinette, Epinette blanc, Epinette blanche, Epinette de Champagne, Ericey blanc, Feher Chardonnay, Feherburgundi, Feinburgunder, Gamay blanc, Gelber Weissburgunder, Gentil blanc, Grosse Bourgogne, Klawner, Klevanjka Biela, Klevner, Lisant, Luisant, Luizannais, Luizant, Luzannois, Maconnais, Maurillon blanc, Melon blanc, Melon D'Arbois, Meroué,[5] Moreau blanc, Morillon blanc, Moulon, Noirien blanc, Obaideh, Petit Chatey, Petit Sainte-Marie, Petite Sainte Marie, Pineau blanc, Pino Sardone, Pino Shardone, Pinot Blanc à Cramant, Pinot Blanc Chardonnay, Pinot Chardonnay, Pinot de Bourgogne, Pinot Giallo, Pinot Planc, Plant de Tonnerre, Romere, Romeret, Rouci Bile, Rousseau, Roussot, Ruländer Weiß, Sainte Marie Petite, Sardone, Shardone, Shardonne, Später Weiß Burgunder, Weiß Burgunder (normally refers to Pinot blanc), Weiß Clevner, Weiß Edler, Weiß Elder, Weiß Klewner, Weiß Silber, Weißedler, Weißer Clevner, Weißer Rulander.",France,Maison Roche de Bellene 'Cuvée Bellenos' Crémant de Bourgogne Brut,Chardonnay,France,White,Crisp & Fruity
Chardonnay,"Arboisier, Arnaison blanc, Arnoison, Aubain, Aubaine, Auvergnat blanc, Auvernas, Auvernas blanc, Auvernat blanc, Auxeras, Auxerras blanc, Auxerrois blanc, Auxois, Auxois blanc, Bargeois blanc, Beaunois, Biela Klevanjika, Blanc de Champagne, Blanc de Cramant, Breisgauer Suessling, Breisgauer Sussling, Burgundi Feher, Chablis, Chardenai, Chardenay, Chardenet, Chardennet, Chardonay, Chardonnet, Chatenait, Chatey Petit, Chatte, Chaudenay, Chaudenet, Chaudent, Clävner, Clevner Weiss, Cravner, Epinette, Epinette blanc, Epinette blanche, Epinette de Champagne, Ericey blanc, Feher Chardonnay, Feherburgundi, Feinburgunder, Gamay blanc, Gelber Weissburgunder, Gentil blanc, Grosse Bourgogne, Klawner, Klevanjka Biela, Klevner, Lisant, Luisant, Luizannais, Luizant, Luzannois, Maconnais, Maurillon blanc, Melon blanc, Melon D'Arbois, Meroué,[5] Moreau blanc, Morillon blanc, Moulon, Noirien blanc, Obaideh, Petit Chatey, Petit Sainte-Marie, Petite Sainte Marie, Pineau blanc, Pino Sardone, Pino Shardone, Pinot Blanc à Cramant, Pinot Blanc Chardonnay, Pinot Chardonnay, Pinot de Bourgogne, Pinot Giallo, Pinot Planc, Plant de Tonnerre, Romere, Romeret, Rouci Bile, Rousseau, Roussot, Ruländer Weiß, Sainte Marie Petite, Sardone, Shardone, Shardonne, Später Weiß Burgunder, Weiß Burgunder (normally refers to Pinot blanc), Weiß Clevner, Weiß Edler, Weiß Elder, Weiß Klewner, Weiß Silber, Weißedler, Weißer Clevner, Weißer Rulander.",France,"Selborne Rosé Brut, Hampshire",Chardonnay,England,Rosé,Crisp & Fruity
Chardonnay,"Arboisier, Arnaison blanc, Arnoison, Aubain, Aubaine, Auvergnat blanc, Auvernas, Auvernas blanc, Auvernat blanc, Auxeras, Auxerras blanc, Auxerrois blanc, Auxois, Auxois blanc, Bargeois blanc, Beaunois, Biela Klevanjika, Blanc de Champagne, Blanc de Cramant, Breisgauer Suessling, Breisgauer Sussling, Burgundi Feher, Chablis, Chardenai, Chardenay, Chardenet, Chardennet, Chardonay, Chardonnet, Chatenait, Chatey Petit, Chatte, Chaudenay, Chaudenet, Chaudent, Clävner, Clevner Weiss, Cravner, Epinette, Epinette blanc, Epinette blanche, Epinette de Champagne, Ericey blanc, Feher Chardonnay, Feherburgundi, Feinburgunder, Gamay blanc, Gelber Weissburgunder, Gentil blanc, Grosse Bourgogne, Klawner, Klevanjka Biela, Klevner, Lisant, Luisant, Luizannais, Luizant, Luzannois, Maconnais, Maurillon blanc, Melon blanc, Melon D'Arbois, Meroué,[5] Moreau blanc, Morillon blanc, Moulon, Noirien blanc, Obaideh, Petit Chatey, Petit Sainte-Marie, Petite Sainte Marie, Pineau blanc, Pino Sardone, Pino Shardone, Pinot Blanc à Cramant, Pinot Blanc Chardonnay, Pinot Chardonnay, Pinot de Bourgogne, Pinot Giallo, Pinot Planc, Plant de Tonnerre, Romere, Romeret, Rouci Bile, Rousseau, Roussot, Ruländer Weiß, Sainte Marie Petite, Sardone, Shardone, Shardonne, Später Weiß Burgunder, Weiß Burgunder (normally refers to Pinot blanc), Weiß Clevner, Weiß Edler, Weiß Elder, Weiß Klewner, Weiß Silber, Weißedler, Weißer Clevner, Weißer Rulander.",France,"Lapostolle 'Cuvée Alexandre' Chardonnay 2019, Casablanca Valley",Chardonnay,Chile,White,Rich & Toasty
Chardonnay,"Arboisier, Arnaison blanc, Arnoison, Aubain, Aubaine, Auvergnat blanc, Auvernas, Auvernas blanc, Auvernat blanc, Auxeras, Auxerras blanc, Auxerrois blanc, Auxois, Auxois blanc, Bargeois blanc, Beaunois, Biela Klevanjika, Blanc de Champagne, Blanc de Cramant, Breisgauer Suessling, Breisgauer Sussling, Burgundi Feher, Chablis, Chardenai, Chardenay, Chardenet, Chardennet, Chardonay, Chardonnet, Chatenait, Chatey Petit, Chatte, Chaudenay, Chaudenet, Chaudent, Clävner, Clevner Weiss, Cravner, Epinette, Epinette blanc, Epinette blanche, Epinette de Champagne, Ericey blanc, Feher Chardonnay, Feherburgundi, Feinburgunder, Gamay blanc, Gelber Weissburgunder, Gentil blanc, Grosse Bourgogne, Klawner, Klevanjka Biela, Klevner, Lisant, Luisant, Luizannais, Luizant, Luzannois, Maconnais, Maurillon blanc, Melon blanc, Melon D'Arbois, Meroué,[5] Moreau blanc, Morillon blanc, Moulon, Noirien blanc, Obaideh, Petit Chatey, Petit Sainte-Marie, Petite Sainte Marie, Pineau blanc, Pino Sardone, Pino Shardone, Pinot Blanc à Cramant, Pinot Blanc Chardonnay, Pinot Chardonnay, Pinot de Bourgogne, Pinot Giallo, Pinot Planc, Plant de Tonnerre, Romere, Romeret, Rouci Bile, Rousseau, Roussot, Ruländer Weiß, Sainte Marie Petite, Sardone, Shardone, Shardonne, Später Weiß Burgunder, Weiß Burgunder (normally refers to Pinot blanc), Weiß Clevner, Weiß Edler, Weiß Elder, Weiß Klewner, Weiß Silber, Weißedler, Weißer Clevner, Weißer Rulander.",France,"Pasqua DLZ ‘Idealysta’ Chardonnay-Fiano 2022, Puglia",Chardonnay,Italy,White,Ripe & Rounded
Chardonnay,"Arboisier, Arnaison blanc, Arnoison, Aubain, Aubaine, Auvergnat blanc, Auvernas, Auvernas blanc, Auvernat blanc, Auxeras, Auxerras blanc, Auxerrois blanc, Auxois, Auxois blanc, Bargeois blanc, Beaunois, Biela Klevanjika, Blanc de Champagne, Blanc de Cramant, Breisgauer Suessling, Breisgauer Sussling, Burgundi Feher, Chablis, Chardenai, Chardenay, Chardenet, Chardennet, Chardonay, Chardonnet, Chatenait, Chatey Petit, Chatte, Chaudenay, Chaudenet, Chaudent, Clävner, Clevner Weiss, Cravner, Epinette, Epinette blanc, Epinette blanche, Epinette de Champagne, Ericey blanc, Feher Chardonnay, Feherburgundi, Feinburgunder, Gamay blanc, Gelber Weissburgunder, Gentil blanc, Grosse Bourgogne, Klawner, Klevanjka Biela, Klevner, Lisant, Luisant, Luizannais, Luizant, Luzannois, Maconnais, Maurillon blanc, Melon blanc, Melon D'Arbois, Meroué,[5] Moreau blanc, Morillon blanc, Moulon, Noirien blanc, Obaideh, Petit Chatey, Petit Sainte-Marie, Petite Sainte Marie, Pineau blanc, Pino Sardone, Pino Shardone, Pinot Blanc à Cramant, Pinot Blanc Chardonnay, Pinot Chardonnay, Pinot de Bourgogne, Pinot Giallo, Pinot Planc, Plant de Tonnerre, Romere, Romeret, Rouci Bile, Rousseau, Roussot, Ruländer Weiß, Sainte Marie Petite, Sardone, Shardone, Shardonne, Später Weiß Burgunder, Weiß Burgunder (normally refers to Pinot blanc), Weiß Clevner, Weiß Edler, Weiß Elder, Weiß Klewner, Weiß Silber, Weißedler, Weißer Clevner, Weißer Rulander.",France,"Montes Single Vineyard Chardonnay 2020/21, Casablanca Valley",Chardonnay,Chile,White,Rich & Toasty
Chardonnay,"Arboisier, Arnaison blanc, Arnoison, Aubain, Aubaine, Auvergnat blanc, Auvernas, Auvernas blanc, Auvernat blanc, Auxeras, Auxerras blanc, Auxerrois blanc, Auxois, Auxois blanc, Bargeois blanc, Beaunois, Biela Klevanjika, Blanc de Champagne, Blanc de Cramant, Breisgauer Suessling, Breisgauer Sussling, Burgundi Feher, Chablis, Chardenai, Chardenay, Chardenet, Chardennet, Chardonay, Chardonnet, Chatenait, Chatey Petit, Chatte, Chaudenay, Chaudenet, Chaudent, Clävner, Clevner Weiss, Cravner, Epinette, Epinette blanc, Epinette blanche, Epinette de Champagne, Ericey blanc, Feher Chardonnay, Feherburgundi, Feinburgunder, Gamay blanc, Gelber Weissburgunder, Gentil blanc, Grosse Bourgogne, Klawner, Klevanjka Biela, Klevner, Lisant, Luisant, Luizannais, Luizant, Luzannois, Maconnais, Maurillon blanc, Melon blanc, Melon D'Arbois, Meroué,[5] Moreau blanc, Morillon blanc, Moulon, Noirien blanc, Obaideh, Petit Chatey, Petit Sainte-Marie, Petite Sainte Marie, Pineau blanc, Pino Sardone, Pino Shardone, Pinot Blanc à Cramant, Pinot Blanc Chardonnay, Pinot Chardonnay, Pinot de Bourgogne, Pinot Giallo, Pinot Planc, Plant de Tonnerre, Romere, Romeret, Rouci Bile, Rousseau, Roussot, Ruländer Weiß, Sainte Marie Petite, Sardone, Shardone, Shardonne, Später Weiß Burgunder, Weiß Burgunder (normally refers to Pinot blanc), Weiß Clevner, Weiß Edler, Weiß Elder, Weiß Klewner, Weiß Silber, Weißedler, Weißer Clevner, Weißer Rulander.",France,Chandon Garden Spritz,Chardonnay,Argentina,,Fresh & Elegant
Chardonnay,"Arboisier, Arnaison blanc, Arnoison, Aubain, Aubaine, Auvergnat blanc, Auvernas, Auvernas blanc, Auvernat blanc, Auxeras, Auxerras blanc, Auxerrois blanc, Auxois, Auxois blanc, Bargeois blanc, Beaunois, Biela Klevanjika, Blanc de Champagne, Blanc de Cramant, Breisgauer Suessling, Breisgauer Sussling, Burgundi Feher, Chablis, Chardenai, Chardenay, Chardenet, Chardennet, Chardonay, Chardonnet, Chatenait, Chatey Petit, Chatte, Chaudenay, Chaudenet, Chaudent, Clävner, Clevner Weiss, Cravner, Epinette, Epinette blanc, Epinette blanche, Epinette de Champagne, Ericey blanc, Feher Chardonnay, Feherburgundi, Feinburgunder, Gamay blanc, Gelber Weissburgunder, Gentil blanc, Grosse Bourgogne, Klawner, Klevanjka Biela, Klevner, Lisant, Luisant, Luizannais, Luizant, Luzannois, Maconnais, Maurillon blanc, Melon blanc, Melon D'Arbois, Meroué,[5] Moreau blanc, Morillon blanc, Moulon, Noirien blanc, Obaideh, Petit Chatey, Petit Sainte-Marie, Petite Sainte Marie, Pineau blanc, Pino Sardone, Pino Shardone, Pinot Blanc à Cramant, Pinot Blanc Chardonnay, Pinot Chardonnay, Pinot de Bourgogne, Pinot Giallo, Pinot Planc, Plant de Tonnerre, Romere, Romeret, Rouci Bile, Rousseau, Roussot, Ruländer Weiß, Sainte Marie Petite, Sardone, Shardone, Shardonne, Später Weiß Burgunder, Weiß Burgunder (normally refers to Pinot blanc), Weiß Clevner, Weiß Edler, Weiß Elder, Weiß Klewner, Weiß Silber, Weißedler, Weißer Clevner, Weißer Rulander.",France,Veuve Clicquot Champagne Half Bottle,Chardonnay,France,White,Rich & Toasty
Chardonnay,"Arboisier, Arnaison blanc, Arnoison, Aubain, Aubaine, Auvergnat blanc, Auvernas, Auvernas blanc, Auvernat blanc, Auxeras, Auxerras blanc, Auxerrois blanc, Auxois, Auxois blanc, Bargeois blanc, Beaunois, Biela Klevanjika, Blanc de Champagne, Blanc de Cramant, Breisgauer Suessling, Breisgauer Sussling, Burgundi Feher, Chablis, Chardenai, Chardenay, Chardenet, Chardennet, Chardonay, Chardonnet, Chatenait, Chatey Petit, Chatte, Chaudenay, Chaudenet, Chaudent, Clävner, Clevner Weiss, Cravner, Epinette, Epinette blanc, Epinette blanche, Epinette de Champagne, Ericey blanc, Feher Chardonnay, Feherburgundi, Feinburgunder, Gamay blanc, Gelber Weissburgunder, Gentil blanc, Grosse Bourgogne, Klawner, Klevanjka Biela, Klevner, Lisant, Luisant, Luizannais, Luizant, Luzannois, Maconnais, Maurillon blanc, Melon blanc, Melon D'Arbois, Meroué,[5] Moreau blanc, Morillon blanc, Moulon, Noirien blanc, Obaideh, Petit Chatey, Petit Sainte-Marie, Petite Sainte Marie, Pineau blanc, Pino Sardone, Pino Shardone, Pinot Blanc à Cramant, Pinot Blanc Chardonnay, Pinot Chardonnay, Pinot de Bourgogne, Pinot Giallo, Pinot Planc, Plant de Tonnerre, Romere, Romeret, Rouci Bile, Rousseau, Roussot, Ruländer Weiß, Sainte Marie Petite, Sardone, Shardone, Shardonne, Später Weiß Burgunder, Weiß Burgunder (normally refers to Pinot blanc), Weiß Clevner, Weiß Edler, Weiß Elder, Weiß Klewner, Weiß Silber, Weißedler, Weißer Clevner, Weißer Rulander.",France,Caves des Vignerons de Buxy 'Vieilles Vignes' Montagny 2021/22,Chardonnay,France,White,Ripe & Rounded
Chardonnay,"Arboisier, Arnaison blanc, Arnoison, Aubain, Aubaine, Auvergnat blanc, Auvernas, Auvernas blanc, Auvernat blanc, Auxeras, Auxerras blanc, Auxerrois blanc, Auxois, Auxois blanc, Bargeois blanc, Beaunois, Biela Klevanjika, Blanc de Champagne, Blanc de Cramant, Breisgauer Suessling, Breisgauer Sussling, Burgundi Feher, Chablis, Chardenai, Chardenay, Chardenet, Chardennet, Chardonay, Chardonnet, Chatenait, Chatey Petit, Chatte, Chaudenay, Chaudenet, Chaudent, Clävner, Clevner Weiss, Cravner, Epinette, Epinette blanc, Epinette blanche, Epinette de Champagne, Ericey blanc, Feher Chardonnay, Feherburgundi, Feinburgunder, Gamay blanc, Gelber Weissburgunder, Gentil blanc, Grosse Bourgogne, Klawner, Klevanjka Biela, Klevner, Lisant, Luisant, Luizannais, Luizant, Luzannois, Maconnais, Maurillon blanc, Melon blanc, Melon D'Arbois, Meroué,[5] Moreau blanc, Morillon blanc, Moulon, Noirien blanc, Obaideh, Petit Chatey, Petit Sainte-Marie, Petite Sainte Marie, Pineau blanc, Pino Sardone, Pino Shardone, Pinot Blanc à Cramant, Pinot Blanc Chardonnay, Pinot Chardonnay, Pinot de Bourgogne, Pinot Giallo, Pinot Planc, Plant de Tonnerre, Romere, Romeret, Rouci Bile, Rousseau, Roussot, Ruländer Weiß, Sainte Marie Petite, Sardone, Shardone, Shardonne, Später Weiß Burgunder, Weiß Burgunder (normally refers to Pinot blanc), Weiß Clevner, Weiß Edler, Weiß Elder, Weiß Klewner, Weiß Silber, Weißedler, Weißer Clevner, Weißer Rulander.",France,Domaine Joly Puligny-Montrachet 2019/20,Chardonnay,France,White,Rich & Toasty
Chardonnay,"Arboisier, Arnaison blanc, Arnoison, Aubain, Aubaine, Auvergnat blanc, Auvernas, Auvernas blanc, Auvernat blanc, Auxeras, Auxerras blanc, Auxerrois blanc, Auxois, Auxois blanc, Bargeois blanc, Beaunois, Biela Klevanjika, Blanc de Champagne, Blanc de Cramant, Breisgauer Suessling, Breisgauer Sussling, Burgundi Feher, Chablis, Chardenai, Chardenay, Chardenet, Chardennet, Chardonay, Chardonnet, Chatenait, Chatey Petit, Chatte, Chaudenay, Chaudenet, Chaudent, Clävner, Clevner Weiss, Cravner, Epinette, Epinette blanc, Epinette blanche, Epinette de Champagne, Ericey blanc, Feher Chardonnay, Feherburgundi, Feinburgunder, Gamay blanc, Gelber Weissburgunder, Gentil blanc, Grosse Bourgogne, Klawner, Klevanjka Biela, Klevner, Lisant, Luisant, Luizannais, Luizant, Luzannois, Maconnais, Maurillon blanc, Melon blanc, Melon D'Arbois, Meroué,[5] Moreau blanc, Morillon blanc, Moulon, Noirien blanc, Obaideh, Petit Chatey, Petit Sainte-Marie, Petite Sainte Marie, Pineau blanc, Pino Sardone, Pino Shardone, Pinot Blanc à Cramant, Pinot Blanc Chardonnay, Pinot Chardonnay, Pinot de Bourgogne, Pinot Giallo, Pinot Planc, Plant de Tonnerre, Romere, Romeret, Rouci Bile, Rousseau, Roussot, Ruländer Weiß, Sainte Marie Petite, Sardone, Shardone, Shardonne, Später Weiß Burgunder, Weiß Burgunder (normally refers to Pinot blanc), Weiß Clevner, Weiß Edler, Weiß Elder, Weiß Klewner, Weiß Silber, Weißedler, Weißer Clevner, Weißer Rulander.",France,"Villiera Cap Classique Brut, Stellenbosch",Chardonnay,South Africa,White,Fresh & Elegant
Chardonnay,"Arboisier, Arnaison blanc, Arnoison, Aubain, Aubaine, Auvergnat blanc, Auvernas, Auvernas blanc, Auvernat blanc, Auxeras, Auxerras blanc, Auxerrois blanc, Auxois, Auxois blanc, Bargeois blanc, Beaunois, Biela Klevanjika, Blanc de Champagne, Blanc de Cramant, Breisgauer Suessling, Breisgauer Sussling, Burgundi Feher, Chablis, Chardenai, Chardenay, Chardenet, Chardennet, Chardonay, Chardonnet, Chatenait, Chatey Petit, Chatte, Chaudenay, Chaudenet, Chaudent, Clävner, Clevner Weiss, Cravner, Epinette, Epinette blanc, Epinette blanche, Epinette de Champagne, Ericey blanc, Feher Chardonnay, Feherburgundi, Feinburgunder, Gamay blanc, Gelber Weissburgunder, Gentil blanc, Grosse Bourgogne, Klawner, Klevanjka Biela, Klevner, Lisant, Luisant, Luizannais, Luizant, Luzannois, Maconnais, Maurillon blanc, Melon blanc, Melon D'Arbois, Meroué,[5] Moreau blanc, Morillon blanc, Moulon, Noirien blanc, Obaideh, Petit Chatey, Petit Sainte-Marie, Petite Sainte Marie, Pineau blanc, Pino Sardone, Pino Shardone, Pinot Blanc à Cramant, Pinot Blanc Chardonnay, Pinot Chardonnay, Pinot de Bourgogne, Pinot Giallo, Pinot Planc, Plant de Tonnerre, Romere, Romeret, Rouci Bile, Rousseau, Roussot, Ruländer Weiß, Sainte Marie Petite, Sardone, Shardone, Shardonne, Später Weiß Burgunder, Weiß Burgunder (normally refers to Pinot blanc), Weiß Clevner, Weiß Edler, Weiß Elder, Weiß Klewner, Weiß Silber, Weißedler, Weißer Clevner, Weißer Rulander.",France,"Incanta Chardonnay 2021, Romania",Chardonnay,Romania,White,
Chardonnay,"Arboisier, Arnaison blanc, Arnoison, Aubain, Aubaine, Auvergnat blanc, Auvernas, Auvernas blanc, Auvernat blanc, Auxeras, Auxerras blanc, Auxerrois blanc, Auxois, Auxois blanc, Bargeois blanc, Beaunois, Biela Klevanjika, Blanc de Champagne, Blanc de Cramant, Breisgauer Suessling, Breisgauer Sussling, Burgundi Feher, Chablis, Chardenai, Chardenay, Chardenet, Chardennet, Chardonay, Chardonnet, Chatenait, Chatey Petit, Chatte, Chaudenay, Chaudenet, Chaudent, Clävner, Clevner Weiss, Cravner, Epinette, Epinette blanc, Epinette blanche, Epinette de Champagne, Ericey blanc, Feher Chardonnay, Feherburgundi, Feinburgunder, Gamay blanc, Gelber Weissburgunder, Gentil blanc, Grosse Bourgogne, Klawner, Klevanjka Biela, Klevner, Lisant, Luisant, Luizannais, Luizant, Luzannois, Maconnais, Maurillon blanc, Melon blanc, Melon D'Arbois, Meroué,[5] Moreau blanc, Morillon blanc, Moulon, Noirien blanc, Obaideh, Petit Chatey, Petit Sainte-Marie, Petite Sainte Marie, Pineau blanc, Pino Sardone, Pino Shardone, Pinot Blanc à Cramant, Pinot Blanc Chardonnay, Pinot Chardonnay, Pinot de Bourgogne, Pinot Giallo, Pinot Planc, Plant de Tonnerre, Romere, Romeret, Rouci Bile, Rousseau, Roussot, Ruländer Weiß, Sainte Marie Petite, Sardone, Shardone, Shardonne, Später Weiß Burgunder, Weiß Burgunder (normally refers to Pinot blanc), Weiß Clevner, Weiß Edler, Weiß Elder, Weiß Klewner, Weiß Silber, Weißedler, Weißer Clevner, Weißer Rulander.",France,"Catena Zapata 'Catena Alta' Chardonnay 2020/21, Mendoza",Chardonnay,Argentina,White,Rich & Toasty
Chardonnay,"Arboisier, Arnaison blanc, Arnoison, Aubain, Aubaine, Auvergnat blanc, Auvernas, Auvernas blanc, Auvernat blanc, Auxeras, Auxerras blanc, Auxerrois blanc, Auxois, Auxois blanc, Bargeois blanc, Beaunois, Biela Klevanjika, Blanc de Champagne, Blanc de Cramant, Breisgauer Suessling, Breisgauer Sussling, Burgundi Feher, Chablis, Chardenai, Chardenay, Chardenet, Chardennet, Chardonay, Chardonnet, Chatenait, Chatey Petit, Chatte, Chaudenay, Chaudenet, Chaudent, Clävner, Clevner Weiss, Cravner, Epinette, Epinette blanc, Epinette blanche, Epinette de Champagne, Ericey blanc, Feher Chardonnay, Feherburgundi, Feinburgunder, Gamay blanc, Gelber Weissburgunder, Gentil blanc, Grosse Bourgogne, Klawner, Klevanjka Biela, Klevner, Lisant, Luisant, Luizannais, Luizant, Luzannois, Maconnais, Maurillon blanc, Melon blanc, Melon D'Arbois, Meroué,[5] Moreau blanc, Morillon blanc, Moulon, Noirien blanc, Obaideh, Petit Chatey, Petit Sainte-Marie, Petite Sainte Marie, Pineau blanc, Pino Sardone, Pino Shardone, Pinot Blanc à Cramant, Pinot Blanc Chardonnay, Pinot Chardonnay, Pinot de Bourgogne, Pinot Giallo, Pinot Planc, Plant de Tonnerre, Romere, Romeret, Rouci Bile, Rousseau, Roussot, Ruländer Weiß, Sainte Marie Petite, Sardone, Shardone, Shardonne, Später Weiß Burgunder, Weiß Burgunder (normally refers to Pinot blanc), Weiß Clevner, Weiß Edler, Weiß Elder, Weiß Klewner, Weiß Silber, Weißedler, Weißer Clevner, Weißer Rulander.",France,Cattier 'Clos du Moulin' Premier Cru Brut Champagne,Chardonnay,France,White,Rich & Toasty
Chardonnay,"Arboisier, Arnaison blanc, Arnoison, Aubain, Aubaine, Auvergnat blanc, Auvernas, Auvernas blanc, Auvernat blanc, Auxeras, Auxerras blanc, Auxerrois blanc, Auxois, Auxois blanc, Bargeois blanc, Beaunois, Biela Klevanjika, Blanc de Champagne, Blanc de Cramant, Breisgauer Suessling, Breisgauer Sussling, Burgundi Feher, Chablis, Chardenai, Chardenay, Chardenet, Chardennet, Chardonay, Chardonnet, Chatenait, Chatey Petit, Chatte, Chaudenay, Chaudenet, Chaudent, Clävner, Clevner Weiss, Cravner, Epinette, Epinette blanc, Epinette blanche, Epinette de Champagne, Ericey blanc, Feher Chardonnay, Feherburgundi, Feinburgunder, Gamay blanc, Gelber Weissburgunder, Gentil blanc, Grosse Bourgogne, Klawner, Klevanjka Biela, Klevner, Lisant, Luisant, Luizannais, Luizant, Luzannois, Maconnais, Maurillon blanc, Melon blanc, Melon D'Arbois, Meroué,[5] Moreau blanc, Morillon blanc, Moulon, Noirien blanc, Obaideh, Petit Chatey, Petit Sainte-Marie, Petite Sainte Marie, Pineau blanc, Pino Sardone, Pino Shardone, Pinot Blanc à Cramant, Pinot Blanc Chardonnay, Pinot Chardonnay, Pinot de Bourgogne, Pinot Giallo, Pinot Planc, Plant de Tonnerre, Romere, Romeret, Rouci Bile, Rousseau, Roussot, Ruländer Weiß, Sainte Marie Petite, Sardone, Shardone, Shardonne, Später Weiß Burgunder, Weiß Burgunder (normally refers to Pinot blanc), Weiß Clevner, Weiß Edler, Weiß Elder, Weiß Klewner, Weiß Silber, Weißedler, Weißer Clevner, Weißer Rulander.",France,"Weingut Norbert Bauer ‘Cellar 99’ Gemischter Satz 2022, Vienna",Chardonnay,Austria,White,Fresh & Elegant
Chardonnay,"Arboisier, Arnaison blanc, Arnoison, Aubain, Aubaine, Auvergnat blanc, Auvernas, Auvernas blanc, Auvernat blanc, Auxeras, Auxerras blanc, Auxerrois blanc, Auxois, Auxois blanc, Bargeois blanc, Beaunois, Biela Klevanjika, Blanc de Champagne, Blanc de Cramant, Breisgauer Suessling, Breisgauer Sussling, Burgundi Feher, Chablis, Chardenai, Chardenay, Chardenet, Chardennet, Chardonay, Chardonnet, Chatenait, Chatey Petit, Chatte, Chaudenay, Chaudenet, Chaudent, Clävner, Clevner Weiss, Cravner, Epinette, Epinette blanc, Epinette blanche, Epinette de Champagne, Ericey blanc, Feher Chardonnay, Feherburgundi, Feinburgunder, Gamay blanc, Gelber Weissburgunder, Gentil blanc, Grosse Bourgogne, Klawner, Klevanjka Biela, Klevner, Lisant, Luisant, Luizannais, Luizant, Luzannois, Maconnais, Maurillon blanc, Melon blanc, Melon D'Arbois, Meroué,[5] Moreau blanc, Morillon blanc, Moulon, Noirien blanc, Obaideh, Petit Chatey, Petit Sainte-Marie, Petite Sainte Marie, Pineau blanc, Pino Sardone, Pino Shardone, Pinot Blanc à Cramant, Pinot Blanc Chardonnay, Pinot Chardonnay, Pinot de Bourgogne, Pinot Giallo, Pinot Planc, Plant de Tonnerre, Romere, Romeret, Rouci Bile, Rousseau, Roussot, Ruländer Weiß, Sainte Marie Petite, Sardone, Shardone, Shardonne, Später Weiß Burgunder, Weiß Burgunder (normally refers to Pinot blanc), Weiß Clevner, Weiß Edler, Weiß Elder, Weiß Klewner, Weiß Silber, Weißedler, Weißer Clevner, Weißer Rulander.",France,Domaine Jomain ‘Les Perrières’ Puligny-Montrachet Premier Cru 2019/20,Chardonnay,France,White,Rich & Toasty
Chardonnay,"Arboisier, Arnaison blanc, Arnoison, Aubain, Aubaine, Auvergnat blanc, Auvernas, Auvernas blanc, Auvernat blanc, Auxeras, Auxerras blanc, Auxerrois blanc, Auxois, Auxois blanc, Bargeois blanc, Beaunois, Biela Klevanjika, Blanc de Champagne, Blanc de Cramant, Breisgauer Suessling, Breisgauer Sussling, Burgundi Feher, Chablis, Chardenai, Chardenay, Chardenet, Chardennet, Chardonay, Chardonnet, Chatenait, Chatey Petit, Chatte, Chaudenay, Chaudenet, Chaudent, Clävner, Clevner Weiss, Cravner, Epinette, Epinette blanc, Epinette blanche, Epinette de Champagne, Ericey blanc, Feher Chardonnay, Feherburgundi, Feinburgunder, Gamay blanc, Gelber Weissburgunder, Gentil blanc, Grosse Bourgogne, Klawner, Klevanjka Biela, Klevner, Lisant, Luisant, Luizannais, Luizant, Luzannois, Maconnais, Maurillon blanc, Melon blanc, Melon D'Arbois, Meroué,[5] Moreau blanc, Morillon blanc, Moulon, Noirien blanc, Obaideh, Petit Chatey, Petit Sainte-Marie, Petite Sainte Marie, Pineau blanc, Pino Sardone, Pino Shardone, Pinot Blanc à Cramant, Pinot Blanc Chardonnay, Pinot Chardonnay, Pinot de Bourgogne, Pinot Giallo, Pinot Planc, Plant de Tonnerre, Romere, Romeret, Rouci Bile, Rousseau, Roussot, Ruländer Weiß, Sainte Marie Petite, Sardone, Shardone, Shardonne, Später Weiß Burgunder, Weiß Burgunder (normally refers to Pinot blanc), Weiß Clevner, Weiß Edler, Weiß Elder, Weiß Klewner, Weiß Silber, Weißedler, Weißer Clevner, Weißer Rulander.",France,Laurent-Perrier Millésimé 2012 Brut Champagne,Chardonnay,France,White,Rich & Toasty
Chardonnay,"Arboisier, Arnaison blanc, Arnoison, Aubain, Aubaine, Auvergnat blanc, Auvernas, Auvernas blanc, Auvernat blanc, Auxeras, Auxerras blanc, Auxerrois blanc, Auxois, Auxois blanc, Bargeois blanc, Beaunois, Biela Klevanjika, Blanc de Champagne, Blanc de Cramant, Breisgauer Suessling, Breisgauer Sussling, Burgundi Feher, Chablis, Chardenai, Chardenay, Chardenet, Chardennet, Chardonay, Chardonnet, Chatenait, Chatey Petit, Chatte, Chaudenay, Chaudenet, Chaudent, Clävner, Clevner Weiss, Cravner, Epinette, Epinette blanc, Epinette blanche, Epinette de Champagne, Ericey blanc, Feher Chardonnay, Feherburgundi, Feinburgunder, Gamay blanc, Gelber Weissburgunder, Gentil blanc, Grosse Bourgogne, Klawner, Klevanjka Biela, Klevner, Lisant, Luisant, Luizannais, Luizant, Luzannois, Maconnais, Maurillon blanc, Melon blanc, Melon D'Arbois, Meroué,[5] Moreau blanc, Morillon blanc, Moulon, Noirien blanc, Obaideh, Petit Chatey, Petit Sainte-Marie, Petite Sainte Marie, Pineau blanc, Pino Sardone, Pino Shardone, Pinot Blanc à Cramant, Pinot Blanc Chardonnay, Pinot Chardonnay, Pinot de Bourgogne, Pinot Giallo, Pinot Planc, Plant de Tonnerre, Romere, Romeret, Rouci Bile, Rousseau, Roussot, Ruländer Weiß, Sainte Marie Petite, Sardone, Shardone, Shardonne, Später Weiß Burgunder, Weiß Burgunder (normally refers to Pinot blanc), Weiß Clevner, Weiß Edler, Weiß Elder, Weiß Klewner, Weiß Silber, Weißedler, Weißer Clevner, Weißer Rulander.",France,Louis Latour 'Grand Ardèche' Chardonnay 2020/21,Chardonnay,France,White,Rich & Toasty
Chardonnay,"Arboisier, Arnaison blanc, Arnoison, Aubain, Aubaine, Auvergnat blanc, Auvernas, Auvernas blanc, Auvernat blanc, Auxeras, Auxerras blanc, Auxerrois blanc, Auxois, Auxois blanc, Bargeois blanc, Beaunois, Biela Klevanjika, Blanc de Champagne, Blanc de Cramant, Breisgauer Suessling, Breisgauer Sussling, Burgundi Feher, Chablis, Chardenai, Chardenay, Chardenet, Chardennet, Chardonay, Chardonnet, Chatenait, Chatey Petit, Chatte, Chaudenay, Chaudenet, Chaudent, Clävner, Clevner Weiss, Cravner, Epinette, Epinette blanc, Epinette blanche, Epinette de Champagne, Ericey blanc, Feher Chardonnay, Feherburgundi, Feinburgunder, Gamay blanc, Gelber Weissburgunder, Gentil blanc, Grosse Bourgogne, Klawner, Klevanjka Biela, Klevner, Lisant, Luisant, Luizannais, Luizant, Luzannois, Maconnais, Maurillon blanc, Melon blanc, Melon D'Arbois, Meroué,[5] Moreau blanc, Morillon blanc, Moulon, Noirien blanc, Obaideh, Petit Chatey, Petit Sainte-Marie, Petite Sainte Marie, Pineau blanc, Pino Sardone, Pino Shardone, Pinot Blanc à Cramant, Pinot Blanc Chardonnay, Pinot Chardonnay, Pinot de Bourgogne, Pinot Giallo, Pinot Planc, Plant de Tonnerre, Romere, Romeret, Rouci Bile, Rousseau, Roussot, Ruländer Weiß, Sainte Marie Petite, Sardone, Shardone, Shardonne, Später Weiß Burgunder, Weiß Burgunder (normally refers to Pinot blanc), Weiß Clevner, Weiß Edler, Weiß Elder, Weiß Klewner, Weiß Silber, Weißedler, Weißer Clevner, Weißer Rulander.",France,"Nyetimber 'Classic Cuvée' Brut Magnum, Sussex",Chardonnay,England,White,Rich & Toasty
Chardonnay,"Arboisier, Arnaison blanc, Arnoison, Aubain, Aubaine, Auvergnat blanc, Auvernas, Auvernas blanc, Auvernat blanc, Auxeras, Auxerras blanc, Auxerrois blanc, Auxois, Auxois blanc, Bargeois blanc, Beaunois, Biela Klevanjika, Blanc de Champagne, Blanc de Cramant, Breisgauer Suessling, Breisgauer Sussling, Burgundi Feher, Chablis, Chardenai, Chardenay, Chardenet, Chardennet, Chardonay, Chardonnet, Chatenait, Chatey Petit, Chatte, Chaudenay, Chaudenet, Chaudent, Clävner, Clevner Weiss, Cravner, Epinette, Epinette blanc, Epinette blanche, Epinette de Champagne, Ericey blanc, Feher Chardonnay, Feherburgundi, Feinburgunder, Gamay blanc, Gelber Weissburgunder, Gentil blanc, Grosse Bourgogne, Klawner, Klevanjka Biela, Klevner, Lisant, Luisant, Luizannais, Luizant, Luzannois, Maconnais, Maurillon blanc, Melon blanc, Melon D'Arbois, Meroué,[5] Moreau blanc, Morillon blanc, Moulon, Noirien blanc, Obaideh, Petit Chatey, Petit Sainte-Marie, Petite Sainte Marie, Pineau blanc, Pino Sardone, Pino Shardone, Pinot Blanc à Cramant, Pinot Blanc Chardonnay, Pinot Chardonnay, Pinot de Bourgogne, Pinot Giallo, Pinot Planc, Plant de Tonnerre, Romere, Romeret, Rouci Bile, Rousseau, Roussot, Ruländer Weiß, Sainte Marie Petite, Sardone, Shardone, Shardonne, Später Weiß Burgunder, Weiß Burgunder (normally refers to Pinot blanc), Weiß Clevner, Weiß Edler, Weiß Elder, Weiß Klewner, Weiß Silber, Weißedler, Weißer Clevner, Weißer Rulander.",France,"Saintsbury Chardonnay 2017/18, Carneros",Chardonnay,USA,White,Rich & Toasty
Chardonnay,"Arboisier, Arnaison blanc, Arnoison, Aubain, Aubaine, Auvergnat blanc, Auvernas, Auvernas blanc, Auvernat blanc, Auxeras, Auxerras blanc, Auxerrois blanc, Auxois, Auxois blanc, Bargeois blanc, Beaunois, Biela Klevanjika, Blanc de Champagne, Blanc de Cramant, Breisgauer Suessling, Breisgauer Sussling, Burgundi Feher, Chablis, Chardenai, Chardenay, Chardenet, Chardennet, Chardonay, Chardonnet, Chatenait, Chatey Petit, Chatte, Chaudenay, Chaudenet, Chaudent, Clävner, Clevner Weiss, Cravner, Epinette, Epinette blanc, Epinette blanche, Epinette de Champagne, Ericey blanc, Feher Chardonnay, Feherburgundi, Feinburgunder, Gamay blanc, Gelber Weissburgunder, Gentil blanc, Grosse Bourgogne, Klawner, Klevanjka Biela, Klevner, Lisant, Luisant, Luizannais, Luizant, Luzannois, Maconnais, Maurillon blanc, Melon blanc, Melon D'Arbois, Meroué,[5] Moreau blanc, Morillon blanc, Moulon, Noirien blanc, Obaideh, Petit Chatey, Petit Sainte-Marie, Petite Sainte Marie, Pineau blanc, Pino Sardone, Pino Shardone, Pinot Blanc à Cramant, Pinot Blanc Chardonnay, Pinot Chardonnay, Pinot de Bourgogne, Pinot Giallo, Pinot Planc, Plant de Tonnerre, Romere, Romeret, Rouci Bile, Rousseau, Roussot, Ruländer Weiß, Sainte Marie Petite, Sardone, Shardone, Shardonne, Später Weiß Burgunder, Weiß Burgunder (normally refers to Pinot blanc), Weiß Clevner, Weiß Edler, Weiß Elder, Weiß Klewner, Weiß Silber, Weißedler, Weißer Clevner, Weißer Rulander.",France,Louis Violland Mercurey Blanc 2018/19,Chardonnay,France,White,Ripe & Rounded
Chardonnay,"Arboisier, Arnaison blanc, Arnoison, Aubain, Aubaine, Auvergnat blanc, Auvernas, Auvernas blanc, Auvernat blanc, Auxeras, Auxerras blanc, Auxerrois blanc, Auxois, Auxois blanc, Bargeois blanc, Beaunois, Biela Klevanjika, Blanc de Champagne, Blanc de Cramant, Breisgauer Suessling, Breisgauer Sussling, Burgundi Feher, Chablis, Chardenai, Chardenay, Chardenet, Chardennet, Chardonay, Chardonnet, Chatenait, Chatey Petit, Chatte, Chaudenay, Chaudenet, Chaudent, Clävner, Clevner Weiss, Cravner, Epinette, Epinette blanc, Epinette blanche, Epinette de Champagne, Ericey blanc, Feher Chardonnay, Feherburgundi, Feinburgunder, Gamay blanc, Gelber Weissburgunder, Gentil blanc, Grosse Bourgogne, Klawner, Klevanjka Biela, Klevner, Lisant, Luisant, Luizannais, Luizant, Luzannois, Maconnais, Maurillon blanc, Melon blanc, Melon D'Arbois, Meroué,[5] Moreau blanc, Morillon blanc, Moulon, Noirien blanc, Obaideh, Petit Chatey, Petit Sainte-Marie, Petite Sainte Marie, Pineau blanc, Pino Sardone, Pino Shardone, Pinot Blanc à Cramant, Pinot Blanc Chardonnay, Pinot Chardonnay, Pinot de Bourgogne, Pinot Giallo, Pinot Planc, Plant de Tonnerre, Romere, Romeret, Rouci Bile, Rousseau, Roussot, Ruländer Weiß, Sainte Marie Petite, Sardone, Shardone, Shardonne, Später Weiß Burgunder, Weiß Burgunder (normally refers to Pinot blanc), Weiß Clevner, Weiß Edler, Weiß Elder, Weiß Klewner, Weiß Silber, Weißedler, Weißer Clevner, Weißer Rulander.",France,Domaine Jomain Puligny-Montrachet 2020/21,Chardonnay,France,White,Rich & Toasty
Chardonnay,"Arboisier, Arnaison blanc, Arnoison, Aubain, Aubaine, Auvergnat blanc, Auvernas, Auvernas blanc, Auvernat blanc, Auxeras, Auxerras blanc, Auxerrois blanc, Auxois, Auxois blanc, Bargeois blanc, Beaunois, Biela Klevanjika, Blanc de Champagne, Blanc de Cramant, Breisgauer Suessling, Breisgauer Sussling, Burgundi Feher, Chablis, Chardenai, Chardenay, Chardenet, Chardennet, Chardonay, Chardonnet, Chatenait, Chatey Petit, Chatte, Chaudenay, Chaudenet, Chaudent, Clävner, Clevner Weiss, Cravner, Epinette, Epinette blanc, Epinette blanche, Epinette de Champagne, Ericey blanc, Feher Chardonnay, Feherburgundi, Feinburgunder, Gamay blanc, Gelber Weissburgunder, Gentil blanc, Grosse Bourgogne, Klawner, Klevanjka Biela, Klevner, Lisant, Luisant, Luizannais, Luizant, Luzannois, Maconnais, Maurillon blanc, Melon blanc, Melon D'Arbois, Meroué,[5] Moreau blanc, Morillon blanc, Moulon, Noirien blanc, Obaideh, Petit Chatey, Petit Sainte-Marie, Petite Sainte Marie, Pineau blanc, Pino Sardone, Pino Shardone, Pinot Blanc à Cramant, Pinot Blanc Chardonnay, Pinot Chardonnay, Pinot de Bourgogne, Pinot Giallo, Pinot Planc, Plant de Tonnerre, Romere, Romeret, Rouci Bile, Rousseau, Roussot, Ruländer Weiß, Sainte Marie Petite, Sardone, Shardone, Shardonne, Später Weiß Burgunder, Weiß Burgunder (normally refers to Pinot blanc), Weiß Clevner, Weiß Edler, Weiß Elder, Weiß Klewner, Weiß Silber, Weißedler, Weißer Clevner, Weißer Rulander.",France,Definition Chablis 2022,Chardonnay,France,White,Fresh & Elegant
Chardonnay,"Arboisier, Arnaison blanc, Arnoison, Aubain, Aubaine, Auvergnat blanc, Auvernas, Auvernas blanc, Auvernat blanc, Auxeras, Auxerras blanc, Auxerrois blanc, Auxois, Auxois blanc, Bargeois blanc, Beaunois, Biela Klevanjika, Blanc de Champagne, Blanc de Cramant, Breisgauer Suessling, Breisgauer Sussling, Burgundi Feher, Chablis, Chardenai, Chardenay, Chardenet, Chardennet, Chardonay, Chardonnet, Chatenait, Chatey Petit, Chatte, Chaudenay, Chaudenet, Chaudent, Clävner, Clevner Weiss, Cravner, Epinette, Epinette blanc, Epinette blanche, Epinette de Champagne, Ericey blanc, Feher Chardonnay, Feherburgundi, Feinburgunder, Gamay blanc, Gelber Weissburgunder, Gentil blanc, Grosse Bourgogne, Klawner, Klevanjka Biela, Klevner, Lisant, Luisant, Luizannais, Luizant, Luzannois, Maconnais, Maurillon blanc, Melon blanc, Melon D'Arbois, Meroué,[5] Moreau blanc, Morillon blanc, Moulon, Noirien blanc, Obaideh, Petit Chatey, Petit Sainte-Marie, Petite Sainte Marie, Pineau blanc, Pino Sardone, Pino Shardone, Pinot Blanc à Cramant, Pinot Blanc Chardonnay, Pinot Chardonnay, Pinot de Bourgogne, Pinot Giallo, Pinot Planc, Plant de Tonnerre, Romere, Romeret, Rouci Bile, Rousseau, Roussot, Ruländer Weiß, Sainte Marie Petite, Sardone, Shardone, Shardonne, Später Weiß Burgunder, Weiß Burgunder (normally refers to Pinot blanc), Weiß Clevner, Weiß Edler, Weiß Elder, Weiß Klewner, Weiß Silber, Weißedler, Weißer Clevner, Weißer Rulander.",France,"Maison Chanzy 'En Rosey' Rully Blanc 2020, Burgundy",Chardonnay,France,White,Ripe & Rounded
Chardonnay,"Arboisier, Arnaison blanc, Arnoison, Aubain, Aubaine, Auvergnat blanc, Auvernas, Auvernas blanc, Auvernat blanc, Auxeras, Auxerras blanc, Auxerrois blanc, Auxois, Auxois blanc, Bargeois blanc, Beaunois, Biela Klevanjika, Blanc de Champagne, Blanc de Cramant, Breisgauer Suessling, Breisgauer Sussling, Burgundi Feher, Chablis, Chardenai, Chardenay, Chardenet, Chardennet, Chardonay, Chardonnet, Chatenait, Chatey Petit, Chatte, Chaudenay, Chaudenet, Chaudent, Clävner, Clevner Weiss, Cravner, Epinette, Epinette blanc, Epinette blanche, Epinette de Champagne, Ericey blanc, Feher Chardonnay, Feherburgundi, Feinburgunder, Gamay blanc, Gelber Weissburgunder, Gentil blanc, Grosse Bourgogne, Klawner, Klevanjka Biela, Klevner, Lisant, Luisant, Luizannais, Luizant, Luzannois, Maconnais, Maurillon blanc, Melon blanc, Melon D'Arbois, Meroué,[5] Moreau blanc, Morillon blanc, Moulon, Noirien blanc, Obaideh, Petit Chatey, Petit Sainte-Marie, Petite Sainte Marie, Pineau blanc, Pino Sardone, Pino Shardone, Pinot Blanc à Cramant, Pinot Blanc Chardonnay, Pinot Chardonnay, Pinot de Bourgogne, Pinot Giallo, Pinot Planc, Plant de Tonnerre, Romere, Romeret, Rouci Bile, Rousseau, Roussot, Ruländer Weiß, Sainte Marie Petite, Sardone, Shardone, Shardonne, Später Weiß Burgunder, Weiß Burgunder (normally refers to Pinot blanc), Weiß Clevner, Weiß Edler, Weiß Elder, Weiß Klewner, Weiß Silber, Weißedler, Weißer Clevner, Weißer Rulander.",France,Domaine Trouillet ‘Aux Chailloux’ Pouilly-Fuissé Premier Cru 2020,Chardonnay,France,White,Ripe & Rounded
Chardonnay,"Arboisier, Arnaison blanc, Arnoison, Aubain, Aubaine, Auvergnat blanc, Auvernas, Auvernas blanc, Auvernat blanc, Auxeras, Auxerras blanc, Auxerrois blanc, Auxois, Auxois blanc, Bargeois blanc, Beaunois, Biela Klevanjika, Blanc de Champagne, Blanc de Cramant, Breisgauer Suessling, Breisgauer Sussling, Burgundi Feher, Chablis, Chardenai, Chardenay, Chardenet, Chardennet, Chardonay, Chardonnet, Chatenait, Chatey Petit, Chatte, Chaudenay, Chaudenet, Chaudent, Clävner, Clevner Weiss, Cravner, Epinette, Epinette blanc, Epinette blanche, Epinette de Champagne, Ericey blanc, Feher Chardonnay, Feherburgundi, Feinburgunder, Gamay blanc, Gelber Weissburgunder, Gentil blanc, Grosse Bourgogne, Klawner, Klevanjka Biela, Klevner, Lisant, Luisant, Luizannais, Luizant, Luzannois, Maconnais, Maurillon blanc, Melon blanc, Melon D'Arbois, Meroué,[5] Moreau blanc, Morillon blanc, Moulon, Noirien blanc, Obaideh, Petit Chatey, Petit Sainte-Marie, Petite Sainte Marie, Pineau blanc, Pino Sardone, Pino Shardone, Pinot Blanc à Cramant, Pinot Blanc Chardonnay, Pinot Chardonnay, Pinot de Bourgogne, Pinot Giallo, Pinot Planc, Plant de Tonnerre, Romere, Romeret, Rouci Bile, Rousseau, Roussot, Ruländer Weiß, Sainte Marie Petite, Sardone, Shardone, Shardonne, Später Weiß Burgunder, Weiß Burgunder (normally refers to Pinot blanc), Weiß Clevner, Weiß Edler, Weiß Elder, Weiß Klewner, Weiß Silber, Weißedler, Weißer Clevner, Weißer Rulander.",France,Laurent-Perrier ‘La Cuvee’ Brut Champagne with 2 glasses,Chardonnay,France,White,Crisp & Fruity
Chardonnay,"Arboisier, Arnaison blanc, Arnoison, Aubain, Aubaine, Auvergnat blanc, Auvernas, Auvernas blanc, Auvernat blanc, Auxeras, Auxerras blanc, Auxerrois blanc, Auxois, Auxois blanc, Bargeois blanc, Beaunois, Biela Klevanjika, Blanc de Champagne, Blanc de Cramant, Breisgauer Suessling, Breisgauer Sussling, Burgundi Feher, Chablis, Chardenai, Chardenay, Chardenet, Chardennet, Chardonay, Chardonnet, Chatenait, Chatey Petit, Chatte, Chaudenay, Chaudenet, Chaudent, Clävner, Clevner Weiss, Cravner, Epinette, Epinette blanc, Epinette blanche, Epinette de Champagne, Ericey blanc, Feher Chardonnay, Feherburgundi, Feinburgunder, Gamay blanc, Gelber Weissburgunder, Gentil blanc, Grosse Bourgogne, Klawner, Klevanjka Biela, Klevner, Lisant, Luisant, Luizannais, Luizant, Luzannois, Maconnais, Maurillon blanc, Melon blanc, Melon D'Arbois, Meroué,[5] Moreau blanc, Morillon blanc, Moulon, Noirien blanc, Obaideh, Petit Chatey, Petit Sainte-Marie, Petite Sainte Marie, Pineau blanc, Pino Sardone, Pino Shardone, Pinot Blanc à Cramant, Pinot Blanc Chardonnay, Pinot Chardonnay, Pinot de Bourgogne, Pinot Giallo, Pinot Planc, Plant de Tonnerre, Romere, Romeret, Rouci Bile, Rousseau, Roussot, Ruländer Weiß, Sainte Marie Petite, Sardone, Shardone, Shardonne, Später Weiß Burgunder, Weiß Burgunder (normally refers to Pinot blanc), Weiß Clevner, Weiß Edler, Weiß Elder, Weiß Klewner, Weiß Silber, Weißedler, Weißer Clevner, Weißer Rulander.",France,Lanson 'Le Rosé' Brut Champagne,Chardonnay,France,Rosé,Crisp & Fruity
Chardonnay,"Arboisier, Arnaison blanc, Arnoison, Aubain, Aubaine, Auvergnat blanc, Auvernas, Auvernas blanc, Auvernat blanc, Auxeras, Auxerras blanc, Auxerrois blanc, Auxois, Auxois blanc, Bargeois blanc, Beaunois, Biela Klevanjika, Blanc de Champagne, Blanc de Cramant, Breisgauer Suessling, Breisgauer Sussling, Burgundi Feher, Chablis, Chardenai, Chardenay, Chardenet, Chardennet, Chardonay, Chardonnet, Chatenait, Chatey Petit, Chatte, Chaudenay, Chaudenet, Chaudent, Clävner, Clevner Weiss, Cravner, Epinette, Epinette blanc, Epinette blanche, Epinette de Champagne, Ericey blanc, Feher Chardonnay, Feherburgundi, Feinburgunder, Gamay blanc, Gelber Weissburgunder, Gentil blanc, Grosse Bourgogne, Klawner, Klevanjka Biela, Klevner, Lisant, Luisant, Luizannais, Luizant, Luzannois, Maconnais, Maurillon blanc, Melon blanc, Melon D'Arbois, Meroué,[5] Moreau blanc, Morillon blanc, Moulon, Noirien blanc, Obaideh, Petit Chatey, Petit Sainte-Marie, Petite Sainte Marie, Pineau blanc, Pino Sardone, Pino Shardone, Pinot Blanc à Cramant, Pinot Blanc Chardonnay, Pinot Chardonnay, Pinot de Bourgogne, Pinot Giallo, Pinot Planc, Plant de Tonnerre, Romere, Romeret, Rouci Bile, Rousseau, Roussot, Ruländer Weiß, Sainte Marie Petite, Sardone, Shardone, Shardonne, Später Weiß Burgunder, Weiß Burgunder (normally refers to Pinot blanc), Weiß Clevner, Weiß Edler, Weiß Elder, Weiß Klewner, Weiß Silber, Weißedler, Weißer Clevner, Weißer Rulander.",France,"Domaine Maire 'Heritage' Chardonnay 2018, Côtes du Jura",Chardonnay,France,White,Rich & Toasty
Chardonnay,"Arboisier, Arnaison blanc, Arnoison, Aubain, Aubaine, Auvergnat blanc, Auvernas, Auvernas blanc, Auvernat blanc, Auxeras, Auxerras blanc, Auxerrois blanc, Auxois, Auxois blanc, Bargeois blanc, Beaunois, Biela Klevanjika, Blanc de Champagne, Blanc de Cramant, Breisgauer Suessling, Breisgauer Sussling, Burgundi Feher, Chablis, Chardenai, Chardenay, Chardenet, Chardennet, Chardonay, Chardonnet, Chatenait, Chatey Petit, Chatte, Chaudenay, Chaudenet, Chaudent, Clävner, Clevner Weiss, Cravner, Epinette, Epinette blanc, Epinette blanche, Epinette de Champagne, Ericey blanc, Feher Chardonnay, Feherburgundi, Feinburgunder, Gamay blanc, Gelber Weissburgunder, Gentil blanc, Grosse Bourgogne, Klawner, Klevanjka Biela, Klevner, Lisant, Luisant, Luizannais, Luizant, Luzannois, Maconnais, Maurillon blanc, Melon blanc, Melon D'Arbois, Meroué,[5] Moreau blanc, Morillon blanc, Moulon, Noirien blanc, Obaideh, Petit Chatey, Petit Sainte-Marie, Petite Sainte Marie, Pineau blanc, Pino Sardone, Pino Shardone, Pinot Blanc à Cramant, Pinot Blanc Chardonnay, Pinot Chardonnay, Pinot de Bourgogne, Pinot Giallo, Pinot Planc, Plant de Tonnerre, Romere, Romeret, Rouci Bile, Rousseau, Roussot, Ruländer Weiß, Sainte Marie Petite, Sardone, Shardone, Shardonne, Später Weiß Burgunder, Weiß Burgunder (normally refers to Pinot blanc), Weiß Clevner, Weiß Edler, Weiß Elder, Weiß Klewner, Weiß Silber, Weißedler, Weißer Clevner, Weißer Rulander.",France,"Nyetimber 'Classic Cuvée' Brut, Sussex",Chardonnay,England,White,Rich & Toasty
Chardonnay,"Arboisier, Arnaison blanc, Arnoison, Aubain, Aubaine, Auvergnat blanc, Auvernas, Auvernas blanc, Auvernat blanc, Auxeras, Auxerras blanc, Auxerrois blanc, Auxois, Auxois blanc, Bargeois blanc, Beaunois, Biela Klevanjika, Blanc de Champagne, Blanc de Cramant, Breisgauer Suessling, Breisgauer Sussling, Burgundi Feher, Chablis, Chardenai, Chardenay, Chardenet, Chardennet, Chardonay, Chardonnet, Chatenait, Chatey Petit, Chatte, Chaudenay, Chaudenet, Chaudent, Clävner, Clevner Weiss, Cravner, Epinette, Epinette blanc, Epinette blanche, Epinette de Champagne, Ericey blanc, Feher Chardonnay, Feherburgundi, Feinburgunder, Gamay blanc, Gelber Weissburgunder, Gentil blanc, Grosse Bourgogne, Klawner, Klevanjka Biela, Klevner, Lisant, Luisant, Luizannais, Luizant, Luzannois, Maconnais, Maurillon blanc, Melon blanc, Melon D'Arbois, Meroué,[5] Moreau blanc, Morillon blanc, Moulon, Noirien blanc, Obaideh, Petit Chatey, Petit Sainte-Marie, Petite Sainte Marie, Pineau blanc, Pino Sardone, Pino Shardone, Pinot Blanc à Cramant, Pinot Blanc Chardonnay, Pinot Chardonnay, Pinot de Bourgogne, Pinot Giallo, Pinot Planc, Plant de Tonnerre, Romere, Romeret, Rouci Bile, Rousseau, Roussot, Ruländer Weiß, Sainte Marie Petite, Sardone, Shardone, Shardonne, Später Weiß Burgunder, Weiß Burgunder (normally refers to Pinot blanc), Weiß Clevner, Weiß Edler, Weiß Elder, Weiß Klewner, Weiß Silber, Weißedler, Weißer Clevner, Weißer Rulander.",France,Domaine Prunier 'Les Clous' Meursault 2020,Chardonnay,France,White,Rich & Toasty
Chardonnay,"Arboisier, Arnaison blanc, Arnoison, Aubain, Aubaine, Auvergnat blanc, Auvernas, Auvernas blanc, Auvernat blanc, Auxeras, Auxerras blanc, Auxerrois blanc, Auxois, Auxois blanc, Bargeois blanc, Beaunois, Biela Klevanjika, Blanc de Champagne, Blanc de Cramant, Breisgauer Suessling, Breisgauer Sussling, Burgundi Feher, Chablis, Chardenai, Chardenay, Chardenet, Chardennet, Chardonay, Chardonnet, Chatenait, Chatey Petit, Chatte, Chaudenay, Chaudenet, Chaudent, Clävner, Clevner Weiss, Cravner, Epinette, Epinette blanc, Epinette blanche, Epinette de Champagne, Ericey blanc, Feher Chardonnay, Feherburgundi, Feinburgunder, Gamay blanc, Gelber Weissburgunder, Gentil blanc, Grosse Bourgogne, Klawner, Klevanjka Biela, Klevner, Lisant, Luisant, Luizannais, Luizant, Luzannois, Maconnais, Maurillon blanc, Melon blanc, Melon D'Arbois, Meroué,[5] Moreau blanc, Morillon blanc, Moulon, Noirien blanc, Obaideh, Petit Chatey, Petit Sainte-Marie, Petite Sainte Marie, Pineau blanc, Pino Sardone, Pino Shardone, Pinot Blanc à Cramant, Pinot Blanc Chardonnay, Pinot Chardonnay, Pinot de Bourgogne, Pinot Giallo, Pinot Planc, Plant de Tonnerre, Romere, Romeret, Rouci Bile, Rousseau, Roussot, Ruländer Weiß, Sainte Marie Petite, Sardone, Shardone, Shardonne, Später Weiß Burgunder, Weiß Burgunder (normally refers to Pinot blanc), Weiß Clevner, Weiß Edler, Weiß Elder, Weiß Klewner, Weiß Silber, Weißedler, Weißer Clevner, Weißer Rulander.",France,Ruinart 'Second Skin' Blanc de Blancs Champagne,Chardonnay,France,White,Rich & Toasty
Chardonnay,"Arboisier, Arnaison blanc, Arnoison, Aubain, Aubaine, Auvergnat blanc, Auvernas, Auvernas blanc, Auvernat blanc, Auxeras, Auxerras blanc, Auxerrois blanc, Auxois, Auxois blanc, Bargeois blanc, Beaunois, Biela Klevanjika, Blanc de Champagne, Blanc de Cramant, Breisgauer Suessling, Breisgauer Sussling, Burgundi Feher, Chablis, Chardenai, Chardenay, Chardenet, Chardennet, Chardonay, Chardonnet, Chatenait, Chatey Petit, Chatte, Chaudenay, Chaudenet, Chaudent, Clävner, Clevner Weiss, Cravner, Epinette, Epinette blanc, Epinette blanche, Epinette de Champagne, Ericey blanc, Feher Chardonnay, Feherburgundi, Feinburgunder, Gamay blanc, Gelber Weissburgunder, Gentil blanc, Grosse Bourgogne, Klawner, Klevanjka Biela, Klevner, Lisant, Luisant, Luizannais, Luizant, Luzannois, Maconnais, Maurillon blanc, Melon blanc, Melon D'Arbois, Meroué,[5] Moreau blanc, Morillon blanc, Moulon, Noirien blanc, Obaideh, Petit Chatey, Petit Sainte-Marie, Petite Sainte Marie, Pineau blanc, Pino Sardone, Pino Shardone, Pinot Blanc à Cramant, Pinot Blanc Chardonnay, Pinot Chardonnay, Pinot de Bourgogne, Pinot Giallo, Pinot Planc, Plant de Tonnerre, Romere, Romeret, Rouci Bile, Rousseau, Roussot, Ruländer Weiß, Sainte Marie Petite, Sardone, Shardone, Shardonne, Später Weiß Burgunder, Weiß Burgunder (normally refers to Pinot blanc), Weiß Clevner, Weiß Edler, Weiß Elder, Weiß Klewner, Weiß Silber, Weißedler, Weißer Clevner, Weißer Rulander.",France,Pol Roger 'Réserve' Brut Champagne,Chardonnay,France,White,Rich & Toasty
Chardonnay,"Arboisier, Arnaison blanc, Arnoison, Aubain, Aubaine, Auvergnat blanc, Auvernas, Auvernas blanc, Auvernat blanc, Auxeras, Auxerras blanc, Auxerrois blanc, Auxois, Auxois blanc, Bargeois blanc, Beaunois, Biela Klevanjika, Blanc de Champagne, Blanc de Cramant, Breisgauer Suessling, Breisgauer Sussling, Burgundi Feher, Chablis, Chardenai, Chardenay, Chardenet, Chardennet, Chardonay, Chardonnet, Chatenait, Chatey Petit, Chatte, Chaudenay, Chaudenet, Chaudent, Clävner, Clevner Weiss, Cravner, Epinette, Epinette blanc, Epinette blanche, Epinette de Champagne, Ericey blanc, Feher Chardonnay, Feherburgundi, Feinburgunder, Gamay blanc, Gelber Weissburgunder, Gentil blanc, Grosse Bourgogne, Klawner, Klevanjka Biela, Klevner, Lisant, Luisant, Luizannais, Luizant, Luzannois, Maconnais, Maurillon blanc, Melon blanc, Melon D'Arbois, Meroué,[5] Moreau blanc, Morillon blanc, Moulon, Noirien blanc, Obaideh, Petit Chatey, Petit Sainte-Marie, Petite Sainte Marie, Pineau blanc, Pino Sardone, Pino Shardone, Pinot Blanc à Cramant, Pinot Blanc Chardonnay, Pinot Chardonnay, Pinot de Bourgogne, Pinot Giallo, Pinot Planc, Plant de Tonnerre, Romere, Romeret, Rouci Bile, Rousseau, Roussot, Ruländer Weiß, Sainte Marie Petite, Sardone, Shardone, Shardonne, Später Weiß Burgunder, Weiß Burgunder (normally refers to Pinot blanc), Weiß Clevner, Weiß Edler, Weiß Elder, Weiß Klewner, Weiß Silber, Weißedler, Weißer Clevner, Weißer Rulander.",France,"Honey Drop Chardonnay 2022, South Africa",Chardonnay,South Africa,White,Rich & Toasty
Chardonnay,"Arboisier, Arnaison blanc, Arnoison, Aubain, Aubaine, Auvergnat blanc, Auvernas, Auvernas blanc, Auvernat blanc, Auxeras, Auxerras blanc, Auxerrois blanc, Auxois, Auxois blanc, Bargeois blanc, Beaunois, Biela Klevanjika, Blanc de Champagne, Blanc de Cramant, Breisgauer Suessling, Breisgauer Sussling, Burgundi Feher, Chablis, Chardenai, Chardenay, Chardenet, Chardennet, Chardonay, Chardonnet, Chatenait, Chatey Petit, Chatte, Chaudenay, Chaudenet, Chaudent, Clävner, Clevner Weiss, Cravner, Epinette, Epinette blanc, Epinette blanche, Epinette de Champagne, Ericey blanc, Feher Chardonnay, Feherburgundi, Feinburgunder, Gamay blanc, Gelber Weissburgunder, Gentil blanc, Grosse Bourgogne, Klawner, Klevanjka Biela, Klevner, Lisant, Luisant, Luizannais, Luizant, Luzannois, Maconnais, Maurillon blanc, Melon blanc, Melon D'Arbois, Meroué,[5] Moreau blanc, Morillon blanc, Moulon, Noirien blanc, Obaideh, Petit Chatey, Petit Sainte-Marie, Petite Sainte Marie, Pineau blanc, Pino Sardone, Pino Shardone, Pinot Blanc à Cramant, Pinot Blanc Chardonnay, Pinot Chardonnay, Pinot de Bourgogne, Pinot Giallo, Pinot Planc, Plant de Tonnerre, Romere, Romeret, Rouci Bile, Rousseau, Roussot, Ruländer Weiß, Sainte Marie Petite, Sardone, Shardone, Shardonne, Später Weiß Burgunder, Weiß Burgunder (normally refers to Pinot blanc), Weiß Clevner, Weiß Edler, Weiß Elder, Weiß Klewner, Weiß Silber, Weißedler, Weißer Clevner, Weißer Rulander.",France,"Domaine Rolet Arbois Chardonnay 2016/17, Jura",Chardonnay,France,White,Rich & Toasty
Chardonnay,"Arboisier, Arnaison blanc, Arnoison, Aubain, Aubaine, Auvergnat blanc, Auvernas, Auvernas blanc, Auvernat blanc, Auxeras, Auxerras blanc, Auxerrois blanc, Auxois, Auxois blanc, Bargeois blanc, Beaunois, Biela Klevanjika, Blanc de Champagne, Blanc de Cramant, Breisgauer Suessling, Breisgauer Sussling, Burgundi Feher, Chablis, Chardenai, Chardenay, Chardenet, Chardennet, Chardonay, Chardonnet, Chatenait, Chatey Petit, Chatte, Chaudenay, Chaudenet, Chaudent, Clävner, Clevner Weiss, Cravner, Epinette, Epinette blanc, Epinette blanche, Epinette de Champagne, Ericey blanc, Feher Chardonnay, Feherburgundi, Feinburgunder, Gamay blanc, Gelber Weissburgunder, Gentil blanc, Grosse Bourgogne, Klawner, Klevanjka Biela, Klevner, Lisant, Luisant, Luizannais, Luizant, Luzannois, Maconnais, Maurillon blanc, Melon blanc, Melon D'Arbois, Meroué,[5] Moreau blanc, Morillon blanc, Moulon, Noirien blanc, Obaideh, Petit Chatey, Petit Sainte-Marie, Petite Sainte Marie, Pineau blanc, Pino Sardone, Pino Shardone, Pinot Blanc à Cramant, Pinot Blanc Chardonnay, Pinot Chardonnay, Pinot de Bourgogne, Pinot Giallo, Pinot Planc, Plant de Tonnerre, Romere, Romeret, Rouci Bile, Rousseau, Roussot, Ruländer Weiß, Sainte Marie Petite, Sardone, Shardone, Shardonne, Später Weiß Burgunder, Weiß Burgunder (normally refers to Pinot blanc), Weiß Clevner, Weiß Edler, Weiß Elder, Weiß Klewner, Weiß Silber, Weißedler, Weißer Clevner, Weißer Rulander.",France,"Definition English Sparkling Brut, Hampshire",Chardonnay,England,White,Crisp & Fruity
Chardonnay,"Arboisier, Arnaison blanc, Arnoison, Aubain, Aubaine, Auvergnat blanc, Auvernas, Auvernas blanc, Auvernat blanc, Auxeras, Auxerras blanc, Auxerrois blanc, Auxois, Auxois blanc, Bargeois blanc, Beaunois, Biela Klevanjika, Blanc de Champagne, Blanc de Cramant, Breisgauer Suessling, Breisgauer Sussling, Burgundi Feher, Chablis, Chardenai, Chardenay, Chardenet, Chardennet, Chardonay, Chardonnet, Chatenait, Chatey Petit, Chatte, Chaudenay, Chaudenet, Chaudent, Clävner, Clevner Weiss, Cravner, Epinette, Epinette blanc, Epinette blanche, Epinette de Champagne, Ericey blanc, Feher Chardonnay, Feherburgundi, Feinburgunder, Gamay blanc, Gelber Weissburgunder, Gentil blanc, Grosse Bourgogne, Klawner, Klevanjka Biela, Klevner, Lisant, Luisant, Luizannais, Luizant, Luzannois, Maconnais, Maurillon blanc, Melon blanc, Melon D'Arbois, Meroué,[5] Moreau blanc, Morillon blanc, Moulon, Noirien blanc, Obaideh, Petit Chatey, Petit Sainte-Marie, Petite Sainte Marie, Pineau blanc, Pino Sardone, Pino Shardone, Pinot Blanc à Cramant, Pinot Blanc Chardonnay, Pinot Chardonnay, Pinot de Bourgogne, Pinot Giallo, Pinot Planc, Plant de Tonnerre, Romere, Romeret, Rouci Bile, Rousseau, Roussot, Ruländer Weiß, Sainte Marie Petite, Sardone, Shardone, Shardonne, Später Weiß Burgunder, Weiß Burgunder (normally refers to Pinot blanc), Weiß Clevner, Weiß Edler, Weiß Elder, Weiß Klewner, Weiß Silber, Weißedler, Weißer Clevner, Weißer Rulander.",France,"Oyster Bay Chardonnay 2020/21, Marlborough",Chardonnay,New Zealand,White,Rich & Toasty
Chardonnay,"Arboisier, Arnaison blanc, Arnoison, Aubain, Aubaine, Auvergnat blanc, Auvernas, Auvernas blanc, Auvernat blanc, Auxeras, Auxerras blanc, Auxerrois blanc, Auxois, Auxois blanc, Bargeois blanc, Beaunois, Biela Klevanjika, Blanc de Champagne, Blanc de Cramant, Breisgauer Suessling, Breisgauer Sussling, Burgundi Feher, Chablis, Chardenai, Chardenay, Chardenet, Chardennet, Chardonay, Chardonnet, Chatenait, Chatey Petit, Chatte, Chaudenay, Chaudenet, Chaudent, Clävner, Clevner Weiss, Cravner, Epinette, Epinette blanc, Epinette blanche, Epinette de Champagne, Ericey blanc, Feher Chardonnay, Feherburgundi, Feinburgunder, Gamay blanc, Gelber Weissburgunder, Gentil blanc, Grosse Bourgogne, Klawner, Klevanjka Biela, Klevner, Lisant, Luisant, Luizannais, Luizant, Luzannois, Maconnais, Maurillon blanc, Melon blanc, Melon D'Arbois, Meroué,[5] Moreau blanc, Morillon blanc, Moulon, Noirien blanc, Obaideh, Petit Chatey, Petit Sainte-Marie, Petite Sainte Marie, Pineau blanc, Pino Sardone, Pino Shardone, Pinot Blanc à Cramant, Pinot Blanc Chardonnay, Pinot Chardonnay, Pinot de Bourgogne, Pinot Giallo, Pinot Planc, Plant de Tonnerre, Romere, Romeret, Rouci Bile, Rousseau, Roussot, Ruländer Weiß, Sainte Marie Petite, Sardone, Shardone, Shardonne, Später Weiß Burgunder, Weiß Burgunder (normally refers to Pinot blanc), Weiß Clevner, Weiß Edler, Weiß Elder, Weiß Klewner, Weiß Silber, Weißedler, Weißer Clevner, Weißer Rulander.",France,Domaine Passy ‘Le Clou’ Petit Chablis 2021/22,Chardonnay,France,White,Fresh & Elegant
Chardonnay,"Arboisier, Arnaison blanc, Arnoison, Aubain, Aubaine, Auvergnat blanc, Auvernas, Auvernas blanc, Auvernat blanc, Auxeras, Auxerras blanc, Auxerrois blanc, Auxois, Auxois blanc, Bargeois blanc, Beaunois, Biela Klevanjika, Blanc de Champagne, Blanc de Cramant, Breisgauer Suessling, Breisgauer Sussling, Burgundi Feher, Chablis, Chardenai, Chardenay, Chardenet, Chardennet, Chardonay, Chardonnet, Chatenait, Chatey Petit, Chatte, Chaudenay, Chaudenet, Chaudent, Clävner, Clevner Weiss, Cravner, Epinette, Epinette blanc, Epinette blanche, Epinette de Champagne, Ericey blanc, Feher Chardonnay, Feherburgundi, Feinburgunder, Gamay blanc, Gelber Weissburgunder, Gentil blanc, Grosse Bourgogne, Klawner, Klevanjka Biela, Klevner, Lisant, Luisant, Luizannais, Luizant, Luzannois, Maconnais, Maurillon blanc, Melon blanc, Melon D'Arbois, Meroué,[5] Moreau blanc, Morillon blanc, Moulon, Noirien blanc, Obaideh, Petit Chatey, Petit Sainte-Marie, Petite Sainte Marie, Pineau blanc, Pino Sardone, Pino Shardone, Pinot Blanc à Cramant, Pinot Blanc Chardonnay, Pinot Chardonnay, Pinot de Bourgogne, Pinot Giallo, Pinot Planc, Plant de Tonnerre, Romere, Romeret, Rouci Bile, Rousseau, Roussot, Ruländer Weiß, Sainte Marie Petite, Sardone, Shardone, Shardonne, Später Weiß Burgunder, Weiß Burgunder (normally refers to Pinot blanc), Weiß Clevner, Weiß Edler, Weiß Elder, Weiß Klewner, Weiß Silber, Weißedler, Weißer Clevner, Weißer Rulander.",France,"Bostavan Winery  47°N Chardonnay 2021, Moldova",Chardonnay,Moldova,White,
Chardonnay,"Arboisier, Arnaison blanc, Arnoison, Aubain, Aubaine, Auvergnat blanc, Auvernas, Auvernas blanc, Auvernat blanc, Auxeras, Auxerras blanc, Auxerrois blanc, Auxois, Auxois blanc, Bargeois blanc, Beaunois, Biela Klevanjika, Blanc de Champagne, Blanc de Cramant, Breisgauer Suessling, Breisgauer Sussling, Burgundi Feher, Chablis, Chardenai, Chardenay, Chardenet, Chardennet, Chardonay, Chardonnet, Chatenait, Chatey Petit, Chatte, Chaudenay, Chaudenet, Chaudent, Clävner, Clevner Weiss, Cravner, Epinette, Epinette blanc, Epinette blanche, Epinette de Champagne, Ericey blanc, Feher Chardonnay, Feherburgundi, Feinburgunder, Gamay blanc, Gelber Weissburgunder, Gentil blanc, Grosse Bourgogne, Klawner, Klevanjka Biela, Klevner, Lisant, Luisant, Luizannais, Luizant, Luzannois, Maconnais, Maurillon blanc, Melon blanc, Melon D'Arbois, Meroué,[5] Moreau blanc, Morillon blanc, Moulon, Noirien blanc, Obaideh, Petit Chatey, Petit Sainte-Marie, Petite Sainte Marie, Pineau blanc, Pino Sardone, Pino Shardone, Pinot Blanc à Cramant, Pinot Blanc Chardonnay, Pinot Chardonnay, Pinot de Bourgogne, Pinot Giallo, Pinot Planc, Plant de Tonnerre, Romere, Romeret, Rouci Bile, Rousseau, Roussot, Ruländer Weiß, Sainte Marie Petite, Sardone, Shardone, Shardonne, Später Weiß Burgunder, Weiß Burgunder (normally refers to Pinot blanc), Weiß Clevner, Weiß Edler, Weiß Elder, Weiß Klewner, Weiß Silber, Weißedler, Weißer Clevner, Weißer Rulander.",France,"Stag's Leap 'Hands of Time' Chardonnay 2019/20, Napa Valley",Chardonnay,USA,White,Rich & Toasty
Chardonnay,"Arboisier, Arnaison blanc, Arnoison, Aubain, Aubaine, Auvergnat blanc, Auvernas, Auvernas blanc, Auvernat blanc, Auxeras, Auxerras blanc, Auxerrois blanc, Auxois, Auxois blanc, Bargeois blanc, Beaunois, Biela Klevanjika, Blanc de Champagne, Blanc de Cramant, Breisgauer Suessling, Breisgauer Sussling, Burgundi Feher, Chablis, Chardenai, Chardenay, Chardenet, Chardennet, Chardonay, Chardonnet, Chatenait, Chatey Petit, Chatte, Chaudenay, Chaudenet, Chaudent, Clävner, Clevner Weiss, Cravner, Epinette, Epinette blanc, Epinette blanche, Epinette de Champagne, Ericey blanc, Feher Chardonnay, Feherburgundi, Feinburgunder, Gamay blanc, Gelber Weissburgunder, Gentil blanc, Grosse Bourgogne, Klawner, Klevanjka Biela, Klevner, Lisant, Luisant, Luizannais, Luizant, Luzannois, Maconnais, Maurillon blanc, Melon blanc, Melon D'Arbois, Meroué,[5] Moreau blanc, Morillon blanc, Moulon, Noirien blanc, Obaideh, Petit Chatey, Petit Sainte-Marie, Petite Sainte Marie, Pineau blanc, Pino Sardone, Pino Shardone, Pinot Blanc à Cramant, Pinot Blanc Chardonnay, Pinot Chardonnay, Pinot de Bourgogne, Pinot Giallo, Pinot Planc, Plant de Tonnerre, Romere, Romeret, Rouci Bile, Rousseau, Roussot, Ruländer Weiß, Sainte Marie Petite, Sardone, Shardone, Shardonne, Später Weiß Burgunder, Weiß Burgunder (normally refers to Pinot blanc), Weiß Clevner, Weiß Edler, Weiß Elder, Weiß Klewner, Weiß Silber, Weißedler, Weißer Clevner, Weißer Rulander.",France,Doudet-Naudin Bourgogne Côte d’Or Chardonnay 2019,Chardonnay,France,White,Ripe & Rounded
Chardonnay,"Arboisier, Arnaison blanc, Arnoison, Aubain, Aubaine, Auvergnat blanc, Auvernas, Auvernas blanc, Auvernat blanc, Auxeras, Auxerras blanc, Auxerrois blanc, Auxois, Auxois blanc, Bargeois blanc, Beaunois, Biela Klevanjika, Blanc de Champagne, Blanc de Cramant, Breisgauer Suessling, Breisgauer Sussling, Burgundi Feher, Chablis, Chardenai, Chardenay, Chardenet, Chardennet, Chardonay, Chardonnet, Chatenait, Chatey Petit, Chatte, Chaudenay, Chaudenet, Chaudent, Clävner, Clevner Weiss, Cravner, Epinette, Epinette blanc, Epinette blanche, Epinette de Champagne, Ericey blanc, Feher Chardonnay, Feherburgundi, Feinburgunder, Gamay blanc, Gelber Weissburgunder, Gentil blanc, Grosse Bourgogne, Klawner, Klevanjka Biela, Klevner, Lisant, Luisant, Luizannais, Luizant, Luzannois, Maconnais, Maurillon blanc, Melon blanc, Melon D'Arbois, Meroué,[5] Moreau blanc, Morillon blanc, Moulon, Noirien blanc, Obaideh, Petit Chatey, Petit Sainte-Marie, Petite Sainte Marie, Pineau blanc, Pino Sardone, Pino Shardone, Pinot Blanc à Cramant, Pinot Blanc Chardonnay, Pinot Chardonnay, Pinot de Bourgogne, Pinot Giallo, Pinot Planc, Plant de Tonnerre, Romere, Romeret, Rouci Bile, Rousseau, Roussot, Ruländer Weiß, Sainte Marie Petite, Sardone, Shardone, Shardonne, Später Weiß Burgunder, Weiß Burgunder (normally refers to Pinot blanc), Weiß Clevner, Weiß Edler, Weiß Elder, Weiß Klewner, Weiß Silber, Weißedler, Weißer Clevner, Weißer Rulander.",France,Cave de Lugny 'Reserve' Mâcon-Chardonnay 2021/22,Chardonnay,France,White,Ripe & Rounded
Chardonnay,"Arboisier, Arnaison blanc, Arnoison, Aubain, Aubaine, Auvergnat blanc, Auvernas, Auvernas blanc, Auvernat blanc, Auxeras, Auxerras blanc, Auxerrois blanc, Auxois, Auxois blanc, Bargeois blanc, Beaunois, Biela Klevanjika, Blanc de Champagne, Blanc de Cramant, Breisgauer Suessling, Breisgauer Sussling, Burgundi Feher, Chablis, Chardenai, Chardenay, Chardenet, Chardennet, Chardonay, Chardonnet, Chatenait, Chatey Petit, Chatte, Chaudenay, Chaudenet, Chaudent, Clävner, Clevner Weiss, Cravner, Epinette, Epinette blanc, Epinette blanche, Epinette de Champagne, Ericey blanc, Feher Chardonnay, Feherburgundi, Feinburgunder, Gamay blanc, Gelber Weissburgunder, Gentil blanc, Grosse Bourgogne, Klawner, Klevanjka Biela, Klevner, Lisant, Luisant, Luizannais, Luizant, Luzannois, Maconnais, Maurillon blanc, Melon blanc, Melon D'Arbois, Meroué,[5] Moreau blanc, Morillon blanc, Moulon, Noirien blanc, Obaideh, Petit Chatey, Petit Sainte-Marie, Petite Sainte Marie, Pineau blanc, Pino Sardone, Pino Shardone, Pinot Blanc à Cramant, Pinot Blanc Chardonnay, Pinot Chardonnay, Pinot de Bourgogne, Pinot Giallo, Pinot Planc, Plant de Tonnerre, Romere, Romeret, Rouci Bile, Rousseau, Roussot, Ruländer Weiß, Sainte Marie Petite, Sardone, Shardone, Shardonne, Später Weiß Burgunder, Weiß Burgunder (normally refers to Pinot blanc), Weiß Clevner, Weiß Edler, Weiß Elder, Weiß Klewner, Weiß Silber, Weißedler, Weißer Clevner, Weißer Rulander.",France,"Planeta Chardonnay 2020/21, Sicily",Chardonnay,Italy,White,Rich & Toasty
Chardonnay,"Arboisier, Arnaison blanc, Arnoison, Aubain, Aubaine, Auvergnat blanc, Auvernas, Auvernas blanc, Auvernat blanc, Auxeras, Auxerras blanc, Auxerrois blanc, Auxois, Auxois blanc, Bargeois blanc, Beaunois, Biela Klevanjika, Blanc de Champagne, Blanc de Cramant, Breisgauer Suessling, Breisgauer Sussling, Burgundi Feher, Chablis, Chardenai, Chardenay, Chardenet, Chardennet, Chardonay, Chardonnet, Chatenait, Chatey Petit, Chatte, Chaudenay, Chaudenet, Chaudent, Clävner, Clevner Weiss, Cravner, Epinette, Epinette blanc, Epinette blanche, Epinette de Champagne, Ericey blanc, Feher Chardonnay, Feherburgundi, Feinburgunder, Gamay blanc, Gelber Weissburgunder, Gentil blanc, Grosse Bourgogne, Klawner, Klevanjka Biela, Klevner, Lisant, Luisant, Luizannais, Luizant, Luzannois, Maconnais, Maurillon blanc, Melon blanc, Melon D'Arbois, Meroué,[5] Moreau blanc, Morillon blanc, Moulon, Noirien blanc, Obaideh, Petit Chatey, Petit Sainte-Marie, Petite Sainte Marie, Pineau blanc, Pino Sardone, Pino Shardone, Pinot Blanc à Cramant, Pinot Blanc Chardonnay, Pinot Chardonnay, Pinot de Bourgogne, Pinot Giallo, Pinot Planc, Plant de Tonnerre, Romere, Romeret, Rouci Bile, Rousseau, Roussot, Ruländer Weiß, Sainte Marie Petite, Sardone, Shardone, Shardonne, Später Weiß Burgunder, Weiß Burgunder (normally refers to Pinot blanc), Weiß Clevner, Weiß Edler, Weiß Elder, Weiß Klewner, Weiß Silber, Weißedler, Weißer Clevner, Weißer Rulander.",France,"Edouard Delaunay 'Septembre' Chardonnay 2019/20, Burgundy",Chardonnay,France,White,Ripe & Rounded
Chardonnay,"Arboisier, Arnaison blanc, Arnoison, Aubain, Aubaine, Auvergnat blanc, Auvernas, Auvernas blanc, Auvernat blanc, Auxeras, Auxerras blanc, Auxerrois blanc, Auxois, Auxois blanc, Bargeois blanc, Beaunois, Biela Klevanjika, Blanc de Champagne, Blanc de Cramant, Breisgauer Suessling, Breisgauer Sussling, Burgundi Feher, Chablis, Chardenai, Chardenay, Chardenet, Chardennet, Chardonay, Chardonnet, Chatenait, Chatey Petit, Chatte, Chaudenay, Chaudenet, Chaudent, Clävner, Clevner Weiss, Cravner, Epinette, Epinette blanc, Epinette blanche, Epinette de Champagne, Ericey blanc, Feher Chardonnay, Feherburgundi, Feinburgunder, Gamay blanc, Gelber Weissburgunder, Gentil blanc, Grosse Bourgogne, Klawner, Klevanjka Biela, Klevner, Lisant, Luisant, Luizannais, Luizant, Luzannois, Maconnais, Maurillon blanc, Melon blanc, Melon D'Arbois, Meroué,[5] Moreau blanc, Morillon blanc, Moulon, Noirien blanc, Obaideh, Petit Chatey, Petit Sainte-Marie, Petite Sainte Marie, Pineau blanc, Pino Sardone, Pino Shardone, Pinot Blanc à Cramant, Pinot Blanc Chardonnay, Pinot Chardonnay, Pinot de Bourgogne, Pinot Giallo, Pinot Planc, Plant de Tonnerre, Romere, Romeret, Rouci Bile, Rousseau, Roussot, Ruländer Weiß, Sainte Marie Petite, Sardone, Shardone, Shardonne, Später Weiß Burgunder, Weiß Burgunder (normally refers to Pinot blanc), Weiß Clevner, Weiß Edler, Weiß Elder, Weiß Klewner, Weiß Silber, Weißedler, Weißer Clevner, Weißer Rulander.",France,Domaine Jomain Bourgogne Côte d’Or Blanc 2020/21,Chardonnay,France,White,Ripe & Rounded
Chardonnay,"Arboisier, Arnaison blanc, Arnoison, Aubain, Aubaine, Auvergnat blanc, Auvernas, Auvernas blanc, Auvernat blanc, Auxeras, Auxerras blanc, Auxerrois blanc, Auxois, Auxois blanc, Bargeois blanc, Beaunois, Biela Klevanjika, Blanc de Champagne, Blanc de Cramant, Breisgauer Suessling, Breisgauer Sussling, Burgundi Feher, Chablis, Chardenai, Chardenay, Chardenet, Chardennet, Chardonay, Chardonnet, Chatenait, Chatey Petit, Chatte, Chaudenay, Chaudenet, Chaudent, Clävner, Clevner Weiss, Cravner, Epinette, Epinette blanc, Epinette blanche, Epinette de Champagne, Ericey blanc, Feher Chardonnay, Feherburgundi, Feinburgunder, Gamay blanc, Gelber Weissburgunder, Gentil blanc, Grosse Bourgogne, Klawner, Klevanjka Biela, Klevner, Lisant, Luisant, Luizannais, Luizant, Luzannois, Maconnais, Maurillon blanc, Melon blanc, Melon D'Arbois, Meroué,[5] Moreau blanc, Morillon blanc, Moulon, Noirien blanc, Obaideh, Petit Chatey, Petit Sainte-Marie, Petite Sainte Marie, Pineau blanc, Pino Sardone, Pino Shardone, Pinot Blanc à Cramant, Pinot Blanc Chardonnay, Pinot Chardonnay, Pinot de Bourgogne, Pinot Giallo, Pinot Planc, Plant de Tonnerre, Romere, Romeret, Rouci Bile, Rousseau, Roussot, Ruländer Weiß, Sainte Marie Petite, Sardone, Shardone, Shardonne, Später Weiß Burgunder, Weiß Burgunder (normally refers to Pinot blanc), Weiß Clevner, Weiß Edler, Weiß Elder, Weiß Klewner, Weiß Silber, Weißedler, Weißer Clevner, Weißer Rulander.",France,Bouvet Ladubay 'Saphir' Saumur Brut 2020/21,Chardonnay,France,White,Crisp & Fruity
Chardonnay,"Arboisier, Arnaison blanc, Arnoison, Aubain, Aubaine, Auvergnat blanc, Auvernas, Auvernas blanc, Auvernat blanc, Auxeras, Auxerras blanc, Auxerrois blanc, Auxois, Auxois blanc, Bargeois blanc, Beaunois, Biela Klevanjika, Blanc de Champagne, Blanc de Cramant, Breisgauer Suessling, Breisgauer Sussling, Burgundi Feher, Chablis, Chardenai, Chardenay, Chardenet, Chardennet, Chardonay, Chardonnet, Chatenait, Chatey Petit, Chatte, Chaudenay, Chaudenet, Chaudent, Clävner, Clevner Weiss, Cravner, Epinette, Epinette blanc, Epinette blanche, Epinette de Champagne, Ericey blanc, Feher Chardonnay, Feherburgundi, Feinburgunder, Gamay blanc, Gelber Weissburgunder, Gentil blanc, Grosse Bourgogne, Klawner, Klevanjka Biela, Klevner, Lisant, Luisant, Luizannais, Luizant, Luzannois, Maconnais, Maurillon blanc, Melon blanc, Melon D'Arbois, Meroué,[5] Moreau blanc, Morillon blanc, Moulon, Noirien blanc, Obaideh, Petit Chatey, Petit Sainte-Marie, Petite Sainte Marie, Pineau blanc, Pino Sardone, Pino Shardone, Pinot Blanc à Cramant, Pinot Blanc Chardonnay, Pinot Chardonnay, Pinot de Bourgogne, Pinot Giallo, Pinot Planc, Plant de Tonnerre, Romere, Romeret, Rouci Bile, Rousseau, Roussot, Ruländer Weiß, Sainte Marie Petite, Sardone, Shardone, Shardonne, Später Weiß Burgunder, Weiß Burgunder (normally refers to Pinot blanc), Weiß Clevner, Weiß Edler, Weiß Elder, Weiß Klewner, Weiß Silber, Weißedler, Weißer Clevner, Weißer Rulander.",France,"Gabb Family Vineyards Chardonnay 2020/21, South Africa",Chardonnay,South Africa,White,Ripe & Rounded
Chardonnay,"Arboisier, Arnaison blanc, Arnoison, Aubain, Aubaine, Auvergnat blanc, Auvernas, Auvernas blanc, Auvernat blanc, Auxeras, Auxerras blanc, Auxerrois blanc, Auxois, Auxois blanc, Bargeois blanc, Beaunois, Biela Klevanjika, Blanc de Champagne, Blanc de Cramant, Breisgauer Suessling, Breisgauer Sussling, Burgundi Feher, Chablis, Chardenai, Chardenay, Chardenet, Chardennet, Chardonay, Chardonnet, Chatenait, Chatey Petit, Chatte, Chaudenay, Chaudenet, Chaudent, Clävner, Clevner Weiss, Cravner, Epinette, Epinette blanc, Epinette blanche, Epinette de Champagne, Ericey blanc, Feher Chardonnay, Feherburgundi, Feinburgunder, Gamay blanc, Gelber Weissburgunder, Gentil blanc, Grosse Bourgogne, Klawner, Klevanjka Biela, Klevner, Lisant, Luisant, Luizannais, Luizant, Luzannois, Maconnais, Maurillon blanc, Melon blanc, Melon D'Arbois, Meroué,[5] Moreau blanc, Morillon blanc, Moulon, Noirien blanc, Obaideh, Petit Chatey, Petit Sainte-Marie, Petite Sainte Marie, Pineau blanc, Pino Sardone, Pino Shardone, Pinot Blanc à Cramant, Pinot Blanc Chardonnay, Pinot Chardonnay, Pinot de Bourgogne, Pinot Giallo, Pinot Planc, Plant de Tonnerre, Romere, Romeret, Rouci Bile, Rousseau, Roussot, Ruländer Weiß, Sainte Marie Petite, Sardone, Shardone, Shardonne, Später Weiß Burgunder, Weiß Burgunder (normally refers to Pinot blanc), Weiß Clevner, Weiß Edler, Weiß Elder, Weiß Klewner, Weiß Silber, Weißedler, Weißer Clevner, Weißer Rulander.",France,"Nyetimber Brut Rosé, Sussex",Chardonnay,England,Rosé,Crisp & Fruity
Chardonnay,"Arboisier, Arnaison blanc, Arnoison, Aubain, Aubaine, Auvergnat blanc, Auvernas, Auvernas blanc, Auvernat blanc, Auxeras, Auxerras blanc, Auxerrois blanc, Auxois, Auxois blanc, Bargeois blanc, Beaunois, Biela Klevanjika, Blanc de Champagne, Blanc de Cramant, Breisgauer Suessling, Breisgauer Sussling, Burgundi Feher, Chablis, Chardenai, Chardenay, Chardenet, Chardennet, Chardonay, Chardonnet, Chatenait, Chatey Petit, Chatte, Chaudenay, Chaudenet, Chaudent, Clävner, Clevner Weiss, Cravner, Epinette, Epinette blanc, Epinette blanche, Epinette de Champagne, Ericey blanc, Feher Chardonnay, Feherburgundi, Feinburgunder, Gamay blanc, Gelber Weissburgunder, Gentil blanc, Grosse Bourgogne, Klawner, Klevanjka Biela, Klevner, Lisant, Luisant, Luizannais, Luizant, Luzannois, Maconnais, Maurillon blanc, Melon blanc, Melon D'Arbois, Meroué,[5] Moreau blanc, Morillon blanc, Moulon, Noirien blanc, Obaideh, Petit Chatey, Petit Sainte-Marie, Petite Sainte Marie, Pineau blanc, Pino Sardone, Pino Shardone, Pinot Blanc à Cramant, Pinot Blanc Chardonnay, Pinot Chardonnay, Pinot de Bourgogne, Pinot Giallo, Pinot Planc, Plant de Tonnerre, Romere, Romeret, Rouci Bile, Rousseau, Roussot, Ruländer Weiß, Sainte Marie Petite, Sardone, Shardone, Shardonne, Später Weiß Burgunder, Weiß Burgunder (normally refers to Pinot blanc), Weiß Clevner, Weiß Edler, Weiß Elder, Weiß Klewner, Weiß Silber, Weißedler, Weißer Clevner, Weißer Rulander.",France,"Smith & Wright Chardonnay 2020/21, Australia",Chardonnay,Australia,White,Ripe & Rounded
Chardonnay,"Arboisier, Arnaison blanc, Arnoison, Aubain, Aubaine, Auvergnat blanc, Auvernas, Auvernas blanc, Auvernat blanc, Auxeras, Auxerras blanc, Auxerrois blanc, Auxois, Auxois blanc, Bargeois blanc, Beaunois, Biela Klevanjika, Blanc de Champagne, Blanc de Cramant, Breisgauer Suessling, Breisgauer Sussling, Burgundi Feher, Chablis, Chardenai, Chardenay, Chardenet, Chardennet, Chardonay, Chardonnet, Chatenait, Chatey Petit, Chatte, Chaudenay, Chaudenet, Chaudent, Clävner, Clevner Weiss, Cravner, Epinette, Epinette blanc, Epinette blanche, Epinette de Champagne, Ericey blanc, Feher Chardonnay, Feherburgundi, Feinburgunder, Gamay blanc, Gelber Weissburgunder, Gentil blanc, Grosse Bourgogne, Klawner, Klevanjka Biela, Klevner, Lisant, Luisant, Luizannais, Luizant, Luzannois, Maconnais, Maurillon blanc, Melon blanc, Melon D'Arbois, Meroué,[5] Moreau blanc, Morillon blanc, Moulon, Noirien blanc, Obaideh, Petit Chatey, Petit Sainte-Marie, Petite Sainte Marie, Pineau blanc, Pino Sardone, Pino Shardone, Pinot Blanc à Cramant, Pinot Blanc Chardonnay, Pinot Chardonnay, Pinot de Bourgogne, Pinot Giallo, Pinot Planc, Plant de Tonnerre, Romere, Romeret, Rouci Bile, Rousseau, Roussot, Ruländer Weiß, Sainte Marie Petite, Sardone, Shardone, Shardonne, Später Weiß Burgunder, Weiß Burgunder (normally refers to Pinot blanc), Weiß Clevner, Weiß Edler, Weiß Elder, Weiß Klewner, Weiß Silber, Weißedler, Weißer Clevner, Weißer Rulander.",France,Domaine L. Chatelain Chablis 2021/22,Chardonnay,France,White,Fresh & Elegant
Chardonnay,"Arboisier, Arnaison blanc, Arnoison, Aubain, Aubaine, Auvergnat blanc, Auvernas, Auvernas blanc, Auvernat blanc, Auxeras, Auxerras blanc, Auxerrois blanc, Auxois, Auxois blanc, Bargeois blanc, Beaunois, Biela Klevanjika, Blanc de Champagne, Blanc de Cramant, Breisgauer Suessling, Breisgauer Sussling, Burgundi Feher, Chablis, Chardenai, Chardenay, Chardenet, Chardennet, Chardonay, Chardonnet, Chatenait, Chatey Petit, Chatte, Chaudenay, Chaudenet, Chaudent, Clävner, Clevner Weiss, Cravner, Epinette, Epinette blanc, Epinette blanche, Epinette de Champagne, Ericey blanc, Feher Chardonnay, Feherburgundi, Feinburgunder, Gamay blanc, Gelber Weissburgunder, Gentil blanc, Grosse Bourgogne, Klawner, Klevanjka Biela, Klevner, Lisant, Luisant, Luizannais, Luizant, Luzannois, Maconnais, Maurillon blanc, Melon blanc, Melon D'Arbois, Meroué,[5] Moreau blanc, Morillon blanc, Moulon, Noirien blanc, Obaideh, Petit Chatey, Petit Sainte-Marie, Petite Sainte Marie, Pineau blanc, Pino Sardone, Pino Shardone, Pinot Blanc à Cramant, Pinot Blanc Chardonnay, Pinot Chardonnay, Pinot de Bourgogne, Pinot Giallo, Pinot Planc, Plant de Tonnerre, Romere, Romeret, Rouci Bile, Rousseau, Roussot, Ruländer Weiß, Sainte Marie Petite, Sardone, Shardone, Shardonne, Später Weiß Burgunder, Weiß Burgunder (normally refers to Pinot blanc), Weiß Clevner, Weiß Edler, Weiß Elder, Weiß Klewner, Weiß Silber, Weißedler, Weißer Clevner, Weißer Rulander.",France,Moillard-Thomas Chablis Premier Cru 2022,Chardonnay,France,White,Fresh & Elegant
Chardonnay,"Arboisier, Arnaison blanc, Arnoison, Aubain, Aubaine, Auvergnat blanc, Auvernas, Auvernas blanc, Auvernat blanc, Auxeras, Auxerras blanc, Auxerrois blanc, Auxois, Auxois blanc, Bargeois blanc, Beaunois, Biela Klevanjika, Blanc de Champagne, Blanc de Cramant, Breisgauer Suessling, Breisgauer Sussling, Burgundi Feher, Chablis, Chardenai, Chardenay, Chardenet, Chardennet, Chardonay, Chardonnet, Chatenait, Chatey Petit, Chatte, Chaudenay, Chaudenet, Chaudent, Clävner, Clevner Weiss, Cravner, Epinette, Epinette blanc, Epinette blanche, Epinette de Champagne, Ericey blanc, Feher Chardonnay, Feherburgundi, Feinburgunder, Gamay blanc, Gelber Weissburgunder, Gentil blanc, Grosse Bourgogne, Klawner, Klevanjka Biela, Klevner, Lisant, Luisant, Luizannais, Luizant, Luzannois, Maconnais, Maurillon blanc, Melon blanc, Melon D'Arbois, Meroué,[5] Moreau blanc, Morillon blanc, Moulon, Noirien blanc, Obaideh, Petit Chatey, Petit Sainte-Marie, Petite Sainte Marie, Pineau blanc, Pino Sardone, Pino Shardone, Pinot Blanc à Cramant, Pinot Blanc Chardonnay, Pinot Chardonnay, Pinot de Bourgogne, Pinot Giallo, Pinot Planc, Plant de Tonnerre, Romere, Romeret, Rouci Bile, Rousseau, Roussot, Ruländer Weiß, Sainte Marie Petite, Sardone, Shardone, Shardonne, Später Weiß Burgunder, Weiß Burgunder (normally refers to Pinot blanc), Weiß Clevner, Weiß Edler, Weiß Elder, Weiß Klewner, Weiß Silber, Weißedler, Weißer Clevner, Weißer Rulander.",France,"Nyetimber 'Cuvée Chérie' Demi-Sec, Sussex",Chardonnay,England,White,Crisp & Fruity
Chardonnay,"Arboisier, Arnaison blanc, Arnoison, Aubain, Aubaine, Auvergnat blanc, Auvernas, Auvernas blanc, Auvernat blanc, Auxeras, Auxerras blanc, Auxerrois blanc, Auxois, Auxois blanc, Bargeois blanc, Beaunois, Biela Klevanjika, Blanc de Champagne, Blanc de Cramant, Breisgauer Suessling, Breisgauer Sussling, Burgundi Feher, Chablis, Chardenai, Chardenay, Chardenet, Chardennet, Chardonay, Chardonnet, Chatenait, Chatey Petit, Chatte, Chaudenay, Chaudenet, Chaudent, Clävner, Clevner Weiss, Cravner, Epinette, Epinette blanc, Epinette blanche, Epinette de Champagne, Ericey blanc, Feher Chardonnay, Feherburgundi, Feinburgunder, Gamay blanc, Gelber Weissburgunder, Gentil blanc, Grosse Bourgogne, Klawner, Klevanjka Biela, Klevner, Lisant, Luisant, Luizannais, Luizant, Luzannois, Maconnais, Maurillon blanc, Melon blanc, Melon D'Arbois, Meroué,[5] Moreau blanc, Morillon blanc, Moulon, Noirien blanc, Obaideh, Petit Chatey, Petit Sainte-Marie, Petite Sainte Marie, Pineau blanc, Pino Sardone, Pino Shardone, Pinot Blanc à Cramant, Pinot Blanc Chardonnay, Pinot Chardonnay, Pinot de Bourgogne, Pinot Giallo, Pinot Planc, Plant de Tonnerre, Romere, Romeret, Rouci Bile, Rousseau, Roussot, Ruländer Weiß, Sainte Marie Petite, Sardone, Shardone, Shardonne, Später Weiß Burgunder, Weiß Burgunder (normally refers to Pinot blanc), Weiß Clevner, Weiß Edler, Weiß Elder, Weiß Klewner, Weiß Silber, Weißedler, Weißer Clevner, Weißer Rulander.",France,Girardin Père et Fils ‘Vieilles Vignes’ Meursault 2017,Chardonnay,France,White,Ripe & Rounded
Chardonnay,"Arboisier, Arnaison blanc, Arnoison, Aubain, Aubaine, Auvergnat blanc, Auvernas, Auvernas blanc, Auvernat blanc, Auxeras, Auxerras blanc, Auxerrois blanc, Auxois, Auxois blanc, Bargeois blanc, Beaunois, Biela Klevanjika, Blanc de Champagne, Blanc de Cramant, Breisgauer Suessling, Breisgauer Sussling, Burgundi Feher, Chablis, Chardenai, Chardenay, Chardenet, Chardennet, Chardonay, Chardonnet, Chatenait, Chatey Petit, Chatte, Chaudenay, Chaudenet, Chaudent, Clävner, Clevner Weiss, Cravner, Epinette, Epinette blanc, Epinette blanche, Epinette de Champagne, Ericey blanc, Feher Chardonnay, Feherburgundi, Feinburgunder, Gamay blanc, Gelber Weissburgunder, Gentil blanc, Grosse Bourgogne, Klawner, Klevanjka Biela, Klevner, Lisant, Luisant, Luizannais, Luizant, Luzannois, Maconnais, Maurillon blanc, Melon blanc, Melon D'Arbois, Meroué,[5] Moreau blanc, Morillon blanc, Moulon, Noirien blanc, Obaideh, Petit Chatey, Petit Sainte-Marie, Petite Sainte Marie, Pineau blanc, Pino Sardone, Pino Shardone, Pinot Blanc à Cramant, Pinot Blanc Chardonnay, Pinot Chardonnay, Pinot de Bourgogne, Pinot Giallo, Pinot Planc, Plant de Tonnerre, Romere, Romeret, Rouci Bile, Rousseau, Roussot, Ruländer Weiß, Sainte Marie Petite, Sardone, Shardone, Shardonne, Später Weiß Burgunder, Weiß Burgunder (normally refers to Pinot blanc), Weiß Clevner, Weiß Edler, Weiß Elder, Weiß Klewner, Weiß Silber, Weißedler, Weißer Clevner, Weißer Rulander.",France,Heidsieck & Co. Monopole 'Gold Top' Champagne 2018,Chardonnay,France,White,Rich & Toasty
Chardonnay,"Arboisier, Arnaison blanc, Arnoison, Aubain, Aubaine, Auvergnat blanc, Auvernas, Auvernas blanc, Auvernat blanc, Auxeras, Auxerras blanc, Auxerrois blanc, Auxois, Auxois blanc, Bargeois blanc, Beaunois, Biela Klevanjika, Blanc de Champagne, Blanc de Cramant, Breisgauer Suessling, Breisgauer Sussling, Burgundi Feher, Chablis, Chardenai, Chardenay, Chardenet, Chardennet, Chardonay, Chardonnet, Chatenait, Chatey Petit, Chatte, Chaudenay, Chaudenet, Chaudent, Clävner, Clevner Weiss, Cravner, Epinette, Epinette blanc, Epinette blanche, Epinette de Champagne, Ericey blanc, Feher Chardonnay, Feherburgundi, Feinburgunder, Gamay blanc, Gelber Weissburgunder, Gentil blanc, Grosse Bourgogne, Klawner, Klevanjka Biela, Klevner, Lisant, Luisant, Luizannais, Luizant, Luzannois, Maconnais, Maurillon blanc, Melon blanc, Melon D'Arbois, Meroué,[5] Moreau blanc, Morillon blanc, Moulon, Noirien blanc, Obaideh, Petit Chatey, Petit Sainte-Marie, Petite Sainte Marie, Pineau blanc, Pino Sardone, Pino Shardone, Pinot Blanc à Cramant, Pinot Blanc Chardonnay, Pinot Chardonnay, Pinot de Bourgogne, Pinot Giallo, Pinot Planc, Plant de Tonnerre, Romere, Romeret, Rouci Bile, Rousseau, Roussot, Ruländer Weiß, Sainte Marie Petite, Sardone, Shardone, Shardonne, Später Weiß Burgunder, Weiß Burgunder (normally refers to Pinot blanc), Weiß Clevner, Weiß Edler, Weiß Elder, Weiß Klewner, Weiß Silber, Weißedler, Weißer Clevner, Weißer Rulander.",France,"Shaw + Smith ‘M3’ Chardonnay 2021/22, Adelaide Hills",Chardonnay,Australia,White,Rich & Toasty
Chardonnay,"Arboisier, Arnaison blanc, Arnoison, Aubain, Aubaine, Auvergnat blanc, Auvernas, Auvernas blanc, Auvernat blanc, Auxeras, Auxerras blanc, Auxerrois blanc, Auxois, Auxois blanc, Bargeois blanc, Beaunois, Biela Klevanjika, Blanc de Champagne, Blanc de Cramant, Breisgauer Suessling, Breisgauer Sussling, Burgundi Feher, Chablis, Chardenai, Chardenay, Chardenet, Chardennet, Chardonay, Chardonnet, Chatenait, Chatey Petit, Chatte, Chaudenay, Chaudenet, Chaudent, Clävner, Clevner Weiss, Cravner, Epinette, Epinette blanc, Epinette blanche, Epinette de Champagne, Ericey blanc, Feher Chardonnay, Feherburgundi, Feinburgunder, Gamay blanc, Gelber Weissburgunder, Gentil blanc, Grosse Bourgogne, Klawner, Klevanjka Biela, Klevner, Lisant, Luisant, Luizannais, Luizant, Luzannois, Maconnais, Maurillon blanc, Melon blanc, Melon D'Arbois, Meroué,[5] Moreau blanc, Morillon blanc, Moulon, Noirien blanc, Obaideh, Petit Chatey, Petit Sainte-Marie, Petite Sainte Marie, Pineau blanc, Pino Sardone, Pino Shardone, Pinot Blanc à Cramant, Pinot Blanc Chardonnay, Pinot Chardonnay, Pinot de Bourgogne, Pinot Giallo, Pinot Planc, Plant de Tonnerre, Romere, Romeret, Rouci Bile, Rousseau, Roussot, Ruländer Weiß, Sainte Marie Petite, Sardone, Shardone, Shardonne, Später Weiß Burgunder, Weiß Burgunder (normally refers to Pinot blanc), Weiß Clevner, Weiß Edler, Weiß Elder, Weiß Klewner, Weiß Silber, Weißedler, Weißer Clevner, Weißer Rulander.",France,Domaine Gérard Thomas Saint-Aubin Blanc 1er Cru 2020/21,Chardonnay,France,White,Rich & Toasty
Chardonnay,"Arboisier, Arnaison blanc, Arnoison, Aubain, Aubaine, Auvergnat blanc, Auvernas, Auvernas blanc, Auvernat blanc, Auxeras, Auxerras blanc, Auxerrois blanc, Auxois, Auxois blanc, Bargeois blanc, Beaunois, Biela Klevanjika, Blanc de Champagne, Blanc de Cramant, Breisgauer Suessling, Breisgauer Sussling, Burgundi Feher, Chablis, Chardenai, Chardenay, Chardenet, Chardennet, Chardonay, Chardonnet, Chatenait, Chatey Petit, Chatte, Chaudenay, Chaudenet, Chaudent, Clävner, Clevner Weiss, Cravner, Epinette, Epinette blanc, Epinette blanche, Epinette de Champagne, Ericey blanc, Feher Chardonnay, Feherburgundi, Feinburgunder, Gamay blanc, Gelber Weissburgunder, Gentil blanc, Grosse Bourgogne, Klawner, Klevanjka Biela, Klevner, Lisant, Luisant, Luizannais, Luizant, Luzannois, Maconnais, Maurillon blanc, Melon blanc, Melon D'Arbois, Meroué,[5] Moreau blanc, Morillon blanc, Moulon, Noirien blanc, Obaideh, Petit Chatey, Petit Sainte-Marie, Petite Sainte Marie, Pineau blanc, Pino Sardone, Pino Shardone, Pinot Blanc à Cramant, Pinot Blanc Chardonnay, Pinot Chardonnay, Pinot de Bourgogne, Pinot Giallo, Pinot Planc, Plant de Tonnerre, Romere, Romeret, Rouci Bile, Rousseau, Roussot, Ruländer Weiß, Sainte Marie Petite, Sardone, Shardone, Shardonne, Später Weiß Burgunder, Weiß Burgunder (normally refers to Pinot blanc), Weiß Clevner, Weiß Edler, Weiß Elder, Weiß Klewner, Weiß Silber, Weißedler, Weißer Clevner, Weißer Rulander.",France,Domaine Trouillet Pouilly-Fuissé 2020/21,Chardonnay,France,White,Ripe & Rounded
Chardonnay,"Arboisier, Arnaison blanc, Arnoison, Aubain, Aubaine, Auvergnat blanc, Auvernas, Auvernas blanc, Auvernat blanc, Auxeras, Auxerras blanc, Auxerrois blanc, Auxois, Auxois blanc, Bargeois blanc, Beaunois, Biela Klevanjika, Blanc de Champagne, Blanc de Cramant, Breisgauer Suessling, Breisgauer Sussling, Burgundi Feher, Chablis, Chardenai, Chardenay, Chardenet, Chardennet, Chardonay, Chardonnet, Chatenait, Chatey Petit, Chatte, Chaudenay, Chaudenet, Chaudent, Clävner, Clevner Weiss, Cravner, Epinette, Epinette blanc, Epinette blanche, Epinette de Champagne, Ericey blanc, Feher Chardonnay, Feherburgundi, Feinburgunder, Gamay blanc, Gelber Weissburgunder, Gentil blanc, Grosse Bourgogne, Klawner, Klevanjka Biela, Klevner, Lisant, Luisant, Luizannais, Luizant, Luzannois, Maconnais, Maurillon blanc, Melon blanc, Melon D'Arbois, Meroué,[5] Moreau blanc, Morillon blanc, Moulon, Noirien blanc, Obaideh, Petit Chatey, Petit Sainte-Marie, Petite Sainte Marie, Pineau blanc, Pino Sardone, Pino Shardone, Pinot Blanc à Cramant, Pinot Blanc Chardonnay, Pinot Chardonnay, Pinot de Bourgogne, Pinot Giallo, Pinot Planc, Plant de Tonnerre, Romere, Romeret, Rouci Bile, Rousseau, Roussot, Ruländer Weiß, Sainte Marie Petite, Sardone, Shardone, Shardonne, Später Weiß Burgunder, Weiß Burgunder (normally refers to Pinot blanc), Weiß Clevner, Weiß Edler, Weiß Elder, Weiß Klewner, Weiß Silber, Weißedler, Weißer Clevner, Weißer Rulander.",France,Devaux 'Oeil de Perdrix' Brut Rosé Champagne,Chardonnay,France,Rosé,Crisp & Fruity
Chardonnay,"Arboisier, Arnaison blanc, Arnoison, Aubain, Aubaine, Auvergnat blanc, Auvernas, Auvernas blanc, Auvernat blanc, Auxeras, Auxerras blanc, Auxerrois blanc, Auxois, Auxois blanc, Bargeois blanc, Beaunois, Biela Klevanjika, Blanc de Champagne, Blanc de Cramant, Breisgauer Suessling, Breisgauer Sussling, Burgundi Feher, Chablis, Chardenai, Chardenay, Chardenet, Chardennet, Chardonay, Chardonnet, Chatenait, Chatey Petit, Chatte, Chaudenay, Chaudenet, Chaudent, Clävner, Clevner Weiss, Cravner, Epinette, Epinette blanc, Epinette blanche, Epinette de Champagne, Ericey blanc, Feher Chardonnay, Feherburgundi, Feinburgunder, Gamay blanc, Gelber Weissburgunder, Gentil blanc, Grosse Bourgogne, Klawner, Klevanjka Biela, Klevner, Lisant, Luisant, Luizannais, Luizant, Luzannois, Maconnais, Maurillon blanc, Melon blanc, Melon D'Arbois, Meroué,[5] Moreau blanc, Morillon blanc, Moulon, Noirien blanc, Obaideh, Petit Chatey, Petit Sainte-Marie, Petite Sainte Marie, Pineau blanc, Pino Sardone, Pino Shardone, Pinot Blanc à Cramant, Pinot Blanc Chardonnay, Pinot Chardonnay, Pinot de Bourgogne, Pinot Giallo, Pinot Planc, Plant de Tonnerre, Romere, Romeret, Rouci Bile, Rousseau, Roussot, Ruländer Weiß, Sainte Marie Petite, Sardone, Shardone, Shardonne, Später Weiß Burgunder, Weiß Burgunder (normally refers to Pinot blanc), Weiß Clevner, Weiß Edler, Weiß Elder, Weiß Klewner, Weiß Silber, Weißedler, Weißer Clevner, Weißer Rulander.",France,Girardin Père et Fils Puligny-Montrachet Vieilles Vignes 2017,Chardonnay,France,White,Rich & Toasty
Chardonnay,"Arboisier, Arnaison blanc, Arnoison, Aubain, Aubaine, Auvergnat blanc, Auvernas, Auvernas blanc, Auvernat blanc, Auxeras, Auxerras blanc, Auxerrois blanc, Auxois, Auxois blanc, Bargeois blanc, Beaunois, Biela Klevanjika, Blanc de Champagne, Blanc de Cramant, Breisgauer Suessling, Breisgauer Sussling, Burgundi Feher, Chablis, Chardenai, Chardenay, Chardenet, Chardennet, Chardonay, Chardonnet, Chatenait, Chatey Petit, Chatte, Chaudenay, Chaudenet, Chaudent, Clävner, Clevner Weiss, Cravner, Epinette, Epinette blanc, Epinette blanche, Epinette de Champagne, Ericey blanc, Feher Chardonnay, Feherburgundi, Feinburgunder, Gamay blanc, Gelber Weissburgunder, Gentil blanc, Grosse Bourgogne, Klawner, Klevanjka Biela, Klevner, Lisant, Luisant, Luizannais, Luizant, Luzannois, Maconnais, Maurillon blanc, Melon blanc, Melon D'Arbois, Meroué,[5] Moreau blanc, Morillon blanc, Moulon, Noirien blanc, Obaideh, Petit Chatey, Petit Sainte-Marie, Petite Sainte Marie, Pineau blanc, Pino Sardone, Pino Shardone, Pinot Blanc à Cramant, Pinot Blanc Chardonnay, Pinot Chardonnay, Pinot de Bourgogne, Pinot Giallo, Pinot Planc, Plant de Tonnerre, Romere, Romeret, Rouci Bile, Rousseau, Roussot, Ruländer Weiß, Sainte Marie Petite, Sardone, Shardone, Shardonne, Später Weiß Burgunder, Weiß Burgunder (normally refers to Pinot blanc), Weiß Clevner, Weiß Edler, Weiß Elder, Weiß Klewner, Weiß Silber, Weißedler, Weißer Clevner, Weißer Rulander.",France,Cave de Lugny 'Les Chenaudières' Bourgogne Chardonnay 2022,Chardonnay,France,White,Ripe & Rounded
Chardonnay,"Arboisier, Arnaison blanc, Arnoison, Aubain, Aubaine, Auvergnat blanc, Auvernas, Auvernas blanc, Auvernat blanc, Auxeras, Auxerras blanc, Auxerrois blanc, Auxois, Auxois blanc, Bargeois blanc, Beaunois, Biela Klevanjika, Blanc de Champagne, Blanc de Cramant, Breisgauer Suessling, Breisgauer Sussling, Burgundi Feher, Chablis, Chardenai, Chardenay, Chardenet, Chardennet, Chardonay, Chardonnet, Chatenait, Chatey Petit, Chatte, Chaudenay, Chaudenet, Chaudent, Clävner, Clevner Weiss, Cravner, Epinette, Epinette blanc, Epinette blanche, Epinette de Champagne, Ericey blanc, Feher Chardonnay, Feherburgundi, Feinburgunder, Gamay blanc, Gelber Weissburgunder, Gentil blanc, Grosse Bourgogne, Klawner, Klevanjka Biela, Klevner, Lisant, Luisant, Luizannais, Luizant, Luzannois, Maconnais, Maurillon blanc, Melon blanc, Melon D'Arbois, Meroué,[5] Moreau blanc, Morillon blanc, Moulon, Noirien blanc, Obaideh, Petit Chatey, Petit Sainte-Marie, Petite Sainte Marie, Pineau blanc, Pino Sardone, Pino Shardone, Pinot Blanc à Cramant, Pinot Blanc Chardonnay, Pinot Chardonnay, Pinot de Bourgogne, Pinot Giallo, Pinot Planc, Plant de Tonnerre, Romere, Romeret, Rouci Bile, Rousseau, Roussot, Ruländer Weiß, Sainte Marie Petite, Sardone, Shardone, Shardonne, Später Weiß Burgunder, Weiß Burgunder (normally refers to Pinot blanc), Weiß Clevner, Weiß Edler, Weiß Elder, Weiß Klewner, Weiß Silber, Weißedler, Weißer Clevner, Weißer Rulander.",France,"Santa Rita ‘Medalla Real’ Chardonnay 2020/21, Limari Valley",Chardonnay,Chile,White,Rich & Toasty
Chardonnay,"Arboisier, Arnaison blanc, Arnoison, Aubain, Aubaine, Auvergnat blanc, Auvernas, Auvernas blanc, Auvernat blanc, Auxeras, Auxerras blanc, Auxerrois blanc, Auxois, Auxois blanc, Bargeois blanc, Beaunois, Biela Klevanjika, Blanc de Champagne, Blanc de Cramant, Breisgauer Suessling, Breisgauer Sussling, Burgundi Feher, Chablis, Chardenai, Chardenay, Chardenet, Chardennet, Chardonay, Chardonnet, Chatenait, Chatey Petit, Chatte, Chaudenay, Chaudenet, Chaudent, Clävner, Clevner Weiss, Cravner, Epinette, Epinette blanc, Epinette blanche, Epinette de Champagne, Ericey blanc, Feher Chardonnay, Feherburgundi, Feinburgunder, Gamay blanc, Gelber Weissburgunder, Gentil blanc, Grosse Bourgogne, Klawner, Klevanjka Biela, Klevner, Lisant, Luisant, Luizannais, Luizant, Luzannois, Maconnais, Maurillon blanc, Melon blanc, Melon D'Arbois, Meroué,[5] Moreau blanc, Morillon blanc, Moulon, Noirien blanc, Obaideh, Petit Chatey, Petit Sainte-Marie, Petite Sainte Marie, Pineau blanc, Pino Sardone, Pino Shardone, Pinot Blanc à Cramant, Pinot Blanc Chardonnay, Pinot Chardonnay, Pinot de Bourgogne, Pinot Giallo, Pinot Planc, Plant de Tonnerre, Romere, Romeret, Rouci Bile, Rousseau, Roussot, Ruländer Weiß, Sainte Marie Petite, Sardone, Shardone, Shardonne, Später Weiß Burgunder, Weiß Burgunder (normally refers to Pinot blanc), Weiß Clevner, Weiß Edler, Weiß Elder, Weiß Klewner, Weiß Silber, Weißedler, Weißer Clevner, Weißer Rulander.",France,Dom Ruinart 2009/10 Champagne,Chardonnay,France,White,Rich & Toasty
Chardonnay,"Arboisier, Arnaison blanc, Arnoison, Aubain, Aubaine, Auvergnat blanc, Auvernas, Auvernas blanc, Auvernat blanc, Auxeras, Auxerras blanc, Auxerrois blanc, Auxois, Auxois blanc, Bargeois blanc, Beaunois, Biela Klevanjika, Blanc de Champagne, Blanc de Cramant, Breisgauer Suessling, Breisgauer Sussling, Burgundi Feher, Chablis, Chardenai, Chardenay, Chardenet, Chardennet, Chardonay, Chardonnet, Chatenait, Chatey Petit, Chatte, Chaudenay, Chaudenet, Chaudent, Clävner, Clevner Weiss, Cravner, Epinette, Epinette blanc, Epinette blanche, Epinette de Champagne, Ericey blanc, Feher Chardonnay, Feherburgundi, Feinburgunder, Gamay blanc, Gelber Weissburgunder, Gentil blanc, Grosse Bourgogne, Klawner, Klevanjka Biela, Klevner, Lisant, Luisant, Luizannais, Luizant, Luzannois, Maconnais, Maurillon blanc, Melon blanc, Melon D'Arbois, Meroué,[5] Moreau blanc, Morillon blanc, Moulon, Noirien blanc, Obaideh, Petit Chatey, Petit Sainte-Marie, Petite Sainte Marie, Pineau blanc, Pino Sardone, Pino Shardone, Pinot Blanc à Cramant, Pinot Blanc Chardonnay, Pinot Chardonnay, Pinot de Bourgogne, Pinot Giallo, Pinot Planc, Plant de Tonnerre, Romere, Romeret, Rouci Bile, Rousseau, Roussot, Ruländer Weiß, Sainte Marie Petite, Sardone, Shardone, Shardonne, Später Weiß Burgunder, Weiß Burgunder (normally refers to Pinot blanc), Weiß Clevner, Weiß Edler, Weiß Elder, Weiß Klewner, Weiß Silber, Weißedler, Weißer Clevner, Weißer Rulander.",France,"Balfour '1503' Rosé, Kent",Chardonnay,England,Rosé,Crisp & Fruity
Chardonnay,"Arboisier, Arnaison blanc, Arnoison, Aubain, Aubaine, Auvergnat blanc, Auvernas, Auvernas blanc, Auvernat blanc, Auxeras, Auxerras blanc, Auxerrois blanc, Auxois, Auxois blanc, Bargeois blanc, Beaunois, Biela Klevanjika, Blanc de Champagne, Blanc de Cramant, Breisgauer Suessling, Breisgauer Sussling, Burgundi Feher, Chablis, Chardenai, Chardenay, Chardenet, Chardennet, Chardonay, Chardonnet, Chatenait, Chatey Petit, Chatte, Chaudenay, Chaudenet, Chaudent, Clävner, Clevner Weiss, Cravner, Epinette, Epinette blanc, Epinette blanche, Epinette de Champagne, Ericey blanc, Feher Chardonnay, Feherburgundi, Feinburgunder, Gamay blanc, Gelber Weissburgunder, Gentil blanc, Grosse Bourgogne, Klawner, Klevanjka Biela, Klevner, Lisant, Luisant, Luizannais, Luizant, Luzannois, Maconnais, Maurillon blanc, Melon blanc, Melon D'Arbois, Meroué,[5] Moreau blanc, Morillon blanc, Moulon, Noirien blanc, Obaideh, Petit Chatey, Petit Sainte-Marie, Petite Sainte Marie, Pineau blanc, Pino Sardone, Pino Shardone, Pinot Blanc à Cramant, Pinot Blanc Chardonnay, Pinot Chardonnay, Pinot de Bourgogne, Pinot Giallo, Pinot Planc, Plant de Tonnerre, Romere, Romeret, Rouci Bile, Rousseau, Roussot, Ruländer Weiß, Sainte Marie Petite, Sardone, Shardone, Shardonne, Später Weiß Burgunder, Weiß Burgunder (normally refers to Pinot blanc), Weiß Clevner, Weiß Edler, Weiß Elder, Weiß Klewner, Weiß Silber, Weißedler, Weißer Clevner, Weißer Rulander.",France,Cave de Lugny 'Les Pierres Blanches' Mâcon-Villages 2021/22,Chardonnay,France,White,Ripe & Rounded
Chardonnay,"Arboisier, Arnaison blanc, Arnoison, Aubain, Aubaine, Auvergnat blanc, Auvernas, Auvernas blanc, Auvernat blanc, Auxeras, Auxerras blanc, Auxerrois blanc, Auxois, Auxois blanc, Bargeois blanc, Beaunois, Biela Klevanjika, Blanc de Champagne, Blanc de Cramant, Breisgauer Suessling, Breisgauer Sussling, Burgundi Feher, Chablis, Chardenai, Chardenay, Chardenet, Chardennet, Chardonay, Chardonnet, Chatenait, Chatey Petit, Chatte, Chaudenay, Chaudenet, Chaudent, Clävner, Clevner Weiss, Cravner, Epinette, Epinette blanc, Epinette blanche, Epinette de Champagne, Ericey blanc, Feher Chardonnay, Feherburgundi, Feinburgunder, Gamay blanc, Gelber Weissburgunder, Gentil blanc, Grosse Bourgogne, Klawner, Klevanjka Biela, Klevner, Lisant, Luisant, Luizannais, Luizant, Luzannois, Maconnais, Maurillon blanc, Melon blanc, Melon D'Arbois, Meroué,[5] Moreau blanc, Morillon blanc, Moulon, Noirien blanc, Obaideh, Petit Chatey, Petit Sainte-Marie, Petite Sainte Marie, Pineau blanc, Pino Sardone, Pino Shardone, Pinot Blanc à Cramant, Pinot Blanc Chardonnay, Pinot Chardonnay, Pinot de Bourgogne, Pinot Giallo, Pinot Planc, Plant de Tonnerre, Romere, Romeret, Rouci Bile, Rousseau, Roussot, Ruländer Weiß, Sainte Marie Petite, Sardone, Shardone, Shardonne, Später Weiß Burgunder, Weiß Burgunder (normally refers to Pinot blanc), Weiß Clevner, Weiß Edler, Weiß Elder, Weiß Klewner, Weiß Silber, Weißedler, Weißer Clevner, Weißer Rulander.",France,"Hamilton Russell Vineyards Chardonnay 2020/21, Hemel-en-Aarde",Chardonnay,South Africa,White,Rich & Toasty
Chardonnay,"Arboisier, Arnaison blanc, Arnoison, Aubain, Aubaine, Auvergnat blanc, Auvernas, Auvernas blanc, Auvernat blanc, Auxeras, Auxerras blanc, Auxerrois blanc, Auxois, Auxois blanc, Bargeois blanc, Beaunois, Biela Klevanjika, Blanc de Champagne, Blanc de Cramant, Breisgauer Suessling, Breisgauer Sussling, Burgundi Feher, Chablis, Chardenai, Chardenay, Chardenet, Chardennet, Chardonay, Chardonnet, Chatenait, Chatey Petit, Chatte, Chaudenay, Chaudenet, Chaudent, Clävner, Clevner Weiss, Cravner, Epinette, Epinette blanc, Epinette blanche, Epinette de Champagne, Ericey blanc, Feher Chardonnay, Feherburgundi, Feinburgunder, Gamay blanc, Gelber Weissburgunder, Gentil blanc, Grosse Bourgogne, Klawner, Klevanjka Biela, Klevner, Lisant, Luisant, Luizannais, Luizant, Luzannois, Maconnais, Maurillon blanc, Melon blanc, Melon D'Arbois, Meroué,[5] Moreau blanc, Morillon blanc, Moulon, Noirien blanc, Obaideh, Petit Chatey, Petit Sainte-Marie, Petite Sainte Marie, Pineau blanc, Pino Sardone, Pino Shardone, Pinot Blanc à Cramant, Pinot Blanc Chardonnay, Pinot Chardonnay, Pinot de Bourgogne, Pinot Giallo, Pinot Planc, Plant de Tonnerre, Romere, Romeret, Rouci Bile, Rousseau, Roussot, Ruländer Weiß, Sainte Marie Petite, Sardone, Shardone, Shardonne, Später Weiß Burgunder, Weiß Burgunder (normally refers to Pinot blanc), Weiß Clevner, Weiß Edler, Weiß Elder, Weiß Klewner, Weiß Silber, Weißedler, Weißer Clevner, Weißer Rulander.",France,Laurent-Perrier 'La Cuvée' Brut Champagne,Chardonnay,France,White,Crisp & Fruity
Chardonnay,"Arboisier, Arnaison blanc, Arnoison, Aubain, Aubaine, Auvergnat blanc, Auvernas, Auvernas blanc, Auvernat blanc, Auxeras, Auxerras blanc, Auxerrois blanc, Auxois, Auxois blanc, Bargeois blanc, Beaunois, Biela Klevanjika, Blanc de Champagne, Blanc de Cramant, Breisgauer Suessling, Breisgauer Sussling, Burgundi Feher, Chablis, Chardenai, Chardenay, Chardenet, Chardennet, Chardonay, Chardonnet, Chatenait, Chatey Petit, Chatte, Chaudenay, Chaudenet, Chaudent, Clävner, Clevner Weiss, Cravner, Epinette, Epinette blanc, Epinette blanche, Epinette de Champagne, Ericey blanc, Feher Chardonnay, Feherburgundi, Feinburgunder, Gamay blanc, Gelber Weissburgunder, Gentil blanc, Grosse Bourgogne, Klawner, Klevanjka Biela, Klevner, Lisant, Luisant, Luizannais, Luizant, Luzannois, Maconnais, Maurillon blanc, Melon blanc, Melon D'Arbois, Meroué,[5] Moreau blanc, Morillon blanc, Moulon, Noirien blanc, Obaideh, Petit Chatey, Petit Sainte-Marie, Petite Sainte Marie, Pineau blanc, Pino Sardone, Pino Shardone, Pinot Blanc à Cramant, Pinot Blanc Chardonnay, Pinot Chardonnay, Pinot de Bourgogne, Pinot Giallo, Pinot Planc, Plant de Tonnerre, Romere, Romeret, Rouci Bile, Rousseau, Roussot, Ruländer Weiß, Sainte Marie Petite, Sardone, Shardone, Shardonne, Später Weiß Burgunder, Weiß Burgunder (normally refers to Pinot blanc), Weiß Clevner, Weiß Edler, Weiß Elder, Weiß Klewner, Weiß Silber, Weißedler, Weißer Clevner, Weißer Rulander.",France,Pol Roger 'Sir Winston Churchill' 2013/15 Vintage Champagne,Chardonnay,France,White,Rich & Toasty
Chardonnay,"Arboisier, Arnaison blanc, Arnoison, Aubain, Aubaine, Auvergnat blanc, Auvernas, Auvernas blanc, Auvernat blanc, Auxeras, Auxerras blanc, Auxerrois blanc, Auxois, Auxois blanc, Bargeois blanc, Beaunois, Biela Klevanjika, Blanc de Champagne, Blanc de Cramant, Breisgauer Suessling, Breisgauer Sussling, Burgundi Feher, Chablis, Chardenai, Chardenay, Chardenet, Chardennet, Chardonay, Chardonnet, Chatenait, Chatey Petit, Chatte, Chaudenay, Chaudenet, Chaudent, Clävner, Clevner Weiss, Cravner, Epinette, Epinette blanc, Epinette blanche, Epinette de Champagne, Ericey blanc, Feher Chardonnay, Feherburgundi, Feinburgunder, Gamay blanc, Gelber Weissburgunder, Gentil blanc, Grosse Bourgogne, Klawner, Klevanjka Biela, Klevner, Lisant, Luisant, Luizannais, Luizant, Luzannois, Maconnais, Maurillon blanc, Melon blanc, Melon D'Arbois, Meroué,[5] Moreau blanc, Morillon blanc, Moulon, Noirien blanc, Obaideh, Petit Chatey, Petit Sainte-Marie, Petite Sainte Marie, Pineau blanc, Pino Sardone, Pino Shardone, Pinot Blanc à Cramant, Pinot Blanc Chardonnay, Pinot Chardonnay, Pinot de Bourgogne, Pinot Giallo, Pinot Planc, Plant de Tonnerre, Romere, Romeret, Rouci Bile, Rousseau, Roussot, Ruländer Weiß, Sainte Marie Petite, Sardone, Shardone, Shardonne, Später Weiß Burgunder, Weiß Burgunder (normally refers to Pinot blanc), Weiß Clevner, Weiß Edler, Weiß Elder, Weiß Klewner, Weiß Silber, Weißedler, Weißer Clevner, Weißer Rulander.",France,"Cloudy Bay Chardonnay 2020/21, Marlborough",Chardonnay,New Zealand,White,Rich & Toasty
Chardonnay,"Arboisier, Arnaison blanc, Arnoison, Aubain, Aubaine, Auvergnat blanc, Auvernas, Auvernas blanc, Auvernat blanc, Auxeras, Auxerras blanc, Auxerrois blanc, Auxois, Auxois blanc, Bargeois blanc, Beaunois, Biela Klevanjika, Blanc de Champagne, Blanc de Cramant, Breisgauer Suessling, Breisgauer Sussling, Burgundi Feher, Chablis, Chardenai, Chardenay, Chardenet, Chardennet, Chardonay, Chardonnet, Chatenait, Chatey Petit, Chatte, Chaudenay, Chaudenet, Chaudent, Clävner, Clevner Weiss, Cravner, Epinette, Epinette blanc, Epinette blanche, Epinette de Champagne, Ericey blanc, Feher Chardonnay, Feherburgundi, Feinburgunder, Gamay blanc, Gelber Weissburgunder, Gentil blanc, Grosse Bourgogne, Klawner, Klevanjka Biela, Klevner, Lisant, Luisant, Luizannais, Luizant, Luzannois, Maconnais, Maurillon blanc, Melon blanc, Melon D'Arbois, Meroué,[5] Moreau blanc, Morillon blanc, Moulon, Noirien blanc, Obaideh, Petit Chatey, Petit Sainte-Marie, Petite Sainte Marie, Pineau blanc, Pino Sardone, Pino Shardone, Pinot Blanc à Cramant, Pinot Blanc Chardonnay, Pinot Chardonnay, Pinot de Bourgogne, Pinot Giallo, Pinot Planc, Plant de Tonnerre, Romere, Romeret, Rouci Bile, Rousseau, Roussot, Ruländer Weiß, Sainte Marie Petite, Sardone, Shardone, Shardonne, Später Weiß Burgunder, Weiß Burgunder (normally refers to Pinot blanc), Weiß Clevner, Weiß Edler, Weiß Elder, Weiß Klewner, Weiß Silber, Weißedler, Weißer Clevner, Weißer Rulander.",France,"Louis Pommery Brut England, Hampshire",Chardonnay,England,White,Crisp & Fruity
Chardonnay,"Arboisier, Arnaison blanc, Arnoison, Aubain, Aubaine, Auvergnat blanc, Auvernas, Auvernas blanc, Auvernat blanc, Auxeras, Auxerras blanc, Auxerrois blanc, Auxois, Auxois blanc, Bargeois blanc, Beaunois, Biela Klevanjika, Blanc de Champagne, Blanc de Cramant, Breisgauer Suessling, Breisgauer Sussling, Burgundi Feher, Chablis, Chardenai, Chardenay, Chardenet, Chardennet, Chardonay, Chardonnet, Chatenait, Chatey Petit, Chatte, Chaudenay, Chaudenet, Chaudent, Clävner, Clevner Weiss, Cravner, Epinette, Epinette blanc, Epinette blanche, Epinette de Champagne, Ericey blanc, Feher Chardonnay, Feherburgundi, Feinburgunder, Gamay blanc, Gelber Weissburgunder, Gentil blanc, Grosse Bourgogne, Klawner, Klevanjka Biela, Klevner, Lisant, Luisant, Luizannais, Luizant, Luzannois, Maconnais, Maurillon blanc, Melon blanc, Melon D'Arbois, Meroué,[5] Moreau blanc, Morillon blanc, Moulon, Noirien blanc, Obaideh, Petit Chatey, Petit Sainte-Marie, Petite Sainte Marie, Pineau blanc, Pino Sardone, Pino Shardone, Pinot Blanc à Cramant, Pinot Blanc Chardonnay, Pinot Chardonnay, Pinot de Bourgogne, Pinot Giallo, Pinot Planc, Plant de Tonnerre, Romere, Romeret, Rouci Bile, Rousseau, Roussot, Ruländer Weiß, Sainte Marie Petite, Sardone, Shardone, Shardonne, Später Weiß Burgunder, Weiß Burgunder (normally refers to Pinot blanc), Weiß Clevner, Weiß Edler, Weiß Elder, Weiß Klewner, Weiß Silber, Weißedler, Weißer Clevner, Weißer Rulander.",France,"Graham Beck Brut Rosé, South Africa",Chardonnay,South Africa,Rosé,Crisp & Fruity
Chardonnay,"Arboisier, Arnaison blanc, Arnoison, Aubain, Aubaine, Auvergnat blanc, Auvernas, Auvernas blanc, Auvernat blanc, Auxeras, Auxerras blanc, Auxerrois blanc, Auxois, Auxois blanc, Bargeois blanc, Beaunois, Biela Klevanjika, Blanc de Champagne, Blanc de Cramant, Breisgauer Suessling, Breisgauer Sussling, Burgundi Feher, Chablis, Chardenai, Chardenay, Chardenet, Chardennet, Chardonay, Chardonnet, Chatenait, Chatey Petit, Chatte, Chaudenay, Chaudenet, Chaudent, Clävner, Clevner Weiss, Cravner, Epinette, Epinette blanc, Epinette blanche, Epinette de Champagne, Ericey blanc, Feher Chardonnay, Feherburgundi, Feinburgunder, Gamay blanc, Gelber Weissburgunder, Gentil blanc, Grosse Bourgogne, Klawner, Klevanjka Biela, Klevner, Lisant, Luisant, Luizannais, Luizant, Luzannois, Maconnais, Maurillon blanc, Melon blanc, Melon D'Arbois, Meroué,[5] Moreau blanc, Morillon blanc, Moulon, Noirien blanc, Obaideh, Petit Chatey, Petit Sainte-Marie, Petite Sainte Marie, Pineau blanc, Pino Sardone, Pino Shardone, Pinot Blanc à Cramant, Pinot Blanc Chardonnay, Pinot Chardonnay, Pinot de Bourgogne, Pinot Giallo, Pinot Planc, Plant de Tonnerre, Romere, Romeret, Rouci Bile, Rousseau, Roussot, Ruländer Weiß, Sainte Marie Petite, Sardone, Shardone, Shardonne, Später Weiß Burgunder, Weiß Burgunder (normally refers to Pinot blanc), Weiß Clevner, Weiß Edler, Weiß Elder, Weiß Klewner, Weiß Silber, Weißedler, Weißer Clevner, Weißer Rulander.",France,Laurent-Perrier La Cuvée Champagne Magnum,Chardonnay,France,White,Crisp & Fruity
Chardonnay,"Arboisier, Arnaison blanc, Arnoison, Aubain, Aubaine, Auvergnat blanc, Auvernas, Auvernas blanc, Auvernat blanc, Auxeras, Auxerras blanc, Auxerrois blanc, Auxois, Auxois blanc, Bargeois blanc, Beaunois, Biela Klevanjika, Blanc de Champagne, Blanc de Cramant, Breisgauer Suessling, Breisgauer Sussling, Burgundi Feher, Chablis, Chardenai, Chardenay, Chardenet, Chardennet, Chardonay, Chardonnet, Chatenait, Chatey Petit, Chatte, Chaudenay, Chaudenet, Chaudent, Clävner, Clevner Weiss, Cravner, Epinette, Epinette blanc, Epinette blanche, Epinette de Champagne, Ericey blanc, Feher Chardonnay, Feherburgundi, Feinburgunder, Gamay blanc, Gelber Weissburgunder, Gentil blanc, Grosse Bourgogne, Klawner, Klevanjka Biela, Klevner, Lisant, Luisant, Luizannais, Luizant, Luzannois, Maconnais, Maurillon blanc, Melon blanc, Melon D'Arbois, Meroué,[5] Moreau blanc, Morillon blanc, Moulon, Noirien blanc, Obaideh, Petit Chatey, Petit Sainte-Marie, Petite Sainte Marie, Pineau blanc, Pino Sardone, Pino Shardone, Pinot Blanc à Cramant, Pinot Blanc Chardonnay, Pinot Chardonnay, Pinot de Bourgogne, Pinot Giallo, Pinot Planc, Plant de Tonnerre, Romere, Romeret, Rouci Bile, Rousseau, Roussot, Ruländer Weiß, Sainte Marie Petite, Sardone, Shardone, Shardonne, Später Weiß Burgunder, Weiß Burgunder (normally refers to Pinot blanc), Weiß Clevner, Weiß Edler, Weiß Elder, Weiß Klewner, Weiß Silber, Weißedler, Weißer Clevner, Weißer Rulander.",France,Taittinger Brut Réserve Champagne,Chardonnay,France,White,Crisp & Fruity
Chardonnay,"Arboisier, Arnaison blanc, Arnoison, Aubain, Aubaine, Auvergnat blanc, Auvernas, Auvernas blanc, Auvernat blanc, Auxeras, Auxerras blanc, Auxerrois blanc, Auxois, Auxois blanc, Bargeois blanc, Beaunois, Biela Klevanjika, Blanc de Champagne, Blanc de Cramant, Breisgauer Suessling, Breisgauer Sussling, Burgundi Feher, Chablis, Chardenai, Chardenay, Chardenet, Chardennet, Chardonay, Chardonnet, Chatenait, Chatey Petit, Chatte, Chaudenay, Chaudenet, Chaudent, Clävner, Clevner Weiss, Cravner, Epinette, Epinette blanc, Epinette blanche, Epinette de Champagne, Ericey blanc, Feher Chardonnay, Feherburgundi, Feinburgunder, Gamay blanc, Gelber Weissburgunder, Gentil blanc, Grosse Bourgogne, Klawner, Klevanjka Biela, Klevner, Lisant, Luisant, Luizannais, Luizant, Luzannois, Maconnais, Maurillon blanc, Melon blanc, Melon D'Arbois, Meroué,[5] Moreau blanc, Morillon blanc, Moulon, Noirien blanc, Obaideh, Petit Chatey, Petit Sainte-Marie, Petite Sainte Marie, Pineau blanc, Pino Sardone, Pino Shardone, Pinot Blanc à Cramant, Pinot Blanc Chardonnay, Pinot Chardonnay, Pinot de Bourgogne, Pinot Giallo, Pinot Planc, Plant de Tonnerre, Romere, Romeret, Rouci Bile, Rousseau, Roussot, Ruländer Weiß, Sainte Marie Petite, Sardone, Shardone, Shardonne, Später Weiß Burgunder, Weiß Burgunder (normally refers to Pinot blanc), Weiß Clevner, Weiß Edler, Weiß Elder, Weiß Klewner, Weiß Silber, Weißedler, Weißer Clevner, Weißer Rulander.",France,Saint-Véran Les Vignerons des Grandes Vignes 2020/21,Chardonnay,France,White,Ripe & Rounded
Chardonnay,"Arboisier, Arnaison blanc, Arnoison, Aubain, Aubaine, Auvergnat blanc, Auvernas, Auvernas blanc, Auvernat blanc, Auxeras, Auxerras blanc, Auxerrois blanc, Auxois, Auxois blanc, Bargeois blanc, Beaunois, Biela Klevanjika, Blanc de Champagne, Blanc de Cramant, Breisgauer Suessling, Breisgauer Sussling, Burgundi Feher, Chablis, Chardenai, Chardenay, Chardenet, Chardennet, Chardonay, Chardonnet, Chatenait, Chatey Petit, Chatte, Chaudenay, Chaudenet, Chaudent, Clävner, Clevner Weiss, Cravner, Epinette, Epinette blanc, Epinette blanche, Epinette de Champagne, Ericey blanc, Feher Chardonnay, Feherburgundi, Feinburgunder, Gamay blanc, Gelber Weissburgunder, Gentil blanc, Grosse Bourgogne, Klawner, Klevanjka Biela, Klevner, Lisant, Luisant, Luizannais, Luizant, Luzannois, Maconnais, Maurillon blanc, Melon blanc, Melon D'Arbois, Meroué,[5] Moreau blanc, Morillon blanc, Moulon, Noirien blanc, Obaideh, Petit Chatey, Petit Sainte-Marie, Petite Sainte Marie, Pineau blanc, Pino Sardone, Pino Shardone, Pinot Blanc à Cramant, Pinot Blanc Chardonnay, Pinot Chardonnay, Pinot de Bourgogne, Pinot Giallo, Pinot Planc, Plant de Tonnerre, Romere, Romeret, Rouci Bile, Rousseau, Roussot, Ruländer Weiß, Sainte Marie Petite, Sardone, Shardone, Shardonne, Später Weiß Burgunder, Weiß Burgunder (normally refers to Pinot blanc), Weiß Clevner, Weiß Edler, Weiß Elder, Weiß Klewner, Weiß Silber, Weißedler, Weißer Clevner, Weißer Rulander.",France,Collovray & Terrier 'Reserve' Saint Véran 2019/20,Chardonnay,France,White,Ripe & Rounded
Chardonnay,"Arboisier, Arnaison blanc, Arnoison, Aubain, Aubaine, Auvergnat blanc, Auvernas, Auvernas blanc, Auvernat blanc, Auxeras, Auxerras blanc, Auxerrois blanc, Auxois, Auxois blanc, Bargeois blanc, Beaunois, Biela Klevanjika, Blanc de Champagne, Blanc de Cramant, Breisgauer Suessling, Breisgauer Sussling, Burgundi Feher, Chablis, Chardenai, Chardenay, Chardenet, Chardennet, Chardonay, Chardonnet, Chatenait, Chatey Petit, Chatte, Chaudenay, Chaudenet, Chaudent, Clävner, Clevner Weiss, Cravner, Epinette, Epinette blanc, Epinette blanche, Epinette de Champagne, Ericey blanc, Feher Chardonnay, Feherburgundi, Feinburgunder, Gamay blanc, Gelber Weissburgunder, Gentil blanc, Grosse Bourgogne, Klawner, Klevanjka Biela, Klevner, Lisant, Luisant, Luizannais, Luizant, Luzannois, Maconnais, Maurillon blanc, Melon blanc, Melon D'Arbois, Meroué,[5] Moreau blanc, Morillon blanc, Moulon, Noirien blanc, Obaideh, Petit Chatey, Petit Sainte-Marie, Petite Sainte Marie, Pineau blanc, Pino Sardone, Pino Shardone, Pinot Blanc à Cramant, Pinot Blanc Chardonnay, Pinot Chardonnay, Pinot de Bourgogne, Pinot Giallo, Pinot Planc, Plant de Tonnerre, Romere, Romeret, Rouci Bile, Rousseau, Roussot, Ruländer Weiß, Sainte Marie Petite, Sardone, Shardone, Shardonne, Später Weiß Burgunder, Weiß Burgunder (normally refers to Pinot blanc), Weiß Clevner, Weiß Edler, Weiß Elder, Weiß Klewner, Weiß Silber, Weißedler, Weißer Clevner, Weißer Rulander.",France,"Definition English Sparkling Rosé, Hampshire",Chardonnay,England,Rosé,Crisp & Fruity
Chardonnay,"Arboisier, Arnaison blanc, Arnoison, Aubain, Aubaine, Auvergnat blanc, Auvernas, Auvernas blanc, Auvernat blanc, Auxeras, Auxerras blanc, Auxerrois blanc, Auxois, Auxois blanc, Bargeois blanc, Beaunois, Biela Klevanjika, Blanc de Champagne, Blanc de Cramant, Breisgauer Suessling, Breisgauer Sussling, Burgundi Feher, Chablis, Chardenai, Chardenay, Chardenet, Chardennet, Chardonay, Chardonnet, Chatenait, Chatey Petit, Chatte, Chaudenay, Chaudenet, Chaudent, Clävner, Clevner Weiss, Cravner, Epinette, Epinette blanc, Epinette blanche, Epinette de Champagne, Ericey blanc, Feher Chardonnay, Feherburgundi, Feinburgunder, Gamay blanc, Gelber Weissburgunder, Gentil blanc, Grosse Bourgogne, Klawner, Klevanjka Biela, Klevner, Lisant, Luisant, Luizannais, Luizant, Luzannois, Maconnais, Maurillon blanc, Melon blanc, Melon D'Arbois, Meroué,[5] Moreau blanc, Morillon blanc, Moulon, Noirien blanc, Obaideh, Petit Chatey, Petit Sainte-Marie, Petite Sainte Marie, Pineau blanc, Pino Sardone, Pino Shardone, Pinot Blanc à Cramant, Pinot Blanc Chardonnay, Pinot Chardonnay, Pinot de Bourgogne, Pinot Giallo, Pinot Planc, Plant de Tonnerre, Romere, Romeret, Rouci Bile, Rousseau, Roussot, Ruländer Weiß, Sainte Marie Petite, Sardone, Shardone, Shardonne, Später Weiß Burgunder, Weiß Burgunder (normally refers to Pinot blanc), Weiß Clevner, Weiß Edler, Weiß Elder, Weiß Klewner, Weiß Silber, Weißedler, Weißer Clevner, Weißer Rulander.",France,Cave de Viré Viré-Clessé 2020/21,Chardonnay,France,White,Ripe & Rounded
Chardonnay,"Arboisier, Arnaison blanc, Arnoison, Aubain, Aubaine, Auvergnat blanc, Auvernas, Auvernas blanc, Auvernat blanc, Auxeras, Auxerras blanc, Auxerrois blanc, Auxois, Auxois blanc, Bargeois blanc, Beaunois, Biela Klevanjika, Blanc de Champagne, Blanc de Cramant, Breisgauer Suessling, Breisgauer Sussling, Burgundi Feher, Chablis, Chardenai, Chardenay, Chardenet, Chardennet, Chardonay, Chardonnet, Chatenait, Chatey Petit, Chatte, Chaudenay, Chaudenet, Chaudent, Clävner, Clevner Weiss, Cravner, Epinette, Epinette blanc, Epinette blanche, Epinette de Champagne, Ericey blanc, Feher Chardonnay, Feherburgundi, Feinburgunder, Gamay blanc, Gelber Weissburgunder, Gentil blanc, Grosse Bourgogne, Klawner, Klevanjka Biela, Klevner, Lisant, Luisant, Luizannais, Luizant, Luzannois, Maconnais, Maurillon blanc, Melon blanc, Melon D'Arbois, Meroué,[5] Moreau blanc, Morillon blanc, Moulon, Noirien blanc, Obaideh, Petit Chatey, Petit Sainte-Marie, Petite Sainte Marie, Pineau blanc, Pino Sardone, Pino Shardone, Pinot Blanc à Cramant, Pinot Blanc Chardonnay, Pinot Chardonnay, Pinot de Bourgogne, Pinot Giallo, Pinot Planc, Plant de Tonnerre, Romere, Romeret, Rouci Bile, Rousseau, Roussot, Ruländer Weiß, Sainte Marie Petite, Sardone, Shardone, Shardonne, Später Weiß Burgunder, Weiß Burgunder (normally refers to Pinot blanc), Weiß Clevner, Weiß Edler, Weiß Elder, Weiß Klewner, Weiß Silber, Weißedler, Weißer Clevner, Weißer Rulander.",France,Kutch Sonoma Coast Chardonnay 2018,Chardonnay,USA,White,Rich & Toasty
Chardonnay,"Arboisier, Arnaison blanc, Arnoison, Aubain, Aubaine, Auvergnat blanc, Auvernas, Auvernas blanc, Auvernat blanc, Auxeras, Auxerras blanc, Auxerrois blanc, Auxois, Auxois blanc, Bargeois blanc, Beaunois, Biela Klevanjika, Blanc de Champagne, Blanc de Cramant, Breisgauer Suessling, Breisgauer Sussling, Burgundi Feher, Chablis, Chardenai, Chardenay, Chardenet, Chardennet, Chardonay, Chardonnet, Chatenait, Chatey Petit, Chatte, Chaudenay, Chaudenet, Chaudent, Clävner, Clevner Weiss, Cravner, Epinette, Epinette blanc, Epinette blanche, Epinette de Champagne, Ericey blanc, Feher Chardonnay, Feherburgundi, Feinburgunder, Gamay blanc, Gelber Weissburgunder, Gentil blanc, Grosse Bourgogne, Klawner, Klevanjka Biela, Klevner, Lisant, Luisant, Luizannais, Luizant, Luzannois, Maconnais, Maurillon blanc, Melon blanc, Melon D'Arbois, Meroué,[5] Moreau blanc, Morillon blanc, Moulon, Noirien blanc, Obaideh, Petit Chatey, Petit Sainte-Marie, Petite Sainte Marie, Pineau blanc, Pino Sardone, Pino Shardone, Pinot Blanc à Cramant, Pinot Blanc Chardonnay, Pinot Chardonnay, Pinot de Bourgogne, Pinot Giallo, Pinot Planc, Plant de Tonnerre, Romere, Romeret, Rouci Bile, Rousseau, Roussot, Ruländer Weiß, Sainte Marie Petite, Sardone, Shardone, Shardonne, Später Weiß Burgunder, Weiß Burgunder (normally refers to Pinot blanc), Weiß Clevner, Weiß Edler, Weiß Elder, Weiß Klewner, Weiß Silber, Weißedler, Weißer Clevner, Weißer Rulander.",France,Nicolas Feuillatte 2012/15 Champagne,Chardonnay,France,White,Rich & Toasty
Chardonnay,"Arboisier, Arnaison blanc, Arnoison, Aubain, Aubaine, Auvergnat blanc, Auvernas, Auvernas blanc, Auvernat blanc, Auxeras, Auxerras blanc, Auxerrois blanc, Auxois, Auxois blanc, Bargeois blanc, Beaunois, Biela Klevanjika, Blanc de Champagne, Blanc de Cramant, Breisgauer Suessling, Breisgauer Sussling, Burgundi Feher, Chablis, Chardenai, Chardenay, Chardenet, Chardennet, Chardonay, Chardonnet, Chatenait, Chatey Petit, Chatte, Chaudenay, Chaudenet, Chaudent, Clävner, Clevner Weiss, Cravner, Epinette, Epinette blanc, Epinette blanche, Epinette de Champagne, Ericey blanc, Feher Chardonnay, Feherburgundi, Feinburgunder, Gamay blanc, Gelber Weissburgunder, Gentil blanc, Grosse Bourgogne, Klawner, Klevanjka Biela, Klevner, Lisant, Luisant, Luizannais, Luizant, Luzannois, Maconnais, Maurillon blanc, Melon blanc, Melon D'Arbois, Meroué,[5] Moreau blanc, Morillon blanc, Moulon, Noirien blanc, Obaideh, Petit Chatey, Petit Sainte-Marie, Petite Sainte Marie, Pineau blanc, Pino Sardone, Pino Shardone, Pinot Blanc à Cramant, Pinot Blanc Chardonnay, Pinot Chardonnay, Pinot de Bourgogne, Pinot Giallo, Pinot Planc, Plant de Tonnerre, Romere, Romeret, Rouci Bile, Rousseau, Roussot, Ruländer Weiß, Sainte Marie Petite, Sardone, Shardone, Shardonne, Später Weiß Burgunder, Weiß Burgunder (normally refers to Pinot blanc), Weiß Clevner, Weiß Edler, Weiß Elder, Weiß Klewner, Weiß Silber, Weißedler, Weißer Clevner, Weißer Rulander.",France,Puligny-Montrachet 2019/20 Doudet Naudin,Chardonnay,France,White,Rich & Toasty
Chardonnay,"Arboisier, Arnaison blanc, Arnoison, Aubain, Aubaine, Auvergnat blanc, Auvernas, Auvernas blanc, Auvernat blanc, Auxeras, Auxerras blanc, Auxerrois blanc, Auxois, Auxois blanc, Bargeois blanc, Beaunois, Biela Klevanjika, Blanc de Champagne, Blanc de Cramant, Breisgauer Suessling, Breisgauer Sussling, Burgundi Feher, Chablis, Chardenai, Chardenay, Chardenet, Chardennet, Chardonay, Chardonnet, Chatenait, Chatey Petit, Chatte, Chaudenay, Chaudenet, Chaudent, Clävner, Clevner Weiss, Cravner, Epinette, Epinette blanc, Epinette blanche, Epinette de Champagne, Ericey blanc, Feher Chardonnay, Feherburgundi, Feinburgunder, Gamay blanc, Gelber Weissburgunder, Gentil blanc, Grosse Bourgogne, Klawner, Klevanjka Biela, Klevner, Lisant, Luisant, Luizannais, Luizant, Luzannois, Maconnais, Maurillon blanc, Melon blanc, Melon D'Arbois, Meroué,[5] Moreau blanc, Morillon blanc, Moulon, Noirien blanc, Obaideh, Petit Chatey, Petit Sainte-Marie, Petite Sainte Marie, Pineau blanc, Pino Sardone, Pino Shardone, Pinot Blanc à Cramant, Pinot Blanc Chardonnay, Pinot Chardonnay, Pinot de Bourgogne, Pinot Giallo, Pinot Planc, Plant de Tonnerre, Romere, Romeret, Rouci Bile, Rousseau, Roussot, Ruländer Weiß, Sainte Marie Petite, Sardone, Shardone, Shardonne, Später Weiß Burgunder, Weiß Burgunder (normally refers to Pinot blanc), Weiß Clevner, Weiß Edler, Weiß Elder, Weiß Klewner, Weiß Silber, Weißedler, Weißer Clevner, Weißer Rulander.",France,"Eddystone Point Chardonnay 2019/20, Tasmania",Chardonnay,Australia,White,Rich & Toasty
Chardonnay,"Arboisier, Arnaison blanc, Arnoison, Aubain, Aubaine, Auvergnat blanc, Auvernas, Auvernas blanc, Auvernat blanc, Auxeras, Auxerras blanc, Auxerrois blanc, Auxois, Auxois blanc, Bargeois blanc, Beaunois, Biela Klevanjika, Blanc de Champagne, Blanc de Cramant, Breisgauer Suessling, Breisgauer Sussling, Burgundi Feher, Chablis, Chardenai, Chardenay, Chardenet, Chardennet, Chardonay, Chardonnet, Chatenait, Chatey Petit, Chatte, Chaudenay, Chaudenet, Chaudent, Clävner, Clevner Weiss, Cravner, Epinette, Epinette blanc, Epinette blanche, Epinette de Champagne, Ericey blanc, Feher Chardonnay, Feherburgundi, Feinburgunder, Gamay blanc, Gelber Weissburgunder, Gentil blanc, Grosse Bourgogne, Klawner, Klevanjka Biela, Klevner, Lisant, Luisant, Luizannais, Luizant, Luzannois, Maconnais, Maurillon blanc, Melon blanc, Melon D'Arbois, Meroué,[5] Moreau blanc, Morillon blanc, Moulon, Noirien blanc, Obaideh, Petit Chatey, Petit Sainte-Marie, Petite Sainte Marie, Pineau blanc, Pino Sardone, Pino Shardone, Pinot Blanc à Cramant, Pinot Blanc Chardonnay, Pinot Chardonnay, Pinot de Bourgogne, Pinot Giallo, Pinot Planc, Plant de Tonnerre, Romere, Romeret, Rouci Bile, Rousseau, Roussot, Ruländer Weiß, Sainte Marie Petite, Sardone, Shardone, Shardonne, Später Weiß Burgunder, Weiß Burgunder (normally refers to Pinot blanc), Weiß Clevner, Weiß Edler, Weiß Elder, Weiß Klewner, Weiß Silber, Weißedler, Weißer Clevner, Weißer Rulander.",France,Nicolas Feuillatte Brut Champagne,Chardonnay,France,White,Crisp & Fruity
Chardonnay,"Arboisier, Arnaison blanc, Arnoison, Aubain, Aubaine, Auvergnat blanc, Auvernas, Auvernas blanc, Auvernat blanc, Auxeras, Auxerras blanc, Auxerrois blanc, Auxois, Auxois blanc, Bargeois blanc, Beaunois, Biela Klevanjika, Blanc de Champagne, Blanc de Cramant, Breisgauer Suessling, Breisgauer Sussling, Burgundi Feher, Chablis, Chardenai, Chardenay, Chardenet, Chardennet, Chardonay, Chardonnet, Chatenait, Chatey Petit, Chatte, Chaudenay, Chaudenet, Chaudent, Clävner, Clevner Weiss, Cravner, Epinette, Epinette blanc, Epinette blanche, Epinette de Champagne, Ericey blanc, Feher Chardonnay, Feherburgundi, Feinburgunder, Gamay blanc, Gelber Weissburgunder, Gentil blanc, Grosse Bourgogne, Klawner, Klevanjka Biela, Klevner, Lisant, Luisant, Luizannais, Luizant, Luzannois, Maconnais, Maurillon blanc, Melon blanc, Melon D'Arbois, Meroué,[5] Moreau blanc, Morillon blanc, Moulon, Noirien blanc, Obaideh, Petit Chatey, Petit Sainte-Marie, Petite Sainte Marie, Pineau blanc, Pino Sardone, Pino Shardone, Pinot Blanc à Cramant, Pinot Blanc Chardonnay, Pinot Chardonnay, Pinot de Bourgogne, Pinot Giallo, Pinot Planc, Plant de Tonnerre, Romere, Romeret, Rouci Bile, Rousseau, Roussot, Ruländer Weiß, Sainte Marie Petite, Sardone, Shardone, Shardonne, Später Weiß Burgunder, Weiß Burgunder (normally refers to Pinot blanc), Weiß Clevner, Weiß Edler, Weiß Elder, Weiß Klewner, Weiß Silber, Weißedler, Weißer Clevner, Weißer Rulander.",France,Pommery 'Brut Royal' Champagne,Chardonnay,France,White,Crisp & Fruity
Chardonnay,"Arboisier, Arnaison blanc, Arnoison, Aubain, Aubaine, Auvergnat blanc, Auvernas, Auvernas blanc, Auvernat blanc, Auxeras, Auxerras blanc, Auxerrois blanc, Auxois, Auxois blanc, Bargeois blanc, Beaunois, Biela Klevanjika, Blanc de Champagne, Blanc de Cramant, Breisgauer Suessling, Breisgauer Sussling, Burgundi Feher, Chablis, Chardenai, Chardenay, Chardenet, Chardennet, Chardonay, Chardonnet, Chatenait, Chatey Petit, Chatte, Chaudenay, Chaudenet, Chaudent, Clävner, Clevner Weiss, Cravner, Epinette, Epinette blanc, Epinette blanche, Epinette de Champagne, Ericey blanc, Feher Chardonnay, Feherburgundi, Feinburgunder, Gamay blanc, Gelber Weissburgunder, Gentil blanc, Grosse Bourgogne, Klawner, Klevanjka Biela, Klevner, Lisant, Luisant, Luizannais, Luizant, Luzannois, Maconnais, Maurillon blanc, Melon blanc, Melon D'Arbois, Meroué,[5] Moreau blanc, Morillon blanc, Moulon, Noirien blanc, Obaideh, Petit Chatey, Petit Sainte-Marie, Petite Sainte Marie, Pineau blanc, Pino Sardone, Pino Shardone, Pinot Blanc à Cramant, Pinot Blanc Chardonnay, Pinot Chardonnay, Pinot de Bourgogne, Pinot Giallo, Pinot Planc, Plant de Tonnerre, Romere, Romeret, Rouci Bile, Rousseau, Roussot, Ruländer Weiß, Sainte Marie Petite, Sardone, Shardone, Shardonne, Später Weiß Burgunder, Weiß Burgunder (normally refers to Pinot blanc), Weiß Clevner, Weiß Edler, Weiß Elder, Weiß Klewner, Weiß Silber, Weißedler, Weißer Clevner, Weißer Rulander.",France,"Hanna Chardonnay 2018/19, Sonoma County",Chardonnay,USA,White,Rich & Toasty
Chardonnay,"Arboisier, Arnaison blanc, Arnoison, Aubain, Aubaine, Auvergnat blanc, Auvernas, Auvernas blanc, Auvernat blanc, Auxeras, Auxerras blanc, Auxerrois blanc, Auxois, Auxois blanc, Bargeois blanc, Beaunois, Biela Klevanjika, Blanc de Champagne, Blanc de Cramant, Breisgauer Suessling, Breisgauer Sussling, Burgundi Feher, Chablis, Chardenai, Chardenay, Chardenet, Chardennet, Chardonay, Chardonnet, Chatenait, Chatey Petit, Chatte, Chaudenay, Chaudenet, Chaudent, Clävner, Clevner Weiss, Cravner, Epinette, Epinette blanc, Epinette blanche, Epinette de Champagne, Ericey blanc, Feher Chardonnay, Feherburgundi, Feinburgunder, Gamay blanc, Gelber Weissburgunder, Gentil blanc, Grosse Bourgogne, Klawner, Klevanjka Biela, Klevner, Lisant, Luisant, Luizannais, Luizant, Luzannois, Maconnais, Maurillon blanc, Melon blanc, Melon D'Arbois, Meroué,[5] Moreau blanc, Morillon blanc, Moulon, Noirien blanc, Obaideh, Petit Chatey, Petit Sainte-Marie, Petite Sainte Marie, Pineau blanc, Pino Sardone, Pino Shardone, Pinot Blanc à Cramant, Pinot Blanc Chardonnay, Pinot Chardonnay, Pinot de Bourgogne, Pinot Giallo, Pinot Planc, Plant de Tonnerre, Romere, Romeret, Rouci Bile, Rousseau, Roussot, Ruländer Weiß, Sainte Marie Petite, Sardone, Shardone, Shardonne, Später Weiß Burgunder, Weiß Burgunder (normally refers to Pinot blanc), Weiß Clevner, Weiß Edler, Weiß Elder, Weiß Klewner, Weiß Silber, Weißedler, Weißer Clevner, Weißer Rulander.",France,"Dog Point Chardonnay 2018/19, Marlborough",Chardonnay,New Zealand,White,Ripe & Rounded
Chardonnay,"Arboisier, Arnaison blanc, Arnoison, Aubain, Aubaine, Auvergnat blanc, Auvernas, Auvernas blanc, Auvernat blanc, Auxeras, Auxerras blanc, Auxerrois blanc, Auxois, Auxois blanc, Bargeois blanc, Beaunois, Biela Klevanjika, Blanc de Champagne, Blanc de Cramant, Breisgauer Suessling, Breisgauer Sussling, Burgundi Feher, Chablis, Chardenai, Chardenay, Chardenet, Chardennet, Chardonay, Chardonnet, Chatenait, Chatey Petit, Chatte, Chaudenay, Chaudenet, Chaudent, Clävner, Clevner Weiss, Cravner, Epinette, Epinette blanc, Epinette blanche, Epinette de Champagne, Ericey blanc, Feher Chardonnay, Feherburgundi, Feinburgunder, Gamay blanc, Gelber Weissburgunder, Gentil blanc, Grosse Bourgogne, Klawner, Klevanjka Biela, Klevner, Lisant, Luisant, Luizannais, Luizant, Luzannois, Maconnais, Maurillon blanc, Melon blanc, Melon D'Arbois, Meroué,[5] Moreau blanc, Morillon blanc, Moulon, Noirien blanc, Obaideh, Petit Chatey, Petit Sainte-Marie, Petite Sainte Marie, Pineau blanc, Pino Sardone, Pino Shardone, Pinot Blanc à Cramant, Pinot Blanc Chardonnay, Pinot Chardonnay, Pinot de Bourgogne, Pinot Giallo, Pinot Planc, Plant de Tonnerre, Romere, Romeret, Rouci Bile, Rousseau, Roussot, Ruländer Weiß, Sainte Marie Petite, Sardone, Shardone, Shardonne, Später Weiß Burgunder, Weiß Burgunder (normally refers to Pinot blanc), Weiß Clevner, Weiß Edler, Weiß Elder, Weiß Klewner, Weiß Silber, Weißedler, Weißer Clevner, Weißer Rulander.",France,"Rijckaert F. Rouve Saint Véran 'Haute Cuvée' 2020/21, Burgundy",Chardonnay,France,White,Ripe & Rounded
Chardonnay,"Arboisier, Arnaison blanc, Arnoison, Aubain, Aubaine, Auvergnat blanc, Auvernas, Auvernas blanc, Auvernat blanc, Auxeras, Auxerras blanc, Auxerrois blanc, Auxois, Auxois blanc, Bargeois blanc, Beaunois, Biela Klevanjika, Blanc de Champagne, Blanc de Cramant, Breisgauer Suessling, Breisgauer Sussling, Burgundi Feher, Chablis, Chardenai, Chardenay, Chardenet, Chardennet, Chardonay, Chardonnet, Chatenait, Chatey Petit, Chatte, Chaudenay, Chaudenet, Chaudent, Clävner, Clevner Weiss, Cravner, Epinette, Epinette blanc, Epinette blanche, Epinette de Champagne, Ericey blanc, Feher Chardonnay, Feherburgundi, Feinburgunder, Gamay blanc, Gelber Weissburgunder, Gentil blanc, Grosse Bourgogne, Klawner, Klevanjka Biela, Klevner, Lisant, Luisant, Luizannais, Luizant, Luzannois, Maconnais, Maurillon blanc, Melon blanc, Melon D'Arbois, Meroué,[5] Moreau blanc, Morillon blanc, Moulon, Noirien blanc, Obaideh, Petit Chatey, Petit Sainte-Marie, Petite Sainte Marie, Pineau blanc, Pino Sardone, Pino Shardone, Pinot Blanc à Cramant, Pinot Blanc Chardonnay, Pinot Chardonnay, Pinot de Bourgogne, Pinot Giallo, Pinot Planc, Plant de Tonnerre, Romere, Romeret, Rouci Bile, Rousseau, Roussot, Ruländer Weiß, Sainte Marie Petite, Sardone, Shardone, Shardonne, Später Weiß Burgunder, Weiß Burgunder (normally refers to Pinot blanc), Weiß Clevner, Weiß Edler, Weiß Elder, Weiß Klewner, Weiß Silber, Weißedler, Weißer Clevner, Weißer Rulander.",France,Moët & Chandon 'Brut Impérial' Champagne,Chardonnay,France,White,Crisp & Fruity
Chardonnay,"Arboisier, Arnaison blanc, Arnoison, Aubain, Aubaine, Auvergnat blanc, Auvernas, Auvernas blanc, Auvernat blanc, Auxeras, Auxerras blanc, Auxerrois blanc, Auxois, Auxois blanc, Bargeois blanc, Beaunois, Biela Klevanjika, Blanc de Champagne, Blanc de Cramant, Breisgauer Suessling, Breisgauer Sussling, Burgundi Feher, Chablis, Chardenai, Chardenay, Chardenet, Chardennet, Chardonay, Chardonnet, Chatenait, Chatey Petit, Chatte, Chaudenay, Chaudenet, Chaudent, Clävner, Clevner Weiss, Cravner, Epinette, Epinette blanc, Epinette blanche, Epinette de Champagne, Ericey blanc, Feher Chardonnay, Feherburgundi, Feinburgunder, Gamay blanc, Gelber Weissburgunder, Gentil blanc, Grosse Bourgogne, Klawner, Klevanjka Biela, Klevner, Lisant, Luisant, Luizannais, Luizant, Luzannois, Maconnais, Maurillon blanc, Melon blanc, Melon D'Arbois, Meroué,[5] Moreau blanc, Morillon blanc, Moulon, Noirien blanc, Obaideh, Petit Chatey, Petit Sainte-Marie, Petite Sainte Marie, Pineau blanc, Pino Sardone, Pino Shardone, Pinot Blanc à Cramant, Pinot Blanc Chardonnay, Pinot Chardonnay, Pinot de Bourgogne, Pinot Giallo, Pinot Planc, Plant de Tonnerre, Romere, Romeret, Rouci Bile, Rousseau, Roussot, Ruländer Weiß, Sainte Marie Petite, Sardone, Shardone, Shardonne, Später Weiß Burgunder, Weiß Burgunder (normally refers to Pinot blanc), Weiß Clevner, Weiß Edler, Weiß Elder, Weiß Klewner, Weiß Silber, Weißedler, Weißer Clevner, Weißer Rulander.",France,"Cloudy Bay 'Pelorus' Brut, Marlborough",Chardonnay,New Zealand,White,Crisp & Fruity
Chardonnay,"Arboisier, Arnaison blanc, Arnoison, Aubain, Aubaine, Auvergnat blanc, Auvernas, Auvernas blanc, Auvernat blanc, Auxeras, Auxerras blanc, Auxerrois blanc, Auxois, Auxois blanc, Bargeois blanc, Beaunois, Biela Klevanjika, Blanc de Champagne, Blanc de Cramant, Breisgauer Suessling, Breisgauer Sussling, Burgundi Feher, Chablis, Chardenai, Chardenay, Chardenet, Chardennet, Chardonay, Chardonnet, Chatenait, Chatey Petit, Chatte, Chaudenay, Chaudenet, Chaudent, Clävner, Clevner Weiss, Cravner, Epinette, Epinette blanc, Epinette blanche, Epinette de Champagne, Ericey blanc, Feher Chardonnay, Feherburgundi, Feinburgunder, Gamay blanc, Gelber Weissburgunder, Gentil blanc, Grosse Bourgogne, Klawner, Klevanjka Biela, Klevner, Lisant, Luisant, Luizannais, Luizant, Luzannois, Maconnais, Maurillon blanc, Melon blanc, Melon D'Arbois, Meroué,[5] Moreau blanc, Morillon blanc, Moulon, Noirien blanc, Obaideh, Petit Chatey, Petit Sainte-Marie, Petite Sainte Marie, Pineau blanc, Pino Sardone, Pino Shardone, Pinot Blanc à Cramant, Pinot Blanc Chardonnay, Pinot Chardonnay, Pinot de Bourgogne, Pinot Giallo, Pinot Planc, Plant de Tonnerre, Romere, Romeret, Rouci Bile, Rousseau, Roussot, Ruländer Weiß, Sainte Marie Petite, Sardone, Shardone, Shardonne, Später Weiß Burgunder, Weiß Burgunder (normally refers to Pinot blanc), Weiß Clevner, Weiß Edler, Weiß Elder, Weiß Klewner, Weiß Silber, Weißedler, Weißer Clevner, Weißer Rulander.",France,"Definition Mâcon-Villages 2021/22, Burgundy",Chardonnay,France,White,Ripe & Rounded
Chardonnay,"Arboisier, Arnaison blanc, Arnoison, Aubain, Aubaine, Auvergnat blanc, Auvernas, Auvernas blanc, Auvernat blanc, Auxeras, Auxerras blanc, Auxerrois blanc, Auxois, Auxois blanc, Bargeois blanc, Beaunois, Biela Klevanjika, Blanc de Champagne, Blanc de Cramant, Breisgauer Suessling, Breisgauer Sussling, Burgundi Feher, Chablis, Chardenai, Chardenay, Chardenet, Chardennet, Chardonay, Chardonnet, Chatenait, Chatey Petit, Chatte, Chaudenay, Chaudenet, Chaudent, Clävner, Clevner Weiss, Cravner, Epinette, Epinette blanc, Epinette blanche, Epinette de Champagne, Ericey blanc, Feher Chardonnay, Feherburgundi, Feinburgunder, Gamay blanc, Gelber Weissburgunder, Gentil blanc, Grosse Bourgogne, Klawner, Klevanjka Biela, Klevner, Lisant, Luisant, Luizannais, Luizant, Luzannois, Maconnais, Maurillon blanc, Melon blanc, Melon D'Arbois, Meroué,[5] Moreau blanc, Morillon blanc, Moulon, Noirien blanc, Obaideh, Petit Chatey, Petit Sainte-Marie, Petite Sainte Marie, Pineau blanc, Pino Sardone, Pino Shardone, Pinot Blanc à Cramant, Pinot Blanc Chardonnay, Pinot Chardonnay, Pinot de Bourgogne, Pinot Giallo, Pinot Planc, Plant de Tonnerre, Romere, Romeret, Rouci Bile, Rousseau, Roussot, Ruländer Weiß, Sainte Marie Petite, Sardone, Shardone, Shardonne, Später Weiß Burgunder, Weiß Burgunder (normally refers to Pinot blanc), Weiß Clevner, Weiß Edler, Weiß Elder, Weiß Klewner, Weiß Silber, Weißedler, Weißer Clevner, Weißer Rulander.",France,"Kangarilla Road Chardonnay 2020/21, Adelaide Hills",Chardonnay,Australia,White,Ripe & Rounded
Chardonnay,"Arboisier, Arnaison blanc, Arnoison, Aubain, Aubaine, Auvergnat blanc, Auvernas, Auvernas blanc, Auvernat blanc, Auxeras, Auxerras blanc, Auxerrois blanc, Auxois, Auxois blanc, Bargeois blanc, Beaunois, Biela Klevanjika, Blanc de Champagne, Blanc de Cramant, Breisgauer Suessling, Breisgauer Sussling, Burgundi Feher, Chablis, Chardenai, Chardenay, Chardenet, Chardennet, Chardonay, Chardonnet, Chatenait, Chatey Petit, Chatte, Chaudenay, Chaudenet, Chaudent, Clävner, Clevner Weiss, Cravner, Epinette, Epinette blanc, Epinette blanche, Epinette de Champagne, Ericey blanc, Feher Chardonnay, Feherburgundi, Feinburgunder, Gamay blanc, Gelber Weissburgunder, Gentil blanc, Grosse Bourgogne, Klawner, Klevanjka Biela, Klevner, Lisant, Luisant, Luizannais, Luizant, Luzannois, Maconnais, Maurillon blanc, Melon blanc, Melon D'Arbois, Meroué,[5] Moreau blanc, Morillon blanc, Moulon, Noirien blanc, Obaideh, Petit Chatey, Petit Sainte-Marie, Petite Sainte Marie, Pineau blanc, Pino Sardone, Pino Shardone, Pinot Blanc à Cramant, Pinot Blanc Chardonnay, Pinot Chardonnay, Pinot de Bourgogne, Pinot Giallo, Pinot Planc, Plant de Tonnerre, Romere, Romeret, Rouci Bile, Rousseau, Roussot, Ruländer Weiß, Sainte Marie Petite, Sardone, Shardone, Shardonne, Später Weiß Burgunder, Weiß Burgunder (normally refers to Pinot blanc), Weiß Clevner, Weiß Edler, Weiß Elder, Weiß Klewner, Weiß Silber, Weißedler, Weißer Clevner, Weißer Rulander.",France,Louis Roederer 'Cristal' Champagne 2015,Chardonnay,France,White,
Chardonnay,"Arboisier, Arnaison blanc, Arnoison, Aubain, Aubaine, Auvergnat blanc, Auvernas, Auvernas blanc, Auvernat blanc, Auxeras, Auxerras blanc, Auxerrois blanc, Auxois, Auxois blanc, Bargeois blanc, Beaunois, Biela Klevanjika, Blanc de Champagne, Blanc de Cramant, Breisgauer Suessling, Breisgauer Sussling, Burgundi Feher, Chablis, Chardenai, Chardenay, Chardenet, Chardennet, Chardonay, Chardonnet, Chatenait, Chatey Petit, Chatte, Chaudenay, Chaudenet, Chaudent, Clävner, Clevner Weiss, Cravner, Epinette, Epinette blanc, Epinette blanche, Epinette de Champagne, Ericey blanc, Feher Chardonnay, Feherburgundi, Feinburgunder, Gamay blanc, Gelber Weissburgunder, Gentil blanc, Grosse Bourgogne, Klawner, Klevanjka Biela, Klevner, Lisant, Luisant, Luizannais, Luizant, Luzannois, Maconnais, Maurillon blanc, Melon blanc, Melon D'Arbois, Meroué,[5] Moreau blanc, Morillon blanc, Moulon, Noirien blanc, Obaideh, Petit Chatey, Petit Sainte-Marie, Petite Sainte Marie, Pineau blanc, Pino Sardone, Pino Shardone, Pinot Blanc à Cramant, Pinot Blanc Chardonnay, Pinot Chardonnay, Pinot de Bourgogne, Pinot Giallo, Pinot Planc, Plant de Tonnerre, Romere, Romeret, Rouci Bile, Rousseau, Roussot, Ruländer Weiß, Sainte Marie Petite, Sardone, Shardone, Shardonne, Später Weiß Burgunder, Weiß Burgunder (normally refers to Pinot blanc), Weiß Clevner, Weiß Edler, Weiß Elder, Weiß Klewner, Weiß Silber, Weißedler, Weißer Clevner, Weißer Rulander.",France,Alain Chavy 'Les Charmes’ Puligny-Montrachet 2019/20,Chardonnay,France,White,Rich & Toasty
Chardonnay,"Arboisier, Arnaison blanc, Arnoison, Aubain, Aubaine, Auvergnat blanc, Auvernas, Auvernas blanc, Auvernat blanc, Auxeras, Auxerras blanc, Auxerrois blanc, Auxois, Auxois blanc, Bargeois blanc, Beaunois, Biela Klevanjika, Blanc de Champagne, Blanc de Cramant, Breisgauer Suessling, Breisgauer Sussling, Burgundi Feher, Chablis, Chardenai, Chardenay, Chardenet, Chardennet, Chardonay, Chardonnet, Chatenait, Chatey Petit, Chatte, Chaudenay, Chaudenet, Chaudent, Clävner, Clevner Weiss, Cravner, Epinette, Epinette blanc, Epinette blanche, Epinette de Champagne, Ericey blanc, Feher Chardonnay, Feherburgundi, Feinburgunder, Gamay blanc, Gelber Weissburgunder, Gentil blanc, Grosse Bourgogne, Klawner, Klevanjka Biela, Klevner, Lisant, Luisant, Luizannais, Luizant, Luzannois, Maconnais, Maurillon blanc, Melon blanc, Melon D'Arbois, Meroué,[5] Moreau blanc, Morillon blanc, Moulon, Noirien blanc, Obaideh, Petit Chatey, Petit Sainte-Marie, Petite Sainte Marie, Pineau blanc, Pino Sardone, Pino Shardone, Pinot Blanc à Cramant, Pinot Blanc Chardonnay, Pinot Chardonnay, Pinot de Bourgogne, Pinot Giallo, Pinot Planc, Plant de Tonnerre, Romere, Romeret, Rouci Bile, Rousseau, Roussot, Ruländer Weiß, Sainte Marie Petite, Sardone, Shardone, Shardonne, Später Weiß Burgunder, Weiß Burgunder (normally refers to Pinot blanc), Weiß Clevner, Weiß Edler, Weiß Elder, Weiß Klewner, Weiß Silber, Weißedler, Weißer Clevner, Weißer Rulander.",France,Cave des Vignerons de Buxy 'Les Millières' Montagny Premier Cru 2021/22,Chardonnay,France,White,Ripe & Rounded
Chardonnay,"Arboisier, Arnaison blanc, Arnoison, Aubain, Aubaine, Auvergnat blanc, Auvernas, Auvernas blanc, Auvernat blanc, Auxeras, Auxerras blanc, Auxerrois blanc, Auxois, Auxois blanc, Bargeois blanc, Beaunois, Biela Klevanjika, Blanc de Champagne, Blanc de Cramant, Breisgauer Suessling, Breisgauer Sussling, Burgundi Feher, Chablis, Chardenai, Chardenay, Chardenet, Chardennet, Chardonay, Chardonnet, Chatenait, Chatey Petit, Chatte, Chaudenay, Chaudenet, Chaudent, Clävner, Clevner Weiss, Cravner, Epinette, Epinette blanc, Epinette blanche, Epinette de Champagne, Ericey blanc, Feher Chardonnay, Feherburgundi, Feinburgunder, Gamay blanc, Gelber Weissburgunder, Gentil blanc, Grosse Bourgogne, Klawner, Klevanjka Biela, Klevner, Lisant, Luisant, Luizannais, Luizant, Luzannois, Maconnais, Maurillon blanc, Melon blanc, Melon D'Arbois, Meroué,[5] Moreau blanc, Morillon blanc, Moulon, Noirien blanc, Obaideh, Petit Chatey, Petit Sainte-Marie, Petite Sainte Marie, Pineau blanc, Pino Sardone, Pino Shardone, Pinot Blanc à Cramant, Pinot Blanc Chardonnay, Pinot Chardonnay, Pinot de Bourgogne, Pinot Giallo, Pinot Planc, Plant de Tonnerre, Romere, Romeret, Rouci Bile, Rousseau, Roussot, Ruländer Weiß, Sainte Marie Petite, Sardone, Shardone, Shardonne, Später Weiß Burgunder, Weiß Burgunder (normally refers to Pinot blanc), Weiß Clevner, Weiß Edler, Weiß Elder, Weiß Klewner, Weiß Silber, Weißedler, Weißer Clevner, Weißer Rulander.",France,Moillard-Thomas Chablis 2021/22,Chardonnay,France,White,Fresh & Elegant
Chardonnay,"Arboisier, Arnaison blanc, Arnoison, Aubain, Aubaine, Auvergnat blanc, Auvernas, Auvernas blanc, Auvernat blanc, Auxeras, Auxerras blanc, Auxerrois blanc, Auxois, Auxois blanc, Bargeois blanc, Beaunois, Biela Klevanjika, Blanc de Champagne, Blanc de Cramant, Breisgauer Suessling, Breisgauer Sussling, Burgundi Feher, Chablis, Chardenai, Chardenay, Chardenet, Chardennet, Chardonay, Chardonnet, Chatenait, Chatey Petit, Chatte, Chaudenay, Chaudenet, Chaudent, Clävner, Clevner Weiss, Cravner, Epinette, Epinette blanc, Epinette blanche, Epinette de Champagne, Ericey blanc, Feher Chardonnay, Feherburgundi, Feinburgunder, Gamay blanc, Gelber Weissburgunder, Gentil blanc, Grosse Bourgogne, Klawner, Klevanjka Biela, Klevner, Lisant, Luisant, Luizannais, Luizant, Luzannois, Maconnais, Maurillon blanc, Melon blanc, Melon D'Arbois, Meroué,[5] Moreau blanc, Morillon blanc, Moulon, Noirien blanc, Obaideh, Petit Chatey, Petit Sainte-Marie, Petite Sainte Marie, Pineau blanc, Pino Sardone, Pino Shardone, Pinot Blanc à Cramant, Pinot Blanc Chardonnay, Pinot Chardonnay, Pinot de Bourgogne, Pinot Giallo, Pinot Planc, Plant de Tonnerre, Romere, Romeret, Rouci Bile, Rousseau, Roussot, Ruländer Weiß, Sainte Marie Petite, Sardone, Shardone, Shardonne, Später Weiß Burgunder, Weiß Burgunder (normally refers to Pinot blanc), Weiß Clevner, Weiß Edler, Weiß Elder, Weiß Klewner, Weiß Silber, Weißedler, Weißer Clevner, Weißer Rulander.",France,"Rocklin Ranch Chardonnay 2020/21, Monterey",Chardonnay,USA,White,Rich & Toasty
Chardonnay,"Arboisier, Arnaison blanc, Arnoison, Aubain, Aubaine, Auvergnat blanc, Auvernas, Auvernas blanc, Auvernat blanc, Auxeras, Auxerras blanc, Auxerrois blanc, Auxois, Auxois blanc, Bargeois blanc, Beaunois, Biela Klevanjika, Blanc de Champagne, Blanc de Cramant, Breisgauer Suessling, Breisgauer Sussling, Burgundi Feher, Chablis, Chardenai, Chardenay, Chardenet, Chardennet, Chardonay, Chardonnet, Chatenait, Chatey Petit, Chatte, Chaudenay, Chaudenet, Chaudent, Clävner, Clevner Weiss, Cravner, Epinette, Epinette blanc, Epinette blanche, Epinette de Champagne, Ericey blanc, Feher Chardonnay, Feherburgundi, Feinburgunder, Gamay blanc, Gelber Weissburgunder, Gentil blanc, Grosse Bourgogne, Klawner, Klevanjka Biela, Klevner, Lisant, Luisant, Luizannais, Luizant, Luzannois, Maconnais, Maurillon blanc, Melon blanc, Melon D'Arbois, Meroué,[5] Moreau blanc, Morillon blanc, Moulon, Noirien blanc, Obaideh, Petit Chatey, Petit Sainte-Marie, Petite Sainte Marie, Pineau blanc, Pino Sardone, Pino Shardone, Pinot Blanc à Cramant, Pinot Blanc Chardonnay, Pinot Chardonnay, Pinot de Bourgogne, Pinot Giallo, Pinot Planc, Plant de Tonnerre, Romere, Romeret, Rouci Bile, Rousseau, Roussot, Ruländer Weiß, Sainte Marie Petite, Sardone, Shardone, Shardonne, Später Weiß Burgunder, Weiß Burgunder (normally refers to Pinot blanc), Weiß Clevner, Weiß Edler, Weiß Elder, Weiß Klewner, Weiß Silber, Weißedler, Weißer Clevner, Weißer Rulander.",France,Jomain Frères Bourgogne Blanc 2019/20,Chardonnay,France,White,Ripe & Rounded
Chardonnay,"Arboisier, Arnaison blanc, Arnoison, Aubain, Aubaine, Auvergnat blanc, Auvernas, Auvernas blanc, Auvernat blanc, Auxeras, Auxerras blanc, Auxerrois blanc, Auxois, Auxois blanc, Bargeois blanc, Beaunois, Biela Klevanjika, Blanc de Champagne, Blanc de Cramant, Breisgauer Suessling, Breisgauer Sussling, Burgundi Feher, Chablis, Chardenai, Chardenay, Chardenet, Chardennet, Chardonay, Chardonnet, Chatenait, Chatey Petit, Chatte, Chaudenay, Chaudenet, Chaudent, Clävner, Clevner Weiss, Cravner, Epinette, Epinette blanc, Epinette blanche, Epinette de Champagne, Ericey blanc, Feher Chardonnay, Feherburgundi, Feinburgunder, Gamay blanc, Gelber Weissburgunder, Gentil blanc, Grosse Bourgogne, Klawner, Klevanjka Biela, Klevner, Lisant, Luisant, Luizannais, Luizant, Luzannois, Maconnais, Maurillon blanc, Melon blanc, Melon D'Arbois, Meroué,[5] Moreau blanc, Morillon blanc, Moulon, Noirien blanc, Obaideh, Petit Chatey, Petit Sainte-Marie, Petite Sainte Marie, Pineau blanc, Pino Sardone, Pino Shardone, Pinot Blanc à Cramant, Pinot Blanc Chardonnay, Pinot Chardonnay, Pinot de Bourgogne, Pinot Giallo, Pinot Planc, Plant de Tonnerre, Romere, Romeret, Rouci Bile, Rousseau, Roussot, Ruländer Weiß, Sainte Marie Petite, Sardone, Shardone, Shardonne, Später Weiß Burgunder, Weiß Burgunder (normally refers to Pinot blanc), Weiß Clevner, Weiß Edler, Weiß Elder, Weiß Klewner, Weiß Silber, Weißedler, Weißer Clevner, Weißer Rulander.",France,Veuve Clicquot Demi-Sec Champagne,Chardonnay,France,White,Crisp & Fruity
Chardonnay,"Arboisier, Arnaison blanc, Arnoison, Aubain, Aubaine, Auvergnat blanc, Auvernas, Auvernas blanc, Auvernat blanc, Auxeras, Auxerras blanc, Auxerrois blanc, Auxois, Auxois blanc, Bargeois blanc, Beaunois, Biela Klevanjika, Blanc de Champagne, Blanc de Cramant, Breisgauer Suessling, Breisgauer Sussling, Burgundi Feher, Chablis, Chardenai, Chardenay, Chardenet, Chardennet, Chardonay, Chardonnet, Chatenait, Chatey Petit, Chatte, Chaudenay, Chaudenet, Chaudent, Clävner, Clevner Weiss, Cravner, Epinette, Epinette blanc, Epinette blanche, Epinette de Champagne, Ericey blanc, Feher Chardonnay, Feherburgundi, Feinburgunder, Gamay blanc, Gelber Weissburgunder, Gentil blanc, Grosse Bourgogne, Klawner, Klevanjka Biela, Klevner, Lisant, Luisant, Luizannais, Luizant, Luzannois, Maconnais, Maurillon blanc, Melon blanc, Melon D'Arbois, Meroué,[5] Moreau blanc, Morillon blanc, Moulon, Noirien blanc, Obaideh, Petit Chatey, Petit Sainte-Marie, Petite Sainte Marie, Pineau blanc, Pino Sardone, Pino Shardone, Pinot Blanc à Cramant, Pinot Blanc Chardonnay, Pinot Chardonnay, Pinot de Bourgogne, Pinot Giallo, Pinot Planc, Plant de Tonnerre, Romere, Romeret, Rouci Bile, Rousseau, Roussot, Ruländer Weiß, Sainte Marie Petite, Sardone, Shardone, Shardonne, Später Weiß Burgunder, Weiß Burgunder (normally refers to Pinot blanc), Weiß Clevner, Weiß Edler, Weiß Elder, Weiß Klewner, Weiß Silber, Weißedler, Weißer Clevner, Weißer Rulander.",France,Alain Chavy Puligny-Montrachet 2018/19,Chardonnay,France,White,Rich & Toasty
Chardonnay,"Arboisier, Arnaison blanc, Arnoison, Aubain, Aubaine, Auvergnat blanc, Auvernas, Auvernas blanc, Auvernat blanc, Auxeras, Auxerras blanc, Auxerrois blanc, Auxois, Auxois blanc, Bargeois blanc, Beaunois, Biela Klevanjika, Blanc de Champagne, Blanc de Cramant, Breisgauer Suessling, Breisgauer Sussling, Burgundi Feher, Chablis, Chardenai, Chardenay, Chardenet, Chardennet, Chardonay, Chardonnet, Chatenait, Chatey Petit, Chatte, Chaudenay, Chaudenet, Chaudent, Clävner, Clevner Weiss, Cravner, Epinette, Epinette blanc, Epinette blanche, Epinette de Champagne, Ericey blanc, Feher Chardonnay, Feherburgundi, Feinburgunder, Gamay blanc, Gelber Weissburgunder, Gentil blanc, Grosse Bourgogne, Klawner, Klevanjka Biela, Klevner, Lisant, Luisant, Luizannais, Luizant, Luzannois, Maconnais, Maurillon blanc, Melon blanc, Melon D'Arbois, Meroué,[5] Moreau blanc, Morillon blanc, Moulon, Noirien blanc, Obaideh, Petit Chatey, Petit Sainte-Marie, Petite Sainte Marie, Pineau blanc, Pino Sardone, Pino Shardone, Pinot Blanc à Cramant, Pinot Blanc Chardonnay, Pinot Chardonnay, Pinot de Bourgogne, Pinot Giallo, Pinot Planc, Plant de Tonnerre, Romere, Romeret, Rouci Bile, Rousseau, Roussot, Ruländer Weiß, Sainte Marie Petite, Sardone, Shardone, Shardonne, Später Weiß Burgunder, Weiß Burgunder (normally refers to Pinot blanc), Weiß Clevner, Weiß Edler, Weiß Elder, Weiß Klewner, Weiß Silber, Weißedler, Weißer Clevner, Weißer Rulander.",France,"Vasse Felix 'Filius' Chardonnay 2021/22, Margaret River",Chardonnay,Australia,White,Rich & Toasty
Chardonnay,"Arboisier, Arnaison blanc, Arnoison, Aubain, Aubaine, Auvergnat blanc, Auvernas, Auvernas blanc, Auvernat blanc, Auxeras, Auxerras blanc, Auxerrois blanc, Auxois, Auxois blanc, Bargeois blanc, Beaunois, Biela Klevanjika, Blanc de Champagne, Blanc de Cramant, Breisgauer Suessling, Breisgauer Sussling, Burgundi Feher, Chablis, Chardenai, Chardenay, Chardenet, Chardennet, Chardonay, Chardonnet, Chatenait, Chatey Petit, Chatte, Chaudenay, Chaudenet, Chaudent, Clävner, Clevner Weiss, Cravner, Epinette, Epinette blanc, Epinette blanche, Epinette de Champagne, Ericey blanc, Feher Chardonnay, Feherburgundi, Feinburgunder, Gamay blanc, Gelber Weissburgunder, Gentil blanc, Grosse Bourgogne, Klawner, Klevanjka Biela, Klevner, Lisant, Luisant, Luizannais, Luizant, Luzannois, Maconnais, Maurillon blanc, Melon blanc, Melon D'Arbois, Meroué,[5] Moreau blanc, Morillon blanc, Moulon, Noirien blanc, Obaideh, Petit Chatey, Petit Sainte-Marie, Petite Sainte Marie, Pineau blanc, Pino Sardone, Pino Shardone, Pinot Blanc à Cramant, Pinot Blanc Chardonnay, Pinot Chardonnay, Pinot de Bourgogne, Pinot Giallo, Pinot Planc, Plant de Tonnerre, Romere, Romeret, Rouci Bile, Rousseau, Roussot, Ruländer Weiß, Sainte Marie Petite, Sardone, Shardone, Shardonne, Später Weiß Burgunder, Weiß Burgunder (normally refers to Pinot blanc), Weiß Clevner, Weiß Edler, Weiß Elder, Weiß Klewner, Weiß Silber, Weißedler, Weißer Clevner, Weißer Rulander.",France,"Mayu Gran Reserva Chardonnay 2020, Elqui Valley",Chardonnay,Chile,White,Ripe & Rounded
Chardonnay,"Arboisier, Arnaison blanc, Arnoison, Aubain, Aubaine, Auvergnat blanc, Auvernas, Auvernas blanc, Auvernat blanc, Auxeras, Auxerras blanc, Auxerrois blanc, Auxois, Auxois blanc, Bargeois blanc, Beaunois, Biela Klevanjika, Blanc de Champagne, Blanc de Cramant, Breisgauer Suessling, Breisgauer Sussling, Burgundi Feher, Chablis, Chardenai, Chardenay, Chardenet, Chardennet, Chardonay, Chardonnet, Chatenait, Chatey Petit, Chatte, Chaudenay, Chaudenet, Chaudent, Clävner, Clevner Weiss, Cravner, Epinette, Epinette blanc, Epinette blanche, Epinette de Champagne, Ericey blanc, Feher Chardonnay, Feherburgundi, Feinburgunder, Gamay blanc, Gelber Weissburgunder, Gentil blanc, Grosse Bourgogne, Klawner, Klevanjka Biela, Klevner, Lisant, Luisant, Luizannais, Luizant, Luzannois, Maconnais, Maurillon blanc, Melon blanc, Melon D'Arbois, Meroué,[5] Moreau blanc, Morillon blanc, Moulon, Noirien blanc, Obaideh, Petit Chatey, Petit Sainte-Marie, Petite Sainte Marie, Pineau blanc, Pino Sardone, Pino Shardone, Pinot Blanc à Cramant, Pinot Blanc Chardonnay, Pinot Chardonnay, Pinot de Bourgogne, Pinot Giallo, Pinot Planc, Plant de Tonnerre, Romere, Romeret, Rouci Bile, Rousseau, Roussot, Ruländer Weiß, Sainte Marie Petite, Sardone, Shardone, Shardonne, Später Weiß Burgunder, Weiß Burgunder (normally refers to Pinot blanc), Weiß Clevner, Weiß Edler, Weiß Elder, Weiß Klewner, Weiß Silber, Weißedler, Weißer Clevner, Weißer Rulander.",France,"Penfolds 'Max's' Chardonnay 2019/22, Adelaide Hills",Chardonnay,Australia,White,Rich & Toasty
Chardonnay,"Arboisier, Arnaison blanc, Arnoison, Aubain, Aubaine, Auvergnat blanc, Auvernas, Auvernas blanc, Auvernat blanc, Auxeras, Auxerras blanc, Auxerrois blanc, Auxois, Auxois blanc, Bargeois blanc, Beaunois, Biela Klevanjika, Blanc de Champagne, Blanc de Cramant, Breisgauer Suessling, Breisgauer Sussling, Burgundi Feher, Chablis, Chardenai, Chardenay, Chardenet, Chardennet, Chardonay, Chardonnet, Chatenait, Chatey Petit, Chatte, Chaudenay, Chaudenet, Chaudent, Clävner, Clevner Weiss, Cravner, Epinette, Epinette blanc, Epinette blanche, Epinette de Champagne, Ericey blanc, Feher Chardonnay, Feherburgundi, Feinburgunder, Gamay blanc, Gelber Weissburgunder, Gentil blanc, Grosse Bourgogne, Klawner, Klevanjka Biela, Klevner, Lisant, Luisant, Luizannais, Luizant, Luzannois, Maconnais, Maurillon blanc, Melon blanc, Melon D'Arbois, Meroué,[5] Moreau blanc, Morillon blanc, Moulon, Noirien blanc, Obaideh, Petit Chatey, Petit Sainte-Marie, Petite Sainte Marie, Pineau blanc, Pino Sardone, Pino Shardone, Pinot Blanc à Cramant, Pinot Blanc Chardonnay, Pinot Chardonnay, Pinot de Bourgogne, Pinot Giallo, Pinot Planc, Plant de Tonnerre, Romere, Romeret, Rouci Bile, Rousseau, Roussot, Ruländer Weiß, Sainte Marie Petite, Sardone, Shardone, Shardonne, Später Weiß Burgunder, Weiß Burgunder (normally refers to Pinot blanc), Weiß Clevner, Weiß Edler, Weiß Elder, Weiß Klewner, Weiß Silber, Weißedler, Weißer Clevner, Weißer Rulander.",France,"J Vineyards 'J Cuvée 20 Brut', Russian River Valley",Chardonnay,USA,White,Crisp & Fruity
Chardonnay,"Arboisier, Arnaison blanc, Arnoison, Aubain, Aubaine, Auvergnat blanc, Auvernas, Auvernas blanc, Auvernat blanc, Auxeras, Auxerras blanc, Auxerrois blanc, Auxois, Auxois blanc, Bargeois blanc, Beaunois, Biela Klevanjika, Blanc de Champagne, Blanc de Cramant, Breisgauer Suessling, Breisgauer Sussling, Burgundi Feher, Chablis, Chardenai, Chardenay, Chardenet, Chardennet, Chardonay, Chardonnet, Chatenait, Chatey Petit, Chatte, Chaudenay, Chaudenet, Chaudent, Clävner, Clevner Weiss, Cravner, Epinette, Epinette blanc, Epinette blanche, Epinette de Champagne, Ericey blanc, Feher Chardonnay, Feherburgundi, Feinburgunder, Gamay blanc, Gelber Weissburgunder, Gentil blanc, Grosse Bourgogne, Klawner, Klevanjka Biela, Klevner, Lisant, Luisant, Luizannais, Luizant, Luzannois, Maconnais, Maurillon blanc, Melon blanc, Melon D'Arbois, Meroué,[5] Moreau blanc, Morillon blanc, Moulon, Noirien blanc, Obaideh, Petit Chatey, Petit Sainte-Marie, Petite Sainte Marie, Pineau blanc, Pino Sardone, Pino Shardone, Pinot Blanc à Cramant, Pinot Blanc Chardonnay, Pinot Chardonnay, Pinot de Bourgogne, Pinot Giallo, Pinot Planc, Plant de Tonnerre, Romere, Romeret, Rouci Bile, Rousseau, Roussot, Ruländer Weiß, Sainte Marie Petite, Sardone, Shardone, Shardonne, Später Weiß Burgunder, Weiß Burgunder (normally refers to Pinot blanc), Weiß Clevner, Weiß Edler, Weiß Elder, Weiß Klewner, Weiß Silber, Weißedler, Weißer Clevner, Weißer Rulander.",France,Louis Latour Mâcon-Lugny 2021/22,Chardonnay,France,White,Ripe & Rounded
Chardonnay,"Arboisier, Arnaison blanc, Arnoison, Aubain, Aubaine, Auvergnat blanc, Auvernas, Auvernas blanc, Auvernat blanc, Auxeras, Auxerras blanc, Auxerrois blanc, Auxois, Auxois blanc, Bargeois blanc, Beaunois, Biela Klevanjika, Blanc de Champagne, Blanc de Cramant, Breisgauer Suessling, Breisgauer Sussling, Burgundi Feher, Chablis, Chardenai, Chardenay, Chardenet, Chardennet, Chardonay, Chardonnet, Chatenait, Chatey Petit, Chatte, Chaudenay, Chaudenet, Chaudent, Clävner, Clevner Weiss, Cravner, Epinette, Epinette blanc, Epinette blanche, Epinette de Champagne, Ericey blanc, Feher Chardonnay, Feherburgundi, Feinburgunder, Gamay blanc, Gelber Weissburgunder, Gentil blanc, Grosse Bourgogne, Klawner, Klevanjka Biela, Klevner, Lisant, Luisant, Luizannais, Luizant, Luzannois, Maconnais, Maurillon blanc, Melon blanc, Melon D'Arbois, Meroué,[5] Moreau blanc, Morillon blanc, Moulon, Noirien blanc, Obaideh, Petit Chatey, Petit Sainte-Marie, Petite Sainte Marie, Pineau blanc, Pino Sardone, Pino Shardone, Pinot Blanc à Cramant, Pinot Blanc Chardonnay, Pinot Chardonnay, Pinot de Bourgogne, Pinot Giallo, Pinot Planc, Plant de Tonnerre, Romere, Romeret, Rouci Bile, Rousseau, Roussot, Ruländer Weiß, Sainte Marie Petite, Sardone, Shardone, Shardonne, Später Weiß Burgunder, Weiß Burgunder (normally refers to Pinot blanc), Weiß Clevner, Weiß Edler, Weiß Elder, Weiß Klewner, Weiß Silber, Weißedler, Weißer Clevner, Weißer Rulander.",France,"Alamos Chardonnay 2021/22, Mendoza",Chardonnay,Argentina,White,Rich & Toasty
Chardonnay,"Arboisier, Arnaison blanc, Arnoison, Aubain, Aubaine, Auvergnat blanc, Auvernas, Auvernas blanc, Auvernat blanc, Auxeras, Auxerras blanc, Auxerrois blanc, Auxois, Auxois blanc, Bargeois blanc, Beaunois, Biela Klevanjika, Blanc de Champagne, Blanc de Cramant, Breisgauer Suessling, Breisgauer Sussling, Burgundi Feher, Chablis, Chardenai, Chardenay, Chardenet, Chardennet, Chardonay, Chardonnet, Chatenait, Chatey Petit, Chatte, Chaudenay, Chaudenet, Chaudent, Clävner, Clevner Weiss, Cravner, Epinette, Epinette blanc, Epinette blanche, Epinette de Champagne, Ericey blanc, Feher Chardonnay, Feherburgundi, Feinburgunder, Gamay blanc, Gelber Weissburgunder, Gentil blanc, Grosse Bourgogne, Klawner, Klevanjka Biela, Klevner, Lisant, Luisant, Luizannais, Luizant, Luzannois, Maconnais, Maurillon blanc, Melon blanc, Melon D'Arbois, Meroué,[5] Moreau blanc, Morillon blanc, Moulon, Noirien blanc, Obaideh, Petit Chatey, Petit Sainte-Marie, Petite Sainte Marie, Pineau blanc, Pino Sardone, Pino Shardone, Pinot Blanc à Cramant, Pinot Blanc Chardonnay, Pinot Chardonnay, Pinot de Bourgogne, Pinot Giallo, Pinot Planc, Plant de Tonnerre, Romere, Romeret, Rouci Bile, Rousseau, Roussot, Ruländer Weiß, Sainte Marie Petite, Sardone, Shardone, Shardonne, Später Weiß Burgunder, Weiß Burgunder (normally refers to Pinot blanc), Weiß Clevner, Weiß Edler, Weiß Elder, Weiß Klewner, Weiß Silber, Weißedler, Weißer Clevner, Weißer Rulander.",France,La Buxynoise Bourgogne Côte Chalonnaise 2020/21,Chardonnay,France,White,Ripe & Rounded
Chardonnay,"Arboisier, Arnaison blanc, Arnoison, Aubain, Aubaine, Auvergnat blanc, Auvernas, Auvernas blanc, Auvernat blanc, Auxeras, Auxerras blanc, Auxerrois blanc, Auxois, Auxois blanc, Bargeois blanc, Beaunois, Biela Klevanjika, Blanc de Champagne, Blanc de Cramant, Breisgauer Suessling, Breisgauer Sussling, Burgundi Feher, Chablis, Chardenai, Chardenay, Chardenet, Chardennet, Chardonay, Chardonnet, Chatenait, Chatey Petit, Chatte, Chaudenay, Chaudenet, Chaudent, Clävner, Clevner Weiss, Cravner, Epinette, Epinette blanc, Epinette blanche, Epinette de Champagne, Ericey blanc, Feher Chardonnay, Feherburgundi, Feinburgunder, Gamay blanc, Gelber Weissburgunder, Gentil blanc, Grosse Bourgogne, Klawner, Klevanjka Biela, Klevner, Lisant, Luisant, Luizannais, Luizant, Luzannois, Maconnais, Maurillon blanc, Melon blanc, Melon D'Arbois, Meroué,[5] Moreau blanc, Morillon blanc, Moulon, Noirien blanc, Obaideh, Petit Chatey, Petit Sainte-Marie, Petite Sainte Marie, Pineau blanc, Pino Sardone, Pino Shardone, Pinot Blanc à Cramant, Pinot Blanc Chardonnay, Pinot Chardonnay, Pinot de Bourgogne, Pinot Giallo, Pinot Planc, Plant de Tonnerre, Romere, Romeret, Rouci Bile, Rousseau, Roussot, Ruländer Weiß, Sainte Marie Petite, Sardone, Shardone, Shardonne, Später Weiß Burgunder, Weiß Burgunder (normally refers to Pinot blanc), Weiß Clevner, Weiß Edler, Weiß Elder, Weiß Klewner, Weiß Silber, Weißedler, Weißer Clevner, Weißer Rulander.",France,"Lyme Bay Chardonnay 2020/21, Essex",Chardonnay,England,White,Fresh & Elegant
Chardonnay,"Arboisier, Arnaison blanc, Arnoison, Aubain, Aubaine, Auvergnat blanc, Auvernas, Auvernas blanc, Auvernat blanc, Auxeras, Auxerras blanc, Auxerrois blanc, Auxois, Auxois blanc, Bargeois blanc, Beaunois, Biela Klevanjika, Blanc de Champagne, Blanc de Cramant, Breisgauer Suessling, Breisgauer Sussling, Burgundi Feher, Chablis, Chardenai, Chardenay, Chardenet, Chardennet, Chardonay, Chardonnet, Chatenait, Chatey Petit, Chatte, Chaudenay, Chaudenet, Chaudent, Clävner, Clevner Weiss, Cravner, Epinette, Epinette blanc, Epinette blanche, Epinette de Champagne, Ericey blanc, Feher Chardonnay, Feherburgundi, Feinburgunder, Gamay blanc, Gelber Weissburgunder, Gentil blanc, Grosse Bourgogne, Klawner, Klevanjka Biela, Klevner, Lisant, Luisant, Luizannais, Luizant, Luzannois, Maconnais, Maurillon blanc, Melon blanc, Melon D'Arbois, Meroué,[5] Moreau blanc, Morillon blanc, Moulon, Noirien blanc, Obaideh, Petit Chatey, Petit Sainte-Marie, Petite Sainte Marie, Pineau blanc, Pino Sardone, Pino Shardone, Pinot Blanc à Cramant, Pinot Blanc Chardonnay, Pinot Chardonnay, Pinot de Bourgogne, Pinot Giallo, Pinot Planc, Plant de Tonnerre, Romere, Romeret, Rouci Bile, Rousseau, Roussot, Ruländer Weiß, Sainte Marie Petite, Sardone, Shardone, Shardonne, Später Weiß Burgunder, Weiß Burgunder (normally refers to Pinot blanc), Weiß Clevner, Weiß Edler, Weiß Elder, Weiß Klewner, Weiß Silber, Weißedler, Weißer Clevner, Weißer Rulander.",France,Dom Perignon Brut Vintage Champagne,Chardonnay,France,White,Rich & Toasty
Chardonnay,"Arboisier, Arnaison blanc, Arnoison, Aubain, Aubaine, Auvergnat blanc, Auvernas, Auvernas blanc, Auvernat blanc, Auxeras, Auxerras blanc, Auxerrois blanc, Auxois, Auxois blanc, Bargeois blanc, Beaunois, Biela Klevanjika, Blanc de Champagne, Blanc de Cramant, Breisgauer Suessling, Breisgauer Sussling, Burgundi Feher, Chablis, Chardenai, Chardenay, Chardenet, Chardennet, Chardonay, Chardonnet, Chatenait, Chatey Petit, Chatte, Chaudenay, Chaudenet, Chaudent, Clävner, Clevner Weiss, Cravner, Epinette, Epinette blanc, Epinette blanche, Epinette de Champagne, Ericey blanc, Feher Chardonnay, Feherburgundi, Feinburgunder, Gamay blanc, Gelber Weissburgunder, Gentil blanc, Grosse Bourgogne, Klawner, Klevanjka Biela, Klevner, Lisant, Luisant, Luizannais, Luizant, Luzannois, Maconnais, Maurillon blanc, Melon blanc, Melon D'Arbois, Meroué,[5] Moreau blanc, Morillon blanc, Moulon, Noirien blanc, Obaideh, Petit Chatey, Petit Sainte-Marie, Petite Sainte Marie, Pineau blanc, Pino Sardone, Pino Shardone, Pinot Blanc à Cramant, Pinot Blanc Chardonnay, Pinot Chardonnay, Pinot de Bourgogne, Pinot Giallo, Pinot Planc, Plant de Tonnerre, Romere, Romeret, Rouci Bile, Rousseau, Roussot, Ruländer Weiß, Sainte Marie Petite, Sardone, Shardone, Shardonne, Später Weiß Burgunder, Weiß Burgunder (normally refers to Pinot blanc), Weiß Clevner, Weiß Edler, Weiß Elder, Weiß Klewner, Weiß Silber, Weißedler, Weißer Clevner, Weißer Rulander.",France,Domaine Bernard Michaut 'Beauroy' Chablis Premier Cru 2021/22,Chardonnay,France,White,Fresh & Elegant
Chardonnay,"Arboisier, Arnaison blanc, Arnoison, Aubain, Aubaine, Auvergnat blanc, Auvernas, Auvernas blanc, Auvernat blanc, Auxeras, Auxerras blanc, Auxerrois blanc, Auxois, Auxois blanc, Bargeois blanc, Beaunois, Biela Klevanjika, Blanc de Champagne, Blanc de Cramant, Breisgauer Suessling, Breisgauer Sussling, Burgundi Feher, Chablis, Chardenai, Chardenay, Chardenet, Chardennet, Chardonay, Chardonnet, Chatenait, Chatey Petit, Chatte, Chaudenay, Chaudenet, Chaudent, Clävner, Clevner Weiss, Cravner, Epinette, Epinette blanc, Epinette blanche, Epinette de Champagne, Ericey blanc, Feher Chardonnay, Feherburgundi, Feinburgunder, Gamay blanc, Gelber Weissburgunder, Gentil blanc, Grosse Bourgogne, Klawner, Klevanjka Biela, Klevner, Lisant, Luisant, Luizannais, Luizant, Luzannois, Maconnais, Maurillon blanc, Melon blanc, Melon D'Arbois, Meroué,[5] Moreau blanc, Morillon blanc, Moulon, Noirien blanc, Obaideh, Petit Chatey, Petit Sainte-Marie, Petite Sainte Marie, Pineau blanc, Pino Sardone, Pino Shardone, Pinot Blanc à Cramant, Pinot Blanc Chardonnay, Pinot Chardonnay, Pinot de Bourgogne, Pinot Giallo, Pinot Planc, Plant de Tonnerre, Romere, Romeret, Rouci Bile, Rousseau, Roussot, Ruländer Weiß, Sainte Marie Petite, Sardone, Shardone, Shardonne, Später Weiß Burgunder, Weiß Burgunder (normally refers to Pinot blanc), Weiß Clevner, Weiß Edler, Weiß Elder, Weiß Klewner, Weiß Silber, Weißedler, Weißer Clevner, Weißer Rulander.",France,Krug Grande Cuvée Champagne,Chardonnay,France,White,Rich & Toasty
Chardonnay,"Arboisier, Arnaison blanc, Arnoison, Aubain, Aubaine, Auvergnat blanc, Auvernas, Auvernas blanc, Auvernat blanc, Auxeras, Auxerras blanc, Auxerrois blanc, Auxois, Auxois blanc, Bargeois blanc, Beaunois, Biela Klevanjika, Blanc de Champagne, Blanc de Cramant, Breisgauer Suessling, Breisgauer Sussling, Burgundi Feher, Chablis, Chardenai, Chardenay, Chardenet, Chardennet, Chardonay, Chardonnet, Chatenait, Chatey Petit, Chatte, Chaudenay, Chaudenet, Chaudent, Clävner, Clevner Weiss, Cravner, Epinette, Epinette blanc, Epinette blanche, Epinette de Champagne, Ericey blanc, Feher Chardonnay, Feherburgundi, Feinburgunder, Gamay blanc, Gelber Weissburgunder, Gentil blanc, Grosse Bourgogne, Klawner, Klevanjka Biela, Klevner, Lisant, Luisant, Luizannais, Luizant, Luzannois, Maconnais, Maurillon blanc, Melon blanc, Melon D'Arbois, Meroué,[5] Moreau blanc, Morillon blanc, Moulon, Noirien blanc, Obaideh, Petit Chatey, Petit Sainte-Marie, Petite Sainte Marie, Pineau blanc, Pino Sardone, Pino Shardone, Pinot Blanc à Cramant, Pinot Blanc Chardonnay, Pinot Chardonnay, Pinot de Bourgogne, Pinot Giallo, Pinot Planc, Plant de Tonnerre, Romere, Romeret, Rouci Bile, Rousseau, Roussot, Ruländer Weiß, Sainte Marie Petite, Sardone, Shardone, Shardonne, Später Weiß Burgunder, Weiß Burgunder (normally refers to Pinot blanc), Weiß Clevner, Weiß Edler, Weiß Elder, Weiß Klewner, Weiß Silber, Weißedler, Weißer Clevner, Weißer Rulander.",France,Famille Brocard Chablis Premier Cru Vau de Vey 2021,Chardonnay,France,White,Fresh & Elegant
Chardonnay,"Arboisier, Arnaison blanc, Arnoison, Aubain, Aubaine, Auvergnat blanc, Auvernas, Auvernas blanc, Auvernat blanc, Auxeras, Auxerras blanc, Auxerrois blanc, Auxois, Auxois blanc, Bargeois blanc, Beaunois, Biela Klevanjika, Blanc de Champagne, Blanc de Cramant, Breisgauer Suessling, Breisgauer Sussling, Burgundi Feher, Chablis, Chardenai, Chardenay, Chardenet, Chardennet, Chardonay, Chardonnet, Chatenait, Chatey Petit, Chatte, Chaudenay, Chaudenet, Chaudent, Clävner, Clevner Weiss, Cravner, Epinette, Epinette blanc, Epinette blanche, Epinette de Champagne, Ericey blanc, Feher Chardonnay, Feherburgundi, Feinburgunder, Gamay blanc, Gelber Weissburgunder, Gentil blanc, Grosse Bourgogne, Klawner, Klevanjka Biela, Klevner, Lisant, Luisant, Luizannais, Luizant, Luzannois, Maconnais, Maurillon blanc, Melon blanc, Melon D'Arbois, Meroué,[5] Moreau blanc, Morillon blanc, Moulon, Noirien blanc, Obaideh, Petit Chatey, Petit Sainte-Marie, Petite Sainte Marie, Pineau blanc, Pino Sardone, Pino Shardone, Pinot Blanc à Cramant, Pinot Blanc Chardonnay, Pinot Chardonnay, Pinot de Bourgogne, Pinot Giallo, Pinot Planc, Plant de Tonnerre, Romere, Romeret, Rouci Bile, Rousseau, Roussot, Ruländer Weiß, Sainte Marie Petite, Sardone, Shardone, Shardonne, Später Weiß Burgunder, Weiß Burgunder (normally refers to Pinot blanc), Weiß Clevner, Weiß Edler, Weiß Elder, Weiß Klewner, Weiß Silber, Weißedler, Weißer Clevner, Weißer Rulander.",France,Rijckaert F. Rouve 'Haute Cuvée' Viré-Clessé 2020/21,Chardonnay,France,White,Ripe & Rounded
Chardonnay,"Arboisier, Arnaison blanc, Arnoison, Aubain, Aubaine, Auvergnat blanc, Auvernas, Auvernas blanc, Auvernat blanc, Auxeras, Auxerras blanc, Auxerrois blanc, Auxois, Auxois blanc, Bargeois blanc, Beaunois, Biela Klevanjika, Blanc de Champagne, Blanc de Cramant, Breisgauer Suessling, Breisgauer Sussling, Burgundi Feher, Chablis, Chardenai, Chardenay, Chardenet, Chardennet, Chardonay, Chardonnet, Chatenait, Chatey Petit, Chatte, Chaudenay, Chaudenet, Chaudent, Clävner, Clevner Weiss, Cravner, Epinette, Epinette blanc, Epinette blanche, Epinette de Champagne, Ericey blanc, Feher Chardonnay, Feherburgundi, Feinburgunder, Gamay blanc, Gelber Weissburgunder, Gentil blanc, Grosse Bourgogne, Klawner, Klevanjka Biela, Klevner, Lisant, Luisant, Luizannais, Luizant, Luzannois, Maconnais, Maurillon blanc, Melon blanc, Melon D'Arbois, Meroué,[5] Moreau blanc, Morillon blanc, Moulon, Noirien blanc, Obaideh, Petit Chatey, Petit Sainte-Marie, Petite Sainte Marie, Pineau blanc, Pino Sardone, Pino Shardone, Pinot Blanc à Cramant, Pinot Blanc Chardonnay, Pinot Chardonnay, Pinot de Bourgogne, Pinot Giallo, Pinot Planc, Plant de Tonnerre, Romere, Romeret, Rouci Bile, Rousseau, Roussot, Ruländer Weiß, Sainte Marie Petite, Sardone, Shardone, Shardonne, Später Weiß Burgunder, Weiß Burgunder (normally refers to Pinot blanc), Weiß Clevner, Weiß Edler, Weiß Elder, Weiß Klewner, Weiß Silber, Weißedler, Weißer Clevner, Weißer Rulander.",France,Alain Chavy 'Les Champs Gains’ Puligny-Montrachet Premier Cru 2018/19,Chardonnay,France,White,Rich & Toasty
Chardonnay,"Arboisier, Arnaison blanc, Arnoison, Aubain, Aubaine, Auvergnat blanc, Auvernas, Auvernas blanc, Auvernat blanc, Auxeras, Auxerras blanc, Auxerrois blanc, Auxois, Auxois blanc, Bargeois blanc, Beaunois, Biela Klevanjika, Blanc de Champagne, Blanc de Cramant, Breisgauer Suessling, Breisgauer Sussling, Burgundi Feher, Chablis, Chardenai, Chardenay, Chardenet, Chardennet, Chardonay, Chardonnet, Chatenait, Chatey Petit, Chatte, Chaudenay, Chaudenet, Chaudent, Clävner, Clevner Weiss, Cravner, Epinette, Epinette blanc, Epinette blanche, Epinette de Champagne, Ericey blanc, Feher Chardonnay, Feherburgundi, Feinburgunder, Gamay blanc, Gelber Weissburgunder, Gentil blanc, Grosse Bourgogne, Klawner, Klevanjka Biela, Klevner, Lisant, Luisant, Luizannais, Luizant, Luzannois, Maconnais, Maurillon blanc, Melon blanc, Melon D'Arbois, Meroué,[5] Moreau blanc, Morillon blanc, Moulon, Noirien blanc, Obaideh, Petit Chatey, Petit Sainte-Marie, Petite Sainte Marie, Pineau blanc, Pino Sardone, Pino Shardone, Pinot Blanc à Cramant, Pinot Blanc Chardonnay, Pinot Chardonnay, Pinot de Bourgogne, Pinot Giallo, Pinot Planc, Plant de Tonnerre, Romere, Romeret, Rouci Bile, Rousseau, Roussot, Ruländer Weiß, Sainte Marie Petite, Sardone, Shardone, Shardonne, Später Weiß Burgunder, Weiß Burgunder (normally refers to Pinot blanc), Weiß Clevner, Weiß Edler, Weiß Elder, Weiß Klewner, Weiß Silber, Weißedler, Weißer Clevner, Weißer Rulander.",France,"Abbotts & Delaunay, Domaine de la Métairie d'Alon 'Le Village' Organic Chardonnay 2022, Languedoc",Chardonnay,France,White,Rich & Toasty
Chardonnay,"Arboisier, Arnaison blanc, Arnoison, Aubain, Aubaine, Auvergnat blanc, Auvernas, Auvernas blanc, Auvernat blanc, Auxeras, Auxerras blanc, Auxerrois blanc, Auxois, Auxois blanc, Bargeois blanc, Beaunois, Biela Klevanjika, Blanc de Champagne, Blanc de Cramant, Breisgauer Suessling, Breisgauer Sussling, Burgundi Feher, Chablis, Chardenai, Chardenay, Chardenet, Chardennet, Chardonay, Chardonnet, Chatenait, Chatey Petit, Chatte, Chaudenay, Chaudenet, Chaudent, Clävner, Clevner Weiss, Cravner, Epinette, Epinette blanc, Epinette blanche, Epinette de Champagne, Ericey blanc, Feher Chardonnay, Feherburgundi, Feinburgunder, Gamay blanc, Gelber Weissburgunder, Gentil blanc, Grosse Bourgogne, Klawner, Klevanjka Biela, Klevner, Lisant, Luisant, Luizannais, Luizant, Luzannois, Maconnais, Maurillon blanc, Melon blanc, Melon D'Arbois, Meroué,[5] Moreau blanc, Morillon blanc, Moulon, Noirien blanc, Obaideh, Petit Chatey, Petit Sainte-Marie, Petite Sainte Marie, Pineau blanc, Pino Sardone, Pino Shardone, Pinot Blanc à Cramant, Pinot Blanc Chardonnay, Pinot Chardonnay, Pinot de Bourgogne, Pinot Giallo, Pinot Planc, Plant de Tonnerre, Romere, Romeret, Rouci Bile, Rousseau, Roussot, Ruländer Weiß, Sainte Marie Petite, Sardone, Shardone, Shardonne, Später Weiß Burgunder, Weiß Burgunder (normally refers to Pinot blanc), Weiß Clevner, Weiß Edler, Weiß Elder, Weiß Klewner, Weiß Silber, Weißedler, Weißer Clevner, Weißer Rulander.",France,Domaine Cordier Père et Fils 'En Faux' Saint-Véran 2020/22,Chardonnay,France,White,Ripe & Rounded
Chardonnay,"Arboisier, Arnaison blanc, Arnoison, Aubain, Aubaine, Auvergnat blanc, Auvernas, Auvernas blanc, Auvernat blanc, Auxeras, Auxerras blanc, Auxerrois blanc, Auxois, Auxois blanc, Bargeois blanc, Beaunois, Biela Klevanjika, Blanc de Champagne, Blanc de Cramant, Breisgauer Suessling, Breisgauer Sussling, Burgundi Feher, Chablis, Chardenai, Chardenay, Chardenet, Chardennet, Chardonay, Chardonnet, Chatenait, Chatey Petit, Chatte, Chaudenay, Chaudenet, Chaudent, Clävner, Clevner Weiss, Cravner, Epinette, Epinette blanc, Epinette blanche, Epinette de Champagne, Ericey blanc, Feher Chardonnay, Feherburgundi, Feinburgunder, Gamay blanc, Gelber Weissburgunder, Gentil blanc, Grosse Bourgogne, Klawner, Klevanjka Biela, Klevner, Lisant, Luisant, Luizannais, Luizant, Luzannois, Maconnais, Maurillon blanc, Melon blanc, Melon D'Arbois, Meroué,[5] Moreau blanc, Morillon blanc, Moulon, Noirien blanc, Obaideh, Petit Chatey, Petit Sainte-Marie, Petite Sainte Marie, Pineau blanc, Pino Sardone, Pino Shardone, Pinot Blanc à Cramant, Pinot Blanc Chardonnay, Pinot Chardonnay, Pinot de Bourgogne, Pinot Giallo, Pinot Planc, Plant de Tonnerre, Romere, Romeret, Rouci Bile, Rousseau, Roussot, Ruländer Weiß, Sainte Marie Petite, Sardone, Shardone, Shardonne, Später Weiß Burgunder, Weiß Burgunder (normally refers to Pinot blanc), Weiß Clevner, Weiß Edler, Weiß Elder, Weiß Klewner, Weiß Silber, Weißedler, Weißer Clevner, Weißer Rulander.",France,Krug 2004/08 Champagne,Chardonnay,France,White,Rich & Toasty
Chardonnay,"Arboisier, Arnaison blanc, Arnoison, Aubain, Aubaine, Auvergnat blanc, Auvernas, Auvernas blanc, Auvernat blanc, Auxeras, Auxerras blanc, Auxerrois blanc, Auxois, Auxois blanc, Bargeois blanc, Beaunois, Biela Klevanjika, Blanc de Champagne, Blanc de Cramant, Breisgauer Suessling, Breisgauer Sussling, Burgundi Feher, Chablis, Chardenai, Chardenay, Chardenet, Chardennet, Chardonay, Chardonnet, Chatenait, Chatey Petit, Chatte, Chaudenay, Chaudenet, Chaudent, Clävner, Clevner Weiss, Cravner, Epinette, Epinette blanc, Epinette blanche, Epinette de Champagne, Ericey blanc, Feher Chardonnay, Feherburgundi, Feinburgunder, Gamay blanc, Gelber Weissburgunder, Gentil blanc, Grosse Bourgogne, Klawner, Klevanjka Biela, Klevner, Lisant, Luisant, Luizannais, Luizant, Luzannois, Maconnais, Maurillon blanc, Melon blanc, Melon D'Arbois, Meroué,[5] Moreau blanc, Morillon blanc, Moulon, Noirien blanc, Obaideh, Petit Chatey, Petit Sainte-Marie, Petite Sainte Marie, Pineau blanc, Pino Sardone, Pino Shardone, Pinot Blanc à Cramant, Pinot Blanc Chardonnay, Pinot Chardonnay, Pinot de Bourgogne, Pinot Giallo, Pinot Planc, Plant de Tonnerre, Romere, Romeret, Rouci Bile, Rousseau, Roussot, Ruländer Weiß, Sainte Marie Petite, Sardone, Shardone, Shardonne, Später Weiß Burgunder, Weiß Burgunder (normally refers to Pinot blanc), Weiß Clevner, Weiß Edler, Weiß Elder, Weiß Klewner, Weiß Silber, Weißedler, Weißer Clevner, Weißer Rulander.",France,"Au Bon Climat Chardonnay 2021/22, Santa Barbara County",Chardonnay,USA,White,Rich & Toasty
Chardonnay,"Arboisier, Arnaison blanc, Arnoison, Aubain, Aubaine, Auvergnat blanc, Auvernas, Auvernas blanc, Auvernat blanc, Auxeras, Auxerras blanc, Auxerrois blanc, Auxois, Auxois blanc, Bargeois blanc, Beaunois, Biela Klevanjika, Blanc de Champagne, Blanc de Cramant, Breisgauer Suessling, Breisgauer Sussling, Burgundi Feher, Chablis, Chardenai, Chardenay, Chardenet, Chardennet, Chardonay, Chardonnet, Chatenait, Chatey Petit, Chatte, Chaudenay, Chaudenet, Chaudent, Clävner, Clevner Weiss, Cravner, Epinette, Epinette blanc, Epinette blanche, Epinette de Champagne, Ericey blanc, Feher Chardonnay, Feherburgundi, Feinburgunder, Gamay blanc, Gelber Weissburgunder, Gentil blanc, Grosse Bourgogne, Klawner, Klevanjka Biela, Klevner, Lisant, Luisant, Luizannais, Luizant, Luzannois, Maconnais, Maurillon blanc, Melon blanc, Melon D'Arbois, Meroué,[5] Moreau blanc, Morillon blanc, Moulon, Noirien blanc, Obaideh, Petit Chatey, Petit Sainte-Marie, Petite Sainte Marie, Pineau blanc, Pino Sardone, Pino Shardone, Pinot Blanc à Cramant, Pinot Blanc Chardonnay, Pinot Chardonnay, Pinot de Bourgogne, Pinot Giallo, Pinot Planc, Plant de Tonnerre, Romere, Romeret, Rouci Bile, Rousseau, Roussot, Ruländer Weiß, Sainte Marie Petite, Sardone, Shardone, Shardonne, Später Weiß Burgunder, Weiß Burgunder (normally refers to Pinot blanc), Weiß Clevner, Weiß Edler, Weiß Elder, Weiß Klewner, Weiß Silber, Weißedler, Weißer Clevner, Weißer Rulander.",France,"Acacia Road Chardonnay 2020/22, South Africa",Chardonnay,South Africa,White,Smooth & Light
Chardonnay,"Arboisier, Arnaison blanc, Arnoison, Aubain, Aubaine, Auvergnat blanc, Auvernas, Auvernas blanc, Auvernat blanc, Auxeras, Auxerras blanc, Auxerrois blanc, Auxois, Auxois blanc, Bargeois blanc, Beaunois, Biela Klevanjika, Blanc de Champagne, Blanc de Cramant, Breisgauer Suessling, Breisgauer Sussling, Burgundi Feher, Chablis, Chardenai, Chardenay, Chardenet, Chardennet, Chardonay, Chardonnet, Chatenait, Chatey Petit, Chatte, Chaudenay, Chaudenet, Chaudent, Clävner, Clevner Weiss, Cravner, Epinette, Epinette blanc, Epinette blanche, Epinette de Champagne, Ericey blanc, Feher Chardonnay, Feherburgundi, Feinburgunder, Gamay blanc, Gelber Weissburgunder, Gentil blanc, Grosse Bourgogne, Klawner, Klevanjka Biela, Klevner, Lisant, Luisant, Luizannais, Luizant, Luzannois, Maconnais, Maurillon blanc, Melon blanc, Melon D'Arbois, Meroué,[5] Moreau blanc, Morillon blanc, Moulon, Noirien blanc, Obaideh, Petit Chatey, Petit Sainte-Marie, Petite Sainte Marie, Pineau blanc, Pino Sardone, Pino Shardone, Pinot Blanc à Cramant, Pinot Blanc Chardonnay, Pinot Chardonnay, Pinot de Bourgogne, Pinot Giallo, Pinot Planc, Plant de Tonnerre, Romere, Romeret, Rouci Bile, Rousseau, Roussot, Ruländer Weiß, Sainte Marie Petite, Sardone, Shardone, Shardonne, Später Weiß Burgunder, Weiß Burgunder (normally refers to Pinot blanc), Weiß Clevner, Weiß Edler, Weiß Elder, Weiß Klewner, Weiß Silber, Weißedler, Weißer Clevner, Weißer Rulander.",France,Domaine Cordier Père et Fils 'Vieilles Vignes' Pouilly-Fuissé 2020/21,Chardonnay,France,White,Ripe & Rounded
Chardonnay,"Arboisier, Arnaison blanc, Arnoison, Aubain, Aubaine, Auvergnat blanc, Auvernas, Auvernas blanc, Auvernat blanc, Auxeras, Auxerras blanc, Auxerrois blanc, Auxois, Auxois blanc, Bargeois blanc, Beaunois, Biela Klevanjika, Blanc de Champagne, Blanc de Cramant, Breisgauer Suessling, Breisgauer Sussling, Burgundi Feher, Chablis, Chardenai, Chardenay, Chardenet, Chardennet, Chardonay, Chardonnet, Chatenait, Chatey Petit, Chatte, Chaudenay, Chaudenet, Chaudent, Clävner, Clevner Weiss, Cravner, Epinette, Epinette blanc, Epinette blanche, Epinette de Champagne, Ericey blanc, Feher Chardonnay, Feherburgundi, Feinburgunder, Gamay blanc, Gelber Weissburgunder, Gentil blanc, Grosse Bourgogne, Klawner, Klevanjka Biela, Klevner, Lisant, Luisant, Luizannais, Luizant, Luzannois, Maconnais, Maurillon blanc, Melon blanc, Melon D'Arbois, Meroué,[5] Moreau blanc, Morillon blanc, Moulon, Noirien blanc, Obaideh, Petit Chatey, Petit Sainte-Marie, Petite Sainte Marie, Pineau blanc, Pino Sardone, Pino Shardone, Pinot Blanc à Cramant, Pinot Blanc Chardonnay, Pinot Chardonnay, Pinot de Bourgogne, Pinot Giallo, Pinot Planc, Plant de Tonnerre, Romere, Romeret, Rouci Bile, Rousseau, Roussot, Ruländer Weiß, Sainte Marie Petite, Sardone, Shardone, Shardonne, Später Weiß Burgunder, Weiß Burgunder (normally refers to Pinot blanc), Weiß Clevner, Weiß Edler, Weiß Elder, Weiß Klewner, Weiß Silber, Weißedler, Weißer Clevner, Weißer Rulander.",France,Jean-Louis Chavy Puligny-Montrachet 2019/20,Chardonnay,France,White,Rich & Toasty
Chardonnay,"Arboisier, Arnaison blanc, Arnoison, Aubain, Aubaine, Auvergnat blanc, Auvernas, Auvernas blanc, Auvernat blanc, Auxeras, Auxerras blanc, Auxerrois blanc, Auxois, Auxois blanc, Bargeois blanc, Beaunois, Biela Klevanjika, Blanc de Champagne, Blanc de Cramant, Breisgauer Suessling, Breisgauer Sussling, Burgundi Feher, Chablis, Chardenai, Chardenay, Chardenet, Chardennet, Chardonay, Chardonnet, Chatenait, Chatey Petit, Chatte, Chaudenay, Chaudenet, Chaudent, Clävner, Clevner Weiss, Cravner, Epinette, Epinette blanc, Epinette blanche, Epinette de Champagne, Ericey blanc, Feher Chardonnay, Feherburgundi, Feinburgunder, Gamay blanc, Gelber Weissburgunder, Gentil blanc, Grosse Bourgogne, Klawner, Klevanjka Biela, Klevner, Lisant, Luisant, Luizannais, Luizant, Luzannois, Maconnais, Maurillon blanc, Melon blanc, Melon D'Arbois, Meroué,[5] Moreau blanc, Morillon blanc, Moulon, Noirien blanc, Obaideh, Petit Chatey, Petit Sainte-Marie, Petite Sainte Marie, Pineau blanc, Pino Sardone, Pino Shardone, Pinot Blanc à Cramant, Pinot Blanc Chardonnay, Pinot Chardonnay, Pinot de Bourgogne, Pinot Giallo, Pinot Planc, Plant de Tonnerre, Romere, Romeret, Rouci Bile, Rousseau, Roussot, Ruländer Weiß, Sainte Marie Petite, Sardone, Shardone, Shardonne, Später Weiß Burgunder, Weiß Burgunder (normally refers to Pinot blanc), Weiß Clevner, Weiß Edler, Weiß Elder, Weiß Klewner, Weiß Silber, Weißedler, Weißer Clevner, Weißer Rulander.",France,Bollinger ‘Grande Année’ Champagne 2012/14,Chardonnay,France,White,Rich & Toasty
Chardonnay,"Arboisier, Arnaison blanc, Arnoison, Aubain, Aubaine, Auvergnat blanc, Auvernas, Auvernas blanc, Auvernat blanc, Auxeras, Auxerras blanc, Auxerrois blanc, Auxois, Auxois blanc, Bargeois blanc, Beaunois, Biela Klevanjika, Blanc de Champagne, Blanc de Cramant, Breisgauer Suessling, Breisgauer Sussling, Burgundi Feher, Chablis, Chardenai, Chardenay, Chardenet, Chardennet, Chardonay, Chardonnet, Chatenait, Chatey Petit, Chatte, Chaudenay, Chaudenet, Chaudent, Clävner, Clevner Weiss, Cravner, Epinette, Epinette blanc, Epinette blanche, Epinette de Champagne, Ericey blanc, Feher Chardonnay, Feherburgundi, Feinburgunder, Gamay blanc, Gelber Weissburgunder, Gentil blanc, Grosse Bourgogne, Klawner, Klevanjka Biela, Klevner, Lisant, Luisant, Luizannais, Luizant, Luzannois, Maconnais, Maurillon blanc, Melon blanc, Melon D'Arbois, Meroué,[5] Moreau blanc, Morillon blanc, Moulon, Noirien blanc, Obaideh, Petit Chatey, Petit Sainte-Marie, Petite Sainte Marie, Pineau blanc, Pino Sardone, Pino Shardone, Pinot Blanc à Cramant, Pinot Blanc Chardonnay, Pinot Chardonnay, Pinot de Bourgogne, Pinot Giallo, Pinot Planc, Plant de Tonnerre, Romere, Romeret, Rouci Bile, Rousseau, Roussot, Ruländer Weiß, Sainte Marie Petite, Sardone, Shardone, Shardonne, Später Weiß Burgunder, Weiß Burgunder (normally refers to Pinot blanc), Weiß Clevner, Weiß Edler, Weiß Elder, Weiß Klewner, Weiß Silber, Weißedler, Weißer Clevner, Weißer Rulander.",France,"J. Moreau et Fils ‘Le Sans Bois' Chardonnay 2020/21, France",Chardonnay,France,White,Fresh & Elegant
Chardonnay,"Arboisier, Arnaison blanc, Arnoison, Aubain, Aubaine, Auvergnat blanc, Auvernas, Auvernas blanc, Auvernat blanc, Auxeras, Auxerras blanc, Auxerrois blanc, Auxois, Auxois blanc, Bargeois blanc, Beaunois, Biela Klevanjika, Blanc de Champagne, Blanc de Cramant, Breisgauer Suessling, Breisgauer Sussling, Burgundi Feher, Chablis, Chardenai, Chardenay, Chardenet, Chardennet, Chardonay, Chardonnet, Chatenait, Chatey Petit, Chatte, Chaudenay, Chaudenet, Chaudent, Clävner, Clevner Weiss, Cravner, Epinette, Epinette blanc, Epinette blanche, Epinette de Champagne, Ericey blanc, Feher Chardonnay, Feherburgundi, Feinburgunder, Gamay blanc, Gelber Weissburgunder, Gentil blanc, Grosse Bourgogne, Klawner, Klevanjka Biela, Klevner, Lisant, Luisant, Luizannais, Luizant, Luzannois, Maconnais, Maurillon blanc, Melon blanc, Melon D'Arbois, Meroué,[5] Moreau blanc, Morillon blanc, Moulon, Noirien blanc, Obaideh, Petit Chatey, Petit Sainte-Marie, Petite Sainte Marie, Pineau blanc, Pino Sardone, Pino Shardone, Pinot Blanc à Cramant, Pinot Blanc Chardonnay, Pinot Chardonnay, Pinot de Bourgogne, Pinot Giallo, Pinot Planc, Plant de Tonnerre, Romere, Romeret, Rouci Bile, Rousseau, Roussot, Ruländer Weiß, Sainte Marie Petite, Sardone, Shardone, Shardonne, Später Weiß Burgunder, Weiß Burgunder (normally refers to Pinot blanc), Weiß Clevner, Weiß Edler, Weiß Elder, Weiß Klewner, Weiß Silber, Weißedler, Weißer Clevner, Weißer Rulander.",France,Domaine Roux Père & Fils ‘Les Agnières’ Rully Blanc 2020,Chardonnay,France,White,
Chardonnay,"Arboisier, Arnaison blanc, Arnoison, Aubain, Aubaine, Auvergnat blanc, Auvernas, Auvernas blanc, Auvernat blanc, Auxeras, Auxerras blanc, Auxerrois blanc, Auxois, Auxois blanc, Bargeois blanc, Beaunois, Biela Klevanjika, Blanc de Champagne, Blanc de Cramant, Breisgauer Suessling, Breisgauer Sussling, Burgundi Feher, Chablis, Chardenai, Chardenay, Chardenet, Chardennet, Chardonay, Chardonnet, Chatenait, Chatey Petit, Chatte, Chaudenay, Chaudenet, Chaudent, Clävner, Clevner Weiss, Cravner, Epinette, Epinette blanc, Epinette blanche, Epinette de Champagne, Ericey blanc, Feher Chardonnay, Feherburgundi, Feinburgunder, Gamay blanc, Gelber Weissburgunder, Gentil blanc, Grosse Bourgogne, Klawner, Klevanjka Biela, Klevner, Lisant, Luisant, Luizannais, Luizant, Luzannois, Maconnais, Maurillon blanc, Melon blanc, Melon D'Arbois, Meroué,[5] Moreau blanc, Morillon blanc, Moulon, Noirien blanc, Obaideh, Petit Chatey, Petit Sainte-Marie, Petite Sainte Marie, Pineau blanc, Pino Sardone, Pino Shardone, Pinot Blanc à Cramant, Pinot Blanc Chardonnay, Pinot Chardonnay, Pinot de Bourgogne, Pinot Giallo, Pinot Planc, Plant de Tonnerre, Romere, Romeret, Rouci Bile, Rousseau, Roussot, Ruländer Weiß, Sainte Marie Petite, Sardone, Shardone, Shardonne, Später Weiß Burgunder, Weiß Burgunder (normally refers to Pinot blanc), Weiß Clevner, Weiß Edler, Weiß Elder, Weiß Klewner, Weiß Silber, Weißedler, Weißer Clevner, Weißer Rulander.",France,"Hambledon Classic Cuvee, Hampshire",Chardonnay,England,White,Crisp & Fruity
Chardonnay,"Arboisier, Arnaison blanc, Arnoison, Aubain, Aubaine, Auvergnat blanc, Auvernas, Auvernas blanc, Auvernat blanc, Auxeras, Auxerras blanc, Auxerrois blanc, Auxois, Auxois blanc, Bargeois blanc, Beaunois, Biela Klevanjika, Blanc de Champagne, Blanc de Cramant, Breisgauer Suessling, Breisgauer Sussling, Burgundi Feher, Chablis, Chardenai, Chardenay, Chardenet, Chardennet, Chardonay, Chardonnet, Chatenait, Chatey Petit, Chatte, Chaudenay, Chaudenet, Chaudent, Clävner, Clevner Weiss, Cravner, Epinette, Epinette blanc, Epinette blanche, Epinette de Champagne, Ericey blanc, Feher Chardonnay, Feherburgundi, Feinburgunder, Gamay blanc, Gelber Weissburgunder, Gentil blanc, Grosse Bourgogne, Klawner, Klevanjka Biela, Klevner, Lisant, Luisant, Luizannais, Luizant, Luzannois, Maconnais, Maurillon blanc, Melon blanc, Melon D'Arbois, Meroué,[5] Moreau blanc, Morillon blanc, Moulon, Noirien blanc, Obaideh, Petit Chatey, Petit Sainte-Marie, Petite Sainte Marie, Pineau blanc, Pino Sardone, Pino Shardone, Pinot Blanc à Cramant, Pinot Blanc Chardonnay, Pinot Chardonnay, Pinot de Bourgogne, Pinot Giallo, Pinot Planc, Plant de Tonnerre, Romere, Romeret, Rouci Bile, Rousseau, Roussot, Ruländer Weiß, Sainte Marie Petite, Sardone, Shardone, Shardonne, Später Weiß Burgunder, Weiß Burgunder (normally refers to Pinot blanc), Weiß Clevner, Weiß Edler, Weiß Elder, Weiß Klewner, Weiß Silber, Weißedler, Weißer Clevner, Weißer Rulander.",France,Bollinger Special Cuvée Champagne Magnum,Chardonnay,France,White,Rich & Toasty
Chardonnay,"Arboisier, Arnaison blanc, Arnoison, Aubain, Aubaine, Auvergnat blanc, Auvernas, Auvernas blanc, Auvernat blanc, Auxeras, Auxerras blanc, Auxerrois blanc, Auxois, Auxois blanc, Bargeois blanc, Beaunois, Biela Klevanjika, Blanc de Champagne, Blanc de Cramant, Breisgauer Suessling, Breisgauer Sussling, Burgundi Feher, Chablis, Chardenai, Chardenay, Chardenet, Chardennet, Chardonay, Chardonnet, Chatenait, Chatey Petit, Chatte, Chaudenay, Chaudenet, Chaudent, Clävner, Clevner Weiss, Cravner, Epinette, Epinette blanc, Epinette blanche, Epinette de Champagne, Ericey blanc, Feher Chardonnay, Feherburgundi, Feinburgunder, Gamay blanc, Gelber Weissburgunder, Gentil blanc, Grosse Bourgogne, Klawner, Klevanjka Biela, Klevner, Lisant, Luisant, Luizannais, Luizant, Luzannois, Maconnais, Maurillon blanc, Melon blanc, Melon D'Arbois, Meroué,[5] Moreau blanc, Morillon blanc, Moulon, Noirien blanc, Obaideh, Petit Chatey, Petit Sainte-Marie, Petite Sainte Marie, Pineau blanc, Pino Sardone, Pino Shardone, Pinot Blanc à Cramant, Pinot Blanc Chardonnay, Pinot Chardonnay, Pinot de Bourgogne, Pinot Giallo, Pinot Planc, Plant de Tonnerre, Romere, Romeret, Rouci Bile, Rousseau, Roussot, Ruländer Weiß, Sainte Marie Petite, Sardone, Shardone, Shardonne, Später Weiß Burgunder, Weiß Burgunder (normally refers to Pinot blanc), Weiß Clevner, Weiß Edler, Weiß Elder, Weiß Klewner, Weiß Silber, Weißedler, Weißer Clevner, Weißer Rulander.",France,"Errazuriz Wild Ferment Chardonnay 2020/21, Casablanca Valley",Chardonnay,Chile,White,Rich & Toasty
Chardonnay,"Arboisier, Arnaison blanc, Arnoison, Aubain, Aubaine, Auvergnat blanc, Auvernas, Auvernas blanc, Auvernat blanc, Auxeras, Auxerras blanc, Auxerrois blanc, Auxois, Auxois blanc, Bargeois blanc, Beaunois, Biela Klevanjika, Blanc de Champagne, Blanc de Cramant, Breisgauer Suessling, Breisgauer Sussling, Burgundi Feher, Chablis, Chardenai, Chardenay, Chardenet, Chardennet, Chardonay, Chardonnet, Chatenait, Chatey Petit, Chatte, Chaudenay, Chaudenet, Chaudent, Clävner, Clevner Weiss, Cravner, Epinette, Epinette blanc, Epinette blanche, Epinette de Champagne, Ericey blanc, Feher Chardonnay, Feherburgundi, Feinburgunder, Gamay blanc, Gelber Weissburgunder, Gentil blanc, Grosse Bourgogne, Klawner, Klevanjka Biela, Klevner, Lisant, Luisant, Luizannais, Luizant, Luzannois, Maconnais, Maurillon blanc, Melon blanc, Melon D'Arbois, Meroué,[5] Moreau blanc, Morillon blanc, Moulon, Noirien blanc, Obaideh, Petit Chatey, Petit Sainte-Marie, Petite Sainte Marie, Pineau blanc, Pino Sardone, Pino Shardone, Pinot Blanc à Cramant, Pinot Blanc Chardonnay, Pinot Chardonnay, Pinot de Bourgogne, Pinot Giallo, Pinot Planc, Plant de Tonnerre, Romere, Romeret, Rouci Bile, Rousseau, Roussot, Ruländer Weiß, Sainte Marie Petite, Sardone, Shardone, Shardonne, Später Weiß Burgunder, Weiß Burgunder (normally refers to Pinot blanc), Weiß Clevner, Weiß Edler, Weiß Elder, Weiß Klewner, Weiß Silber, Weißedler, Weißer Clevner, Weißer Rulander.",France,Caves des Grand Crus Blancs Pouilly-Vinzelles 2019/20,Chardonnay,France,White,Ripe & Rounded
Chardonnay,"Arboisier, Arnaison blanc, Arnoison, Aubain, Aubaine, Auvergnat blanc, Auvernas, Auvernas blanc, Auvernat blanc, Auxeras, Auxerras blanc, Auxerrois blanc, Auxois, Auxois blanc, Bargeois blanc, Beaunois, Biela Klevanjika, Blanc de Champagne, Blanc de Cramant, Breisgauer Suessling, Breisgauer Sussling, Burgundi Feher, Chablis, Chardenai, Chardenay, Chardenet, Chardennet, Chardonay, Chardonnet, Chatenait, Chatey Petit, Chatte, Chaudenay, Chaudenet, Chaudent, Clävner, Clevner Weiss, Cravner, Epinette, Epinette blanc, Epinette blanche, Epinette de Champagne, Ericey blanc, Feher Chardonnay, Feherburgundi, Feinburgunder, Gamay blanc, Gelber Weissburgunder, Gentil blanc, Grosse Bourgogne, Klawner, Klevanjka Biela, Klevner, Lisant, Luisant, Luizannais, Luizant, Luzannois, Maconnais, Maurillon blanc, Melon blanc, Melon D'Arbois, Meroué,[5] Moreau blanc, Morillon blanc, Moulon, Noirien blanc, Obaideh, Petit Chatey, Petit Sainte-Marie, Petite Sainte Marie, Pineau blanc, Pino Sardone, Pino Shardone, Pinot Blanc à Cramant, Pinot Blanc Chardonnay, Pinot Chardonnay, Pinot de Bourgogne, Pinot Giallo, Pinot Planc, Plant de Tonnerre, Romere, Romeret, Rouci Bile, Rousseau, Roussot, Ruländer Weiß, Sainte Marie Petite, Sardone, Shardone, Shardonne, Später Weiß Burgunder, Weiß Burgunder (normally refers to Pinot blanc), Weiß Clevner, Weiß Edler, Weiß Elder, Weiß Klewner, Weiß Silber, Weißedler, Weißer Clevner, Weißer Rulander.",France,Domaine L. Chatelain Chablis Premier Cru 2020/21,Chardonnay,France,White,Fresh & Elegant
Chardonnay,"Arboisier, Arnaison blanc, Arnoison, Aubain, Aubaine, Auvergnat blanc, Auvernas, Auvernas blanc, Auvernat blanc, Auxeras, Auxerras blanc, Auxerrois blanc, Auxois, Auxois blanc, Bargeois blanc, Beaunois, Biela Klevanjika, Blanc de Champagne, Blanc de Cramant, Breisgauer Suessling, Breisgauer Sussling, Burgundi Feher, Chablis, Chardenai, Chardenay, Chardenet, Chardennet, Chardonay, Chardonnet, Chatenait, Chatey Petit, Chatte, Chaudenay, Chaudenet, Chaudent, Clävner, Clevner Weiss, Cravner, Epinette, Epinette blanc, Epinette blanche, Epinette de Champagne, Ericey blanc, Feher Chardonnay, Feherburgundi, Feinburgunder, Gamay blanc, Gelber Weissburgunder, Gentil blanc, Grosse Bourgogne, Klawner, Klevanjka Biela, Klevner, Lisant, Luisant, Luizannais, Luizant, Luzannois, Maconnais, Maurillon blanc, Melon blanc, Melon D'Arbois, Meroué,[5] Moreau blanc, Morillon blanc, Moulon, Noirien blanc, Obaideh, Petit Chatey, Petit Sainte-Marie, Petite Sainte Marie, Pineau blanc, Pino Sardone, Pino Shardone, Pinot Blanc à Cramant, Pinot Blanc Chardonnay, Pinot Chardonnay, Pinot de Bourgogne, Pinot Giallo, Pinot Planc, Plant de Tonnerre, Romere, Romeret, Rouci Bile, Rousseau, Roussot, Ruländer Weiß, Sainte Marie Petite, Sardone, Shardone, Shardonne, Später Weiß Burgunder, Weiß Burgunder (normally refers to Pinot blanc), Weiß Clevner, Weiß Edler, Weiß Elder, Weiß Klewner, Weiß Silber, Weißedler, Weißer Clevner, Weißer Rulander.",France,Chablis 1er Cru Vaillons 2020/21 Séguinot-Bordet,Chardonnay,France,White,Fresh & Elegant
Chardonnay,"Arboisier, Arnaison blanc, Arnoison, Aubain, Aubaine, Auvergnat blanc, Auvernas, Auvernas blanc, Auvernat blanc, Auxeras, Auxerras blanc, Auxerrois blanc, Auxois, Auxois blanc, Bargeois blanc, Beaunois, Biela Klevanjika, Blanc de Champagne, Blanc de Cramant, Breisgauer Suessling, Breisgauer Sussling, Burgundi Feher, Chablis, Chardenai, Chardenay, Chardenet, Chardennet, Chardonay, Chardonnet, Chatenait, Chatey Petit, Chatte, Chaudenay, Chaudenet, Chaudent, Clävner, Clevner Weiss, Cravner, Epinette, Epinette blanc, Epinette blanche, Epinette de Champagne, Ericey blanc, Feher Chardonnay, Feherburgundi, Feinburgunder, Gamay blanc, Gelber Weissburgunder, Gentil blanc, Grosse Bourgogne, Klawner, Klevanjka Biela, Klevner, Lisant, Luisant, Luizannais, Luizant, Luzannois, Maconnais, Maurillon blanc, Melon blanc, Melon D'Arbois, Meroué,[5] Moreau blanc, Morillon blanc, Moulon, Noirien blanc, Obaideh, Petit Chatey, Petit Sainte-Marie, Petite Sainte Marie, Pineau blanc, Pino Sardone, Pino Shardone, Pinot Blanc à Cramant, Pinot Blanc Chardonnay, Pinot Chardonnay, Pinot de Bourgogne, Pinot Giallo, Pinot Planc, Plant de Tonnerre, Romere, Romeret, Rouci Bile, Rousseau, Roussot, Ruländer Weiß, Sainte Marie Petite, Sardone, Shardone, Shardonne, Später Weiß Burgunder, Weiß Burgunder (normally refers to Pinot blanc), Weiß Clevner, Weiß Edler, Weiß Elder, Weiß Klewner, Weiß Silber, Weißedler, Weißer Clevner, Weißer Rulander.",France,"Chassagne-Montrachet Blanc 2020/21 Château de la Maltroye, Burgundy",Chardonnay,France,White,Rich & Toasty
Chardonnay,"Arboisier, Arnaison blanc, Arnoison, Aubain, Aubaine, Auvergnat blanc, Auvernas, Auvernas blanc, Auvernat blanc, Auxeras, Auxerras blanc, Auxerrois blanc, Auxois, Auxois blanc, Bargeois blanc, Beaunois, Biela Klevanjika, Blanc de Champagne, Blanc de Cramant, Breisgauer Suessling, Breisgauer Sussling, Burgundi Feher, Chablis, Chardenai, Chardenay, Chardenet, Chardennet, Chardonay, Chardonnet, Chatenait, Chatey Petit, Chatte, Chaudenay, Chaudenet, Chaudent, Clävner, Clevner Weiss, Cravner, Epinette, Epinette blanc, Epinette blanche, Epinette de Champagne, Ericey blanc, Feher Chardonnay, Feherburgundi, Feinburgunder, Gamay blanc, Gelber Weissburgunder, Gentil blanc, Grosse Bourgogne, Klawner, Klevanjka Biela, Klevner, Lisant, Luisant, Luizannais, Luizant, Luzannois, Maconnais, Maurillon blanc, Melon blanc, Melon D'Arbois, Meroué,[5] Moreau blanc, Morillon blanc, Moulon, Noirien blanc, Obaideh, Petit Chatey, Petit Sainte-Marie, Petite Sainte Marie, Pineau blanc, Pino Sardone, Pino Shardone, Pinot Blanc à Cramant, Pinot Blanc Chardonnay, Pinot Chardonnay, Pinot de Bourgogne, Pinot Giallo, Pinot Planc, Plant de Tonnerre, Romere, Romeret, Rouci Bile, Rousseau, Roussot, Ruländer Weiß, Sainte Marie Petite, Sardone, Shardone, Shardonne, Später Weiß Burgunder, Weiß Burgunder (normally refers to Pinot blanc), Weiß Clevner, Weiß Edler, Weiß Elder, Weiß Klewner, Weiß Silber, Weißedler, Weißer Clevner, Weißer Rulander.",France,"Château de Chassagne-Montrachet 2019/20, Chassagne-Montrachet",Chardonnay,France,White,Rich & Toasty
Chardonnay,"Arboisier, Arnaison blanc, Arnoison, Aubain, Aubaine, Auvergnat blanc, Auvernas, Auvernas blanc, Auvernat blanc, Auxeras, Auxerras blanc, Auxerrois blanc, Auxois, Auxois blanc, Bargeois blanc, Beaunois, Biela Klevanjika, Blanc de Champagne, Blanc de Cramant, Breisgauer Suessling, Breisgauer Sussling, Burgundi Feher, Chablis, Chardenai, Chardenay, Chardenet, Chardennet, Chardonay, Chardonnet, Chatenait, Chatey Petit, Chatte, Chaudenay, Chaudenet, Chaudent, Clävner, Clevner Weiss, Cravner, Epinette, Epinette blanc, Epinette blanche, Epinette de Champagne, Ericey blanc, Feher Chardonnay, Feherburgundi, Feinburgunder, Gamay blanc, Gelber Weissburgunder, Gentil blanc, Grosse Bourgogne, Klawner, Klevanjka Biela, Klevner, Lisant, Luisant, Luizannais, Luizant, Luzannois, Maconnais, Maurillon blanc, Melon blanc, Melon D'Arbois, Meroué,[5] Moreau blanc, Morillon blanc, Moulon, Noirien blanc, Obaideh, Petit Chatey, Petit Sainte-Marie, Petite Sainte Marie, Pineau blanc, Pino Sardone, Pino Shardone, Pinot Blanc à Cramant, Pinot Blanc Chardonnay, Pinot Chardonnay, Pinot de Bourgogne, Pinot Giallo, Pinot Planc, Plant de Tonnerre, Romere, Romeret, Rouci Bile, Rousseau, Roussot, Ruländer Weiß, Sainte Marie Petite, Sardone, Shardone, Shardonne, Später Weiß Burgunder, Weiß Burgunder (normally refers to Pinot blanc), Weiß Clevner, Weiß Edler, Weiß Elder, Weiß Klewner, Weiß Silber, Weißedler, Weißer Clevner, Weißer Rulander.",France,"Domaine Begude 'Arcturus' Organic Wild Ferment Chardonnay 2019/20, Limoux",Chardonnay,France,White,Rich & Toasty
Chardonnay,"Arboisier, Arnaison blanc, Arnoison, Aubain, Aubaine, Auvergnat blanc, Auvernas, Auvernas blanc, Auvernat blanc, Auxeras, Auxerras blanc, Auxerrois blanc, Auxois, Auxois blanc, Bargeois blanc, Beaunois, Biela Klevanjika, Blanc de Champagne, Blanc de Cramant, Breisgauer Suessling, Breisgauer Sussling, Burgundi Feher, Chablis, Chardenai, Chardenay, Chardenet, Chardennet, Chardonay, Chardonnet, Chatenait, Chatey Petit, Chatte, Chaudenay, Chaudenet, Chaudent, Clävner, Clevner Weiss, Cravner, Epinette, Epinette blanc, Epinette blanche, Epinette de Champagne, Ericey blanc, Feher Chardonnay, Feherburgundi, Feinburgunder, Gamay blanc, Gelber Weissburgunder, Gentil blanc, Grosse Bourgogne, Klawner, Klevanjka Biela, Klevner, Lisant, Luisant, Luizannais, Luizant, Luzannois, Maconnais, Maurillon blanc, Melon blanc, Melon D'Arbois, Meroué,[5] Moreau blanc, Morillon blanc, Moulon, Noirien blanc, Obaideh, Petit Chatey, Petit Sainte-Marie, Petite Sainte Marie, Pineau blanc, Pino Sardone, Pino Shardone, Pinot Blanc à Cramant, Pinot Blanc Chardonnay, Pinot Chardonnay, Pinot de Bourgogne, Pinot Giallo, Pinot Planc, Plant de Tonnerre, Romere, Romeret, Rouci Bile, Rousseau, Roussot, Ruländer Weiß, Sainte Marie Petite, Sardone, Shardone, Shardonne, Später Weiß Burgunder, Weiß Burgunder (normally refers to Pinot blanc), Weiß Clevner, Weiß Edler, Weiß Elder, Weiß Klewner, Weiß Silber, Weißedler, Weißer Clevner, Weißer Rulander.",France,Veuve Clicquot Brut Champagne Magnum,Chardonnay,France,White,Rich & Toasty
Chardonnay,"Arboisier, Arnaison blanc, Arnoison, Aubain, Aubaine, Auvergnat blanc, Auvernas, Auvernas blanc, Auvernat blanc, Auxeras, Auxerras blanc, Auxerrois blanc, Auxois, Auxois blanc, Bargeois blanc, Beaunois, Biela Klevanjika, Blanc de Champagne, Blanc de Cramant, Breisgauer Suessling, Breisgauer Sussling, Burgundi Feher, Chablis, Chardenai, Chardenay, Chardenet, Chardennet, Chardonay, Chardonnet, Chatenait, Chatey Petit, Chatte, Chaudenay, Chaudenet, Chaudent, Clävner, Clevner Weiss, Cravner, Epinette, Epinette blanc, Epinette blanche, Epinette de Champagne, Ericey blanc, Feher Chardonnay, Feherburgundi, Feinburgunder, Gamay blanc, Gelber Weissburgunder, Gentil blanc, Grosse Bourgogne, Klawner, Klevanjka Biela, Klevner, Lisant, Luisant, Luizannais, Luizant, Luzannois, Maconnais, Maurillon blanc, Melon blanc, Melon D'Arbois, Meroué,[5] Moreau blanc, Morillon blanc, Moulon, Noirien blanc, Obaideh, Petit Chatey, Petit Sainte-Marie, Petite Sainte Marie, Pineau blanc, Pino Sardone, Pino Shardone, Pinot Blanc à Cramant, Pinot Blanc Chardonnay, Pinot Chardonnay, Pinot de Bourgogne, Pinot Giallo, Pinot Planc, Plant de Tonnerre, Romere, Romeret, Rouci Bile, Rousseau, Roussot, Ruländer Weiß, Sainte Marie Petite, Sardone, Shardone, Shardonne, Später Weiß Burgunder, Weiß Burgunder (normally refers to Pinot blanc), Weiß Clevner, Weiß Edler, Weiß Elder, Weiß Klewner, Weiß Silber, Weißedler, Weißer Clevner, Weißer Rulander.",France,Yellow Tail Chardonnay 2021/22,Chardonnay,Australia,White,Rich & Toasty
Chardonnay,"Arboisier, Arnaison blanc, Arnoison, Aubain, Aubaine, Auvergnat blanc, Auvernas, Auvernas blanc, Auvernat blanc, Auxeras, Auxerras blanc, Auxerrois blanc, Auxois, Auxois blanc, Bargeois blanc, Beaunois, Biela Klevanjika, Blanc de Champagne, Blanc de Cramant, Breisgauer Suessling, Breisgauer Sussling, Burgundi Feher, Chablis, Chardenai, Chardenay, Chardenet, Chardennet, Chardonay, Chardonnet, Chatenait, Chatey Petit, Chatte, Chaudenay, Chaudenet, Chaudent, Clävner, Clevner Weiss, Cravner, Epinette, Epinette blanc, Epinette blanche, Epinette de Champagne, Ericey blanc, Feher Chardonnay, Feherburgundi, Feinburgunder, Gamay blanc, Gelber Weissburgunder, Gentil blanc, Grosse Bourgogne, Klawner, Klevanjka Biela, Klevner, Lisant, Luisant, Luizannais, Luizant, Luzannois, Maconnais, Maurillon blanc, Melon blanc, Melon D'Arbois, Meroué,[5] Moreau blanc, Morillon blanc, Moulon, Noirien blanc, Obaideh, Petit Chatey, Petit Sainte-Marie, Petite Sainte Marie, Pineau blanc, Pino Sardone, Pino Shardone, Pinot Blanc à Cramant, Pinot Blanc Chardonnay, Pinot Chardonnay, Pinot de Bourgogne, Pinot Giallo, Pinot Planc, Plant de Tonnerre, Romere, Romeret, Rouci Bile, Rousseau, Roussot, Ruländer Weiß, Sainte Marie Petite, Sardone, Shardone, Shardonne, Später Weiß Burgunder, Weiß Burgunder (normally refers to Pinot blanc), Weiß Clevner, Weiß Edler, Weiß Elder, Weiß Klewner, Weiß Silber, Weißedler, Weißer Clevner, Weißer Rulander.",France,Famille Roux Saint-Aubin Premier Cru 2018/19,Chardonnay,France,White,Rich & Toasty
Chardonnay,"Arboisier, Arnaison blanc, Arnoison, Aubain, Aubaine, Auvergnat blanc, Auvernas, Auvernas blanc, Auvernat blanc, Auxeras, Auxerras blanc, Auxerrois blanc, Auxois, Auxois blanc, Bargeois blanc, Beaunois, Biela Klevanjika, Blanc de Champagne, Blanc de Cramant, Breisgauer Suessling, Breisgauer Sussling, Burgundi Feher, Chablis, Chardenai, Chardenay, Chardenet, Chardennet, Chardonay, Chardonnet, Chatenait, Chatey Petit, Chatte, Chaudenay, Chaudenet, Chaudent, Clävner, Clevner Weiss, Cravner, Epinette, Epinette blanc, Epinette blanche, Epinette de Champagne, Ericey blanc, Feher Chardonnay, Feherburgundi, Feinburgunder, Gamay blanc, Gelber Weissburgunder, Gentil blanc, Grosse Bourgogne, Klawner, Klevanjka Biela, Klevner, Lisant, Luisant, Luizannais, Luizant, Luzannois, Maconnais, Maurillon blanc, Melon blanc, Melon D'Arbois, Meroué,[5] Moreau blanc, Morillon blanc, Moulon, Noirien blanc, Obaideh, Petit Chatey, Petit Sainte-Marie, Petite Sainte Marie, Pineau blanc, Pino Sardone, Pino Shardone, Pinot Blanc à Cramant, Pinot Blanc Chardonnay, Pinot Chardonnay, Pinot de Bourgogne, Pinot Giallo, Pinot Planc, Plant de Tonnerre, Romere, Romeret, Rouci Bile, Rousseau, Roussot, Ruländer Weiß, Sainte Marie Petite, Sardone, Shardone, Shardonne, Später Weiß Burgunder, Weiß Burgunder (normally refers to Pinot blanc), Weiß Clevner, Weiß Edler, Weiß Elder, Weiß Klewner, Weiß Silber, Weißedler, Weißer Clevner, Weißer Rulander.",France,Moët & Chandon 'Rosé Impérial' Champagne,Chardonnay,France,Rosé,Crisp & Fruity
Chardonnay,"Arboisier, Arnaison blanc, Arnoison, Aubain, Aubaine, Auvergnat blanc, Auvernas, Auvernas blanc, Auvernat blanc, Auxeras, Auxerras blanc, Auxerrois blanc, Auxois, Auxois blanc, Bargeois blanc, Beaunois, Biela Klevanjika, Blanc de Champagne, Blanc de Cramant, Breisgauer Suessling, Breisgauer Sussling, Burgundi Feher, Chablis, Chardenai, Chardenay, Chardenet, Chardennet, Chardonay, Chardonnet, Chatenait, Chatey Petit, Chatte, Chaudenay, Chaudenet, Chaudent, Clävner, Clevner Weiss, Cravner, Epinette, Epinette blanc, Epinette blanche, Epinette de Champagne, Ericey blanc, Feher Chardonnay, Feherburgundi, Feinburgunder, Gamay blanc, Gelber Weissburgunder, Gentil blanc, Grosse Bourgogne, Klawner, Klevanjka Biela, Klevner, Lisant, Luisant, Luizannais, Luizant, Luzannois, Maconnais, Maurillon blanc, Melon blanc, Melon D'Arbois, Meroué,[5] Moreau blanc, Morillon blanc, Moulon, Noirien blanc, Obaideh, Petit Chatey, Petit Sainte-Marie, Petite Sainte Marie, Pineau blanc, Pino Sardone, Pino Shardone, Pinot Blanc à Cramant, Pinot Blanc Chardonnay, Pinot Chardonnay, Pinot de Bourgogne, Pinot Giallo, Pinot Planc, Plant de Tonnerre, Romere, Romeret, Rouci Bile, Rousseau, Roussot, Ruländer Weiß, Sainte Marie Petite, Sardone, Shardone, Shardonne, Später Weiß Burgunder, Weiß Burgunder (normally refers to Pinot blanc), Weiß Clevner, Weiß Edler, Weiß Elder, Weiß Klewner, Weiß Silber, Weißedler, Weißer Clevner, Weißer Rulander.",France,Armand de Brignac Brut Champagne,Chardonnay,France,White,Rich & Toasty
Chardonnay,"Arboisier, Arnaison blanc, Arnoison, Aubain, Aubaine, Auvergnat blanc, Auvernas, Auvernas blanc, Auvernat blanc, Auxeras, Auxerras blanc, Auxerrois blanc, Auxois, Auxois blanc, Bargeois blanc, Beaunois, Biela Klevanjika, Blanc de Champagne, Blanc de Cramant, Breisgauer Suessling, Breisgauer Sussling, Burgundi Feher, Chablis, Chardenai, Chardenay, Chardenet, Chardennet, Chardonay, Chardonnet, Chatenait, Chatey Petit, Chatte, Chaudenay, Chaudenet, Chaudent, Clävner, Clevner Weiss, Cravner, Epinette, Epinette blanc, Epinette blanche, Epinette de Champagne, Ericey blanc, Feher Chardonnay, Feherburgundi, Feinburgunder, Gamay blanc, Gelber Weissburgunder, Gentil blanc, Grosse Bourgogne, Klawner, Klevanjka Biela, Klevner, Lisant, Luisant, Luizannais, Luizant, Luzannois, Maconnais, Maurillon blanc, Melon blanc, Melon D'Arbois, Meroué,[5] Moreau blanc, Morillon blanc, Moulon, Noirien blanc, Obaideh, Petit Chatey, Petit Sainte-Marie, Petite Sainte Marie, Pineau blanc, Pino Sardone, Pino Shardone, Pinot Blanc à Cramant, Pinot Blanc Chardonnay, Pinot Chardonnay, Pinot de Bourgogne, Pinot Giallo, Pinot Planc, Plant de Tonnerre, Romere, Romeret, Rouci Bile, Rousseau, Roussot, Ruländer Weiß, Sainte Marie Petite, Sardone, Shardone, Shardonne, Später Weiß Burgunder, Weiß Burgunder (normally refers to Pinot blanc), Weiß Clevner, Weiß Edler, Weiß Elder, Weiß Klewner, Weiß Silber, Weißedler, Weißer Clevner, Weißer Rulander.",France,Laborde au Château Chablis 2020,Chardonnay,France,White,Fresh & Elegant
Chardonnay,"Arboisier, Arnaison blanc, Arnoison, Aubain, Aubaine, Auvergnat blanc, Auvernas, Auvernas blanc, Auvernat blanc, Auxeras, Auxerras blanc, Auxerrois blanc, Auxois, Auxois blanc, Bargeois blanc, Beaunois, Biela Klevanjika, Blanc de Champagne, Blanc de Cramant, Breisgauer Suessling, Breisgauer Sussling, Burgundi Feher, Chablis, Chardenai, Chardenay, Chardenet, Chardennet, Chardonay, Chardonnet, Chatenait, Chatey Petit, Chatte, Chaudenay, Chaudenet, Chaudent, Clävner, Clevner Weiss, Cravner, Epinette, Epinette blanc, Epinette blanche, Epinette de Champagne, Ericey blanc, Feher Chardonnay, Feherburgundi, Feinburgunder, Gamay blanc, Gelber Weissburgunder, Gentil blanc, Grosse Bourgogne, Klawner, Klevanjka Biela, Klevner, Lisant, Luisant, Luizannais, Luizant, Luzannois, Maconnais, Maurillon blanc, Melon blanc, Melon D'Arbois, Meroué,[5] Moreau blanc, Morillon blanc, Moulon, Noirien blanc, Obaideh, Petit Chatey, Petit Sainte-Marie, Petite Sainte Marie, Pineau blanc, Pino Sardone, Pino Shardone, Pinot Blanc à Cramant, Pinot Blanc Chardonnay, Pinot Chardonnay, Pinot de Bourgogne, Pinot Giallo, Pinot Planc, Plant de Tonnerre, Romere, Romeret, Rouci Bile, Rousseau, Roussot, Ruländer Weiß, Sainte Marie Petite, Sardone, Shardone, Shardonne, Später Weiß Burgunder, Weiß Burgunder (normally refers to Pinot blanc), Weiß Clevner, Weiß Edler, Weiß Elder, Weiß Klewner, Weiß Silber, Weißedler, Weißer Clevner, Weißer Rulander.",France,Naudin Père et Fils Meursault 2017,Chardonnay,France,White,Rich & Toasty
Chardonnay,"Arboisier, Arnaison blanc, Arnoison, Aubain, Aubaine, Auvergnat blanc, Auvernas, Auvernas blanc, Auvernat blanc, Auxeras, Auxerras blanc, Auxerrois blanc, Auxois, Auxois blanc, Bargeois blanc, Beaunois, Biela Klevanjika, Blanc de Champagne, Blanc de Cramant, Breisgauer Suessling, Breisgauer Sussling, Burgundi Feher, Chablis, Chardenai, Chardenay, Chardenet, Chardennet, Chardonay, Chardonnet, Chatenait, Chatey Petit, Chatte, Chaudenay, Chaudenet, Chaudent, Clävner, Clevner Weiss, Cravner, Epinette, Epinette blanc, Epinette blanche, Epinette de Champagne, Ericey blanc, Feher Chardonnay, Feherburgundi, Feinburgunder, Gamay blanc, Gelber Weissburgunder, Gentil blanc, Grosse Bourgogne, Klawner, Klevanjka Biela, Klevner, Lisant, Luisant, Luizannais, Luizant, Luzannois, Maconnais, Maurillon blanc, Melon blanc, Melon D'Arbois, Meroué,[5] Moreau blanc, Morillon blanc, Moulon, Noirien blanc, Obaideh, Petit Chatey, Petit Sainte-Marie, Petite Sainte Marie, Pineau blanc, Pino Sardone, Pino Shardone, Pinot Blanc à Cramant, Pinot Blanc Chardonnay, Pinot Chardonnay, Pinot de Bourgogne, Pinot Giallo, Pinot Planc, Plant de Tonnerre, Romere, Romeret, Rouci Bile, Rousseau, Roussot, Ruländer Weiß, Sainte Marie Petite, Sardone, Shardone, Shardonne, Später Weiß Burgunder, Weiß Burgunder (normally refers to Pinot blanc), Weiß Clevner, Weiß Edler, Weiß Elder, Weiß Klewner, Weiß Silber, Weißedler, Weißer Clevner, Weißer Rulander.",France,Louis Latour 'En Paradis' Pouilly-Vinzelles 2019/20,Chardonnay,France,White,Ripe & Rounded
Chardonnay,"Arboisier, Arnaison blanc, Arnoison, Aubain, Aubaine, Auvergnat blanc, Auvernas, Auvernas blanc, Auvernat blanc, Auxeras, Auxerras blanc, Auxerrois blanc, Auxois, Auxois blanc, Bargeois blanc, Beaunois, Biela Klevanjika, Blanc de Champagne, Blanc de Cramant, Breisgauer Suessling, Breisgauer Sussling, Burgundi Feher, Chablis, Chardenai, Chardenay, Chardenet, Chardennet, Chardonay, Chardonnet, Chatenait, Chatey Petit, Chatte, Chaudenay, Chaudenet, Chaudent, Clävner, Clevner Weiss, Cravner, Epinette, Epinette blanc, Epinette blanche, Epinette de Champagne, Ericey blanc, Feher Chardonnay, Feherburgundi, Feinburgunder, Gamay blanc, Gelber Weissburgunder, Gentil blanc, Grosse Bourgogne, Klawner, Klevanjka Biela, Klevner, Lisant, Luisant, Luizannais, Luizant, Luzannois, Maconnais, Maurillon blanc, Melon blanc, Melon D'Arbois, Meroué,[5] Moreau blanc, Morillon blanc, Moulon, Noirien blanc, Obaideh, Petit Chatey, Petit Sainte-Marie, Petite Sainte Marie, Pineau blanc, Pino Sardone, Pino Shardone, Pinot Blanc à Cramant, Pinot Blanc Chardonnay, Pinot Chardonnay, Pinot de Bourgogne, Pinot Giallo, Pinot Planc, Plant de Tonnerre, Romere, Romeret, Rouci Bile, Rousseau, Roussot, Ruländer Weiß, Sainte Marie Petite, Sardone, Shardone, Shardonne, Später Weiß Burgunder, Weiß Burgunder (normally refers to Pinot blanc), Weiß Clevner, Weiß Edler, Weiß Elder, Weiß Klewner, Weiß Silber, Weißedler, Weißer Clevner, Weißer Rulander.",France,Veuve Clicquot Brut Champagne 2012/15,Chardonnay,France,White,Rich & Toasty
Chardonnay,"Arboisier, Arnaison blanc, Arnoison, Aubain, Aubaine, Auvergnat blanc, Auvernas, Auvernas blanc, Auvernat blanc, Auxeras, Auxerras blanc, Auxerrois blanc, Auxois, Auxois blanc, Bargeois blanc, Beaunois, Biela Klevanjika, Blanc de Champagne, Blanc de Cramant, Breisgauer Suessling, Breisgauer Sussling, Burgundi Feher, Chablis, Chardenai, Chardenay, Chardenet, Chardennet, Chardonay, Chardonnet, Chatenait, Chatey Petit, Chatte, Chaudenay, Chaudenet, Chaudent, Clävner, Clevner Weiss, Cravner, Epinette, Epinette blanc, Epinette blanche, Epinette de Champagne, Ericey blanc, Feher Chardonnay, Feherburgundi, Feinburgunder, Gamay blanc, Gelber Weissburgunder, Gentil blanc, Grosse Bourgogne, Klawner, Klevanjka Biela, Klevner, Lisant, Luisant, Luizannais, Luizant, Luzannois, Maconnais, Maurillon blanc, Melon blanc, Melon D'Arbois, Meroué,[5] Moreau blanc, Morillon blanc, Moulon, Noirien blanc, Obaideh, Petit Chatey, Petit Sainte-Marie, Petite Sainte Marie, Pineau blanc, Pino Sardone, Pino Shardone, Pinot Blanc à Cramant, Pinot Blanc Chardonnay, Pinot Chardonnay, Pinot de Bourgogne, Pinot Giallo, Pinot Planc, Plant de Tonnerre, Romere, Romeret, Rouci Bile, Rousseau, Roussot, Ruländer Weiß, Sainte Marie Petite, Sardone, Shardone, Shardonne, Später Weiß Burgunder, Weiß Burgunder (normally refers to Pinot blanc), Weiß Clevner, Weiß Edler, Weiß Elder, Weiß Klewner, Weiß Silber, Weißedler, Weißer Clevner, Weißer Rulander.",France,Pol Roger Pure Extra Brut Champagne,Chardonnay,France,White,Crisp & Fruity
Chardonnay,"Arboisier, Arnaison blanc, Arnoison, Aubain, Aubaine, Auvergnat blanc, Auvernas, Auvernas blanc, Auvernat blanc, Auxeras, Auxerras blanc, Auxerrois blanc, Auxois, Auxois blanc, Bargeois blanc, Beaunois, Biela Klevanjika, Blanc de Champagne, Blanc de Cramant, Breisgauer Suessling, Breisgauer Sussling, Burgundi Feher, Chablis, Chardenai, Chardenay, Chardenet, Chardennet, Chardonay, Chardonnet, Chatenait, Chatey Petit, Chatte, Chaudenay, Chaudenet, Chaudent, Clävner, Clevner Weiss, Cravner, Epinette, Epinette blanc, Epinette blanche, Epinette de Champagne, Ericey blanc, Feher Chardonnay, Feherburgundi, Feinburgunder, Gamay blanc, Gelber Weissburgunder, Gentil blanc, Grosse Bourgogne, Klawner, Klevanjka Biela, Klevner, Lisant, Luisant, Luizannais, Luizant, Luzannois, Maconnais, Maurillon blanc, Melon blanc, Melon D'Arbois, Meroué,[5] Moreau blanc, Morillon blanc, Moulon, Noirien blanc, Obaideh, Petit Chatey, Petit Sainte-Marie, Petite Sainte Marie, Pineau blanc, Pino Sardone, Pino Shardone, Pinot Blanc à Cramant, Pinot Blanc Chardonnay, Pinot Chardonnay, Pinot de Bourgogne, Pinot Giallo, Pinot Planc, Plant de Tonnerre, Romere, Romeret, Rouci Bile, Rousseau, Roussot, Ruländer Weiß, Sainte Marie Petite, Sardone, Shardone, Shardonne, Später Weiß Burgunder, Weiß Burgunder (normally refers to Pinot blanc), Weiß Clevner, Weiß Edler, Weiß Elder, Weiß Klewner, Weiß Silber, Weißedler, Weißer Clevner, Weißer Rulander.",France,Ruinart Blanc de Blanc Champagne Half Bottle,Chardonnay,France,White,Rich & Toasty
Chardonnay,"Arboisier, Arnaison blanc, Arnoison, Aubain, Aubaine, Auvergnat blanc, Auvernas, Auvernas blanc, Auvernat blanc, Auxeras, Auxerras blanc, Auxerrois blanc, Auxois, Auxois blanc, Bargeois blanc, Beaunois, Biela Klevanjika, Blanc de Champagne, Blanc de Cramant, Breisgauer Suessling, Breisgauer Sussling, Burgundi Feher, Chablis, Chardenai, Chardenay, Chardenet, Chardennet, Chardonay, Chardonnet, Chatenait, Chatey Petit, Chatte, Chaudenay, Chaudenet, Chaudent, Clävner, Clevner Weiss, Cravner, Epinette, Epinette blanc, Epinette blanche, Epinette de Champagne, Ericey blanc, Feher Chardonnay, Feherburgundi, Feinburgunder, Gamay blanc, Gelber Weissburgunder, Gentil blanc, Grosse Bourgogne, Klawner, Klevanjka Biela, Klevner, Lisant, Luisant, Luizannais, Luizant, Luzannois, Maconnais, Maurillon blanc, Melon blanc, Melon D'Arbois, Meroué,[5] Moreau blanc, Morillon blanc, Moulon, Noirien blanc, Obaideh, Petit Chatey, Petit Sainte-Marie, Petite Sainte Marie, Pineau blanc, Pino Sardone, Pino Shardone, Pinot Blanc à Cramant, Pinot Blanc Chardonnay, Pinot Chardonnay, Pinot de Bourgogne, Pinot Giallo, Pinot Planc, Plant de Tonnerre, Romere, Romeret, Rouci Bile, Rousseau, Roussot, Ruländer Weiß, Sainte Marie Petite, Sardone, Shardone, Shardonne, Später Weiß Burgunder, Weiß Burgunder (normally refers to Pinot blanc), Weiß Clevner, Weiß Edler, Weiß Elder, Weiß Klewner, Weiß Silber, Weißedler, Weißer Clevner, Weißer Rulander.",France,Taittinger Comtes de Champagne 2005,Chardonnay,France,White,Rich & Toasty
Chardonnay,"Arboisier, Arnaison blanc, Arnoison, Aubain, Aubaine, Auvergnat blanc, Auvernas, Auvernas blanc, Auvernat blanc, Auxeras, Auxerras blanc, Auxerrois blanc, Auxois, Auxois blanc, Bargeois blanc, Beaunois, Biela Klevanjika, Blanc de Champagne, Blanc de Cramant, Breisgauer Suessling, Breisgauer Sussling, Burgundi Feher, Chablis, Chardenai, Chardenay, Chardenet, Chardennet, Chardonay, Chardonnet, Chatenait, Chatey Petit, Chatte, Chaudenay, Chaudenet, Chaudent, Clävner, Clevner Weiss, Cravner, Epinette, Epinette blanc, Epinette blanche, Epinette de Champagne, Ericey blanc, Feher Chardonnay, Feherburgundi, Feinburgunder, Gamay blanc, Gelber Weissburgunder, Gentil blanc, Grosse Bourgogne, Klawner, Klevanjka Biela, Klevner, Lisant, Luisant, Luizannais, Luizant, Luzannois, Maconnais, Maurillon blanc, Melon blanc, Melon D'Arbois, Meroué,[5] Moreau blanc, Morillon blanc, Moulon, Noirien blanc, Obaideh, Petit Chatey, Petit Sainte-Marie, Petite Sainte Marie, Pineau blanc, Pino Sardone, Pino Shardone, Pinot Blanc à Cramant, Pinot Blanc Chardonnay, Pinot Chardonnay, Pinot de Bourgogne, Pinot Giallo, Pinot Planc, Plant de Tonnerre, Romere, Romeret, Rouci Bile, Rousseau, Roussot, Ruländer Weiß, Sainte Marie Petite, Sardone, Shardone, Shardonne, Später Weiß Burgunder, Weiß Burgunder (normally refers to Pinot blanc), Weiß Clevner, Weiß Edler, Weiß Elder, Weiß Klewner, Weiß Silber, Weißedler, Weißer Clevner, Weißer Rulander.",France,"Duckhorn Vineyards Chardonnay 2019/21, Napa Valley",Chardonnay,USA,White,Rich & Toasty
Chardonnay,"Arboisier, Arnaison blanc, Arnoison, Aubain, Aubaine, Auvergnat blanc, Auvernas, Auvernas blanc, Auvernat blanc, Auxeras, Auxerras blanc, Auxerrois blanc, Auxois, Auxois blanc, Bargeois blanc, Beaunois, Biela Klevanjika, Blanc de Champagne, Blanc de Cramant, Breisgauer Suessling, Breisgauer Sussling, Burgundi Feher, Chablis, Chardenai, Chardenay, Chardenet, Chardennet, Chardonay, Chardonnet, Chatenait, Chatey Petit, Chatte, Chaudenay, Chaudenet, Chaudent, Clävner, Clevner Weiss, Cravner, Epinette, Epinette blanc, Epinette blanche, Epinette de Champagne, Ericey blanc, Feher Chardonnay, Feherburgundi, Feinburgunder, Gamay blanc, Gelber Weissburgunder, Gentil blanc, Grosse Bourgogne, Klawner, Klevanjka Biela, Klevner, Lisant, Luisant, Luizannais, Luizant, Luzannois, Maconnais, Maurillon blanc, Melon blanc, Melon D'Arbois, Meroué,[5] Moreau blanc, Morillon blanc, Moulon, Noirien blanc, Obaideh, Petit Chatey, Petit Sainte-Marie, Petite Sainte Marie, Pineau blanc, Pino Sardone, Pino Shardone, Pinot Blanc à Cramant, Pinot Blanc Chardonnay, Pinot Chardonnay, Pinot de Bourgogne, Pinot Giallo, Pinot Planc, Plant de Tonnerre, Romere, Romeret, Rouci Bile, Rousseau, Roussot, Ruländer Weiß, Sainte Marie Petite, Sardone, Shardone, Shardonne, Später Weiß Burgunder, Weiß Burgunder (normally refers to Pinot blanc), Weiß Clevner, Weiß Edler, Weiß Elder, Weiß Klewner, Weiß Silber, Weißedler, Weißer Clevner, Weißer Rulander.",France,Alain Chavy 'Clavoillons’ Puligny-Montrachet Premier Cru 2018/20,Chardonnay,France,White,Rich & Toasty
Chardonnay,"Arboisier, Arnaison blanc, Arnoison, Aubain, Aubaine, Auvergnat blanc, Auvernas, Auvernas blanc, Auvernat blanc, Auxeras, Auxerras blanc, Auxerrois blanc, Auxois, Auxois blanc, Bargeois blanc, Beaunois, Biela Klevanjika, Blanc de Champagne, Blanc de Cramant, Breisgauer Suessling, Breisgauer Sussling, Burgundi Feher, Chablis, Chardenai, Chardenay, Chardenet, Chardennet, Chardonay, Chardonnet, Chatenait, Chatey Petit, Chatte, Chaudenay, Chaudenet, Chaudent, Clävner, Clevner Weiss, Cravner, Epinette, Epinette blanc, Epinette blanche, Epinette de Champagne, Ericey blanc, Feher Chardonnay, Feherburgundi, Feinburgunder, Gamay blanc, Gelber Weissburgunder, Gentil blanc, Grosse Bourgogne, Klawner, Klevanjka Biela, Klevner, Lisant, Luisant, Luizannais, Luizant, Luzannois, Maconnais, Maurillon blanc, Melon blanc, Melon D'Arbois, Meroué,[5] Moreau blanc, Morillon blanc, Moulon, Noirien blanc, Obaideh, Petit Chatey, Petit Sainte-Marie, Petite Sainte Marie, Pineau blanc, Pino Sardone, Pino Shardone, Pinot Blanc à Cramant, Pinot Blanc Chardonnay, Pinot Chardonnay, Pinot de Bourgogne, Pinot Giallo, Pinot Planc, Plant de Tonnerre, Romere, Romeret, Rouci Bile, Rousseau, Roussot, Ruländer Weiß, Sainte Marie Petite, Sardone, Shardone, Shardonne, Später Weiß Burgunder, Weiß Burgunder (normally refers to Pinot blanc), Weiß Clevner, Weiß Edler, Weiß Elder, Weiß Klewner, Weiß Silber, Weißedler, Weißer Clevner, Weißer Rulander.",France,Edouard Delaunay 'Charmont' Bourgogne Hautes-Côtes de Nuits Blanc 2019/20,Chardonnay,France,White,Ripe & Rounded
Colombard,"Bardero, Blanc Emery, Blanquette, Bon blanc, Koejawel bom, Chabrier vert, Charbrier vert, Colombar, Colombeau, Colombie, Colombier, Coulombier, Cubzadais, Donne rousse, Donne verte, French Colombard, Gros Blanc Doux, Gros Blanc Roux, Guenille, Kolombar, Martin Cot, Pied Tendre, Quene Tendre, Quene vert, Queue Tendre, Queue verte, and West's White Prolific.",France,"Two Birds One Stone White 2018, France",Colombard,France,White,Aromatic & Floral
Colombard,"Bardero, Blanc Emery, Blanquette, Bon blanc, Koejawel bom, Chabrier vert, Charbrier vert, Colombar, Colombeau, Colombie, Colombier, Coulombier, Cubzadais, Donne rousse, Donne verte, French Colombard, Gros Blanc Doux, Gros Blanc Roux, Guenille, Kolombar, Martin Cot, Pied Tendre, Quene Tendre, Quene vert, Queue Tendre, Queue verte, and West's White Prolific.",France,"Cuvée de Richard Blanc 2021/22, France",Colombard,France,White,Crisp & Zesty
Cortese,"Bianca Fernanda, Corteis, Cortese Bianca, Cortese Bianco, Cortese d'Asti, Cortese dell'Astigliano, Courteis, Cortesi, Courteisa, Fernanda Bianca, and Raverusto.",Italy,Roberto Sarotto 'Campo dell'Olio' Gavi di Gavi DOCG 2021/22,Cortese,Italy,White,Aromatic & Floral
Cortese,"Bianca Fernanda, Corteis, Cortese Bianca, Cortese Bianco, Cortese d'Asti, Cortese dell'Astigliano, Courteis, Cortesi, Courteisa, Fernanda Bianca, and Raverusto.",Italy,Definition Gavi di Gavi DOCG 2021/22,Cortese,Italy,White,Fresh & Elegant
Cortese,"Bianca Fernanda, Corteis, Cortese Bianca, Cortese Bianco, Cortese d'Asti, Cortese dell'Astigliano, Courteis, Cortesi, Courteisa, Fernanda Bianca, and Raverusto.",Italy,La Toledana Gavi di Gavi DOCG 2021,Cortese,Italy,White,Aromatic & Floral
Cortese,"Bianca Fernanda, Corteis, Cortese Bianca, Cortese Bianco, Cortese d'Asti, Cortese dell'Astigliano, Courteis, Cortesi, Courteisa, Fernanda Bianca, and Raverusto.",Italy,La Raia 'Il Borgo' Organic Gavi 2021,Cortese,Italy,White,Aromatic & Floral
Dolcetto,,"Italy, Piedmont",De Forville Dolcetto d'Alba 2020/21,Dolcetto,Italy,Red,Soft & Fruity
Falanghina,"Biancazita, Biancozita, Biancuzita, Falanchina, Falanchina Bianca, Falanghina Verace, Falenghina, Falernina, Falerno Veronese, Fallanchina, Fallanghina, Folanghina, Montecalvo, Montellese, and Uva Falerna",Italy,Terredora Falanghina 2020/21,Falanghina,Italy,White,Smooth & Light
Fiano,"Apiana, Apiano, Fiana, Fiano di Avellino, Fiore Mendillo, Foiano, Latina Bianca, Latina Bianca di Barletta, Latino, Latino Bianco, Minutola, Minutolo, and Santa Sofia.",Italy,"Surani 'Pietrariccia' Fiano 2021/22, Puglia",Fiano,Italy,White,Crisp & Zesty
Fiano,"Apiana, Apiano, Fiana, Fiano di Avellino, Fiore Mendillo, Foiano, Latina Bianca, Latina Bianca di Barletta, Latino, Latino Bianco, Minutola, Minutolo, and Santa Sofia.",Italy,"Planeta 'Cometa' 2020/21, Sicily",Fiano,Italy,White,Aromatic & Floral
Godello,"Agodello, Agodenho, Agudanho, Agudelha, Agudelho, Agudello, Agudelo, Agudenho, Berdello, Godelho, Godella, Godenho, Ojo de Gallo and Trincadente.",Spain,"Winemaker Series Godello 2020/22, Monterrei",Godello,Spain,White,Fresh & Elegant
Marsanne,"Avilleran, Avilleron, Champagne Piacentina, Ermitage, Ermitage Blanc, Ermitazh, Grosse Roussette, Hermitage, Johannisberg, Marsan Belyi, Marsanne Blanche, Marzanne, Metternich, Rousseau, Roussette de Saint Peray, Roussette Grosse, White Hermitage, and Zrmitazh.",France,"Trizanne Signature Wines 'TSW' Marsanne-Roussanne 2020, South Africa",Marsanne,South Africa,White,Aromatic & Floral
Marsanne,"Avilleran, Avilleron, Champagne Piacentina, Ermitage, Ermitage Blanc, Ermitazh, Grosse Roussette, Hermitage, Johannisberg, Marsan Belyi, Marsanne Blanche, Marzanne, Metternich, Rousseau, Roussette de Saint Peray, Roussette Grosse, White Hermitage, and Zrmitazh.",France,M.Chapoutier 'Les Moniers' Crozes-Hermitage Blanc 2019,Marsanne,France,White,Ripe & Rounded
Marsanne,"Avilleran, Avilleron, Champagne Piacentina, Ermitage, Ermitage Blanc, Ermitazh, Grosse Roussette, Hermitage, Johannisberg, Marsan Belyi, Marsanne Blanche, Marzanne, Metternich, Rousseau, Roussette de Saint Peray, Roussette Grosse, White Hermitage, and Zrmitazh.",France,Gabriel Allard Côtes du Rhône Blanc 2022,Marsanne,France,White,Ripe & Rounded
Marsanne,"Avilleran, Avilleron, Champagne Piacentina, Ermitage, Ermitage Blanc, Ermitazh, Grosse Roussette, Hermitage, Johannisberg, Marsan Belyi, Marsanne Blanche, Marzanne, Metternich, Rousseau, Roussette de Saint Peray, Roussette Grosse, White Hermitage, and Zrmitazh.",France,"Rutherglen Shelley's Block Marsanne, Viognier, Rousanne 2018",Marsanne,Australia,White,Ripe & Rounded
Marsanne,"Avilleran, Avilleron, Champagne Piacentina, Ermitage, Ermitage Blanc, Ermitazh, Grosse Roussette, Hermitage, Johannisberg, Marsan Belyi, Marsanne Blanche, Marzanne, Metternich, Rousseau, Roussette de Saint Peray, Roussette Grosse, White Hermitage, and Zrmitazh.",France,"Tahbilk 'The Tower' Marsanne 2019/22, Victoria",Marsanne,Australia,White,Fresh & Elegant
Mauzac,"Aiguillon, Becquin, Bekin, Bequin, Blanc Lafitte, Blanquette, Blanquette Aventice, Blanquette de Limoux, Blanquette Sucrée, Caspre, Clairac, Feuille Ronde, Gaillac, Gaillade, Gamet blanc, Manzac, Maousac, Mausac, Maussac, Mauza, Mauza blanca, Meauzac, Moisac, Moissac, Moysac, Mozac, Mozak Belyi, Peron, Perrond, Pied Rond, Plant de Gaillac, Primard, Queue Fort, Queue Roide, and Sudunais.",France,Maison Antech 'Mademoiselle Marguerite' Blanquette de Limoux Brut,Mauzac,France,White,Crisp & Fruity
Merlot,,France,"Stone Arka Merlot 2017, Bulgaria",Merlot,Bulgaria,Red,Soft & Fruity
Merlot,,France,Baron Edmond de Rothschild Montagne-Saint-Émilion 2016/18,Merlot,France,Red,Savoury & Full Bodied
Merlot,,France,Jean Bon Merlot IGP Pays D'Oc 2021/22,Merlot,France,Red,Smooth & Mellow
Merlot,,France,"Oyster Bay Merlot 2020/21, Hawke's Bay",Merlot,New Zealand,Red,Smooth & Mellow
Merlot,,France,Château Méaume Bordeaux Supérieur 2019/20,Merlot,France,Red,Savoury & Full Bodied
Merlot,,France,"Solomonar Reserve Red 2020/21, Romania",Merlot,Romania,Red,Rich & Juicy
Merlot,,France,"Château Grimont 'Cuvée Prestige' 2017/18, Cadillac Côtes de Bordeaux",Merlot,France,Red,Savoury & Full Bodied
Merlot,,France,"Château Tour Saint Bonnet 2011, Médoc",Merlot,France,Red,Savoury & Full Bodied
Merlot,,France,"Château Montrose 'La Dame de Montrose', Saint-Estèphe",Merlot,France,Red,Savoury & Full Bodied
Merlot,,France,"Jam Shed Merlot 2020, Central Valley",Merlot,Chile,Red,Rich & Juicy
Merlot,,France,Baron de Boutisse Saint-Émilion Grand Cru 2018/19,Merlot,France,Red,Savoury & Full Bodied
Merlot,,France,"Montes Single Vineyard Merlot 2020/21, Colchagua Valley",Merlot,Chile,Red,Smooth & Mellow
Merlot,,France,Pavillon La Tourelle Bordeaux Supérieur 2019,Merlot,France,Red,Savoury & Full Bodied
Merlot,,France,"Viña Errázuriz ‘Estate Series’ Merlot, 2021/22, Valle de Curicó",Merlot,Chile,Red,Smooth & Mellow
Merlot,,France,"Devil's Creek Merlot 2020, Hawke's Bay",Merlot,New Zealand,Red,Smooth & Mellow
Merlot,,France,"Château Fonplégade 2014, Saint-Émilion Grand Cru",Merlot,France,Red,Savoury & Full Bodied
Merlot,,France,Château Recougne Bordeaux Supérieur 2019/20,Merlot,France,Red,Savoury & Full Bodied
Merlot,,France,"Ornellaia 'Le Serre Nuove dell'Ornellaia' 2019/20, Bolgheri",Merlot,Italy,Red,Savoury & Full Bodied
Merlot,,France,"Santa Rita '120' Merlot 2021/22, Central Valley",Merlot,Chile,Red,Smooth & Mellow
Merlot,,France,"Château Tour de Bigorre 2016, Bordeaux",Merlot,France,Red,Savoury & Full Bodied
Merlot,,France,"Château de la Cour d’Argent 2014, Bordeaux Supérieur",Merlot,France,Red,Savoury & Full Bodied
Merlot,,France,"Château du Domaine de L'Église 2014, Pomerol",Merlot,France,Red,
Merlot,,France,"Tutiac 'Lion & The Lily' Rosé 2021/22, Bordeaux",Merlot,France,Rosé,Ripe & Fruity
Merlot,,France,"Smith & Wright Merlot 2020/21, Australia",Merlot,Australia,Red,Smooth & Mellow
Merlot,,France,"Château Meyney 'La Chapelle de Meyney' 2016/17, Saint-Estèphe",Merlot,France,Red,Savoury & Full Bodied
Merlot,,France,Parcel Series Organic Saint-Émilion Grand Cru 2017,Merlot,France,Red,
Merlot,,France,"Château Certan de May 2007, Pomerol",Merlot,France,Red,Savoury & Full Bodied
Merlot,,France,"Château Belair 2003, Saint-Émilion Grand Cru",Merlot,France,Red,Savoury & Full Bodied
Merlot,,France,Château Grand Faurie La Rose Saint-Émilion Grand Cru 2018/19,Merlot,France,Red,Savoury & Full Bodied
Merlot,,France,"Château Arnauton 2014, Fronsac",Merlot,France,Red,Savoury & Full Bodied
Merlot,,France,"Duckhorn 'Decoy' Merlot 2019/21, Sonoma County",Merlot,USA,Red,Smooth & Mellow
Merlot,,France,"Château Fonplégade 2015, Saint-Émilion Grand Cru",Merlot,France,Red,Savoury & Full Bodied
Merlot,,France,"Acacia Road Merlot 2022/23, South Africa",Merlot,South Africa,Red,Soft & Fruity
Merlot,,France,"Meerlust Merlot 2017/18, Stellenbosch",Merlot,South Africa,Red,
Merlot,,France,"Château de Pennautier Rosé 2021/22, Cabardès",Merlot,France,Rosé,Delicate & Dry
Merlot,,France,"Château la Favière 2018/19, Bordeaux Supérieur",Merlot,France,Red,Savoury & Full Bodied
Merlot,,France,"Rupert & Rothschild Baron Edmond 2017/18, Western Cape",Merlot,South Africa,Red,Savoury & Full Bodied
Merlot,,France,"Château Le Boscq 2013, Saint-Estèphe",Merlot,France,Red,Savoury & Full Bodied
Merlot,,France,"Rupert & Rothschild 'Classique' 2019/20, South Africa",Merlot,South Africa,Red,Savoury & Full Bodied
Merlot,,France,"Château Tour Bayard 2019/20, Montagne-Saint-Émilion",Merlot,France,Red,Savoury & Full Bodied
Merlot,,France,"Château Fourcas Dupré 2013, Listrac-Médoc",Merlot,France,Red,Savoury & Full Bodied
Merlot,,France,"Pasqua 'PassioneSentimento' Passimento Rosso 2020/21, Veneto",Merlot,Italy,Red,Rich & Juicy
Merlot,,France,"Villiera Wines Merlot 2020, Stellenbosch",Merlot,South Africa,Red,Smooth & Mellow
Merlot,,France,"Luis Felipe Edwards Gran Reserva Merlot 2020/21, Colchagua Valley",Merlot,Chile,Red,Smooth & Mellow
Montepulciano,,"Italy, Abruzzo (wine)",Montepulciano d'Abruzzo 2020/21 Masciarelli,Montepulciano,Italy,Red,Soft & Fruity
Montepulciano,,"Italy, Abruzzo (wine)",Ammazza Montepulciano 2020/21,Montepulciano,Italy,Red,Soft & Fruity
Nebbiolo,,"Italy, Piedmont",G. D. Vajra ‘Albe’ Barolo DOCG 2017/18,Nebbiolo,Italy,Red,Light & Elegant
Nebbiolo,,"Italy, Piedmont",Ciabot Berton Barolo DOCG 2017/18,Nebbiolo,Italy,Red,Light & Elegant
Nebbiolo,,"Italy, Piedmont",Barbaresco 2019/20 De Forville,Nebbiolo,Italy,Red,Light & Elegant
Nebbiolo,,"Italy, Piedmont",Araldica Barolo DOCG 2018/19,Nebbiolo,Italy,Red,Smooth & Mellow
Nebbiolo,,"Italy, Piedmont","De Forville Langhe Nebbiolo 2020/21, Piedmont",Nebbiolo,Italy,Red,Light & Elegant
Nebbiolo,,"Italy, Piedmont",Definition Barolo DOCG 2017/18,Nebbiolo,Italy,Red,Light & Elegant
Nebbiolo,,"Italy, Piedmont","Pio Cesare Nebbiolo 2016/17, Langhe",Nebbiolo,Italy,Red,Light & Elegant
Nebbiolo,,"Italy, Piedmont",Roberto Sarotto Barbaresco Riserva 'Currà' 2016/17,Nebbiolo,Italy,Red,Light & Elegant
Nebbiolo,,"Italy, Piedmont","Marcarini Barolo del Comune di La Morra 2017/18, Italy",Nebbiolo,Italy,Red,Light & Elegant
Nebbiolo,,"Italy, Piedmont",Pio Cesare Barbaresco 2017/18,Nebbiolo,Italy,Red,Light & Elegant
Nebbiolo,,"Italy, Piedmont",Voerzio Martini 'La Serra' Barolo DOCG 2017,Nebbiolo,Italy,Red,Light & Elegant
Negroamaro,,"Italy, Puglia","Domodo Negroamaro 2021/22, Puglia",Negroamaro,Italy,Red,Bold & Spicy
Pais,,Spain,"Morande Reserva One to One Pais 2019/21, Casablanca Valley",Pais,Chile,Red,Light & Elegant
Pais,,Spain,"Las Veletas ‘Almaule’ País 2021, Maule Valley",Pais,Chile,Red,Light & Elegant
Pinotage,,South Africa,"Silver Ghost Rosé 2021/22, South Africa",Pinotage,South Africa,Rosé,Ripe & Fruity
Pinotage,,South Africa,"Barista Pinotage 2021/22, Western Cape",Pinotage,South Africa,Red,Savoury & Full Bodied
Pinotage,,South Africa,"Kraal Bay Pinotage 2018, Swartland",Pinotage,South Africa,Red,Savoury & Full Bodied
Pinotage,,South Africa,"Kanonkop 'Kadette' Pinotage 2019/20, Stellenbosch",Pinotage,South Africa,Red,Savoury & Full Bodied
Pinotage,,South Africa,"Majestic Ripe & Bold 2020/21, South Africa",Pinotage,South Africa,Red,Rich & Juicy
Pinotage,,South Africa,"Kanonkop 'Kadette' Pinotage Rosé 2022/23, Stellenbosch",Pinotage,South Africa,Rosé,Delicate & Dry
Pinotage,,South Africa,"Majestic Fresh & Juicy 2020/21, South Africa",Pinotage,South Africa,Red,Smooth & Mellow
Rkatsiteli,,Georgia,"Tbilvino 'Qvevris' Rkatsiteli 2020/21, Georgia",Rkatsiteli,Georgia,White,Ripe & Rounded
Rondinella,,"Italy, Veneto",Masi 'Costasera' Amarone della Valpolicella Classico DOCG 2017/18,Rondinella,Italy,Red,Rich & Juicy
Roussanne,"Barbin, Bergeron (in particular in the Savoy region), Courtoisie, Fromental, Fromental jaune, Fromenteal, Fromenteau, Greffon, Greffou, Martin Cot, Petite Rousette, Picotin blanc, Plant de Seyssel, Rabellot, Rabelot, Ramoulette, Rebellot, Rebolot, Remoulette, Roussane, Roussane blanc, Roussanne blanc, Roussette, Rusan Belyi, Rusan Blan.",France,Nos Terroirs Bios Vacqueyras Blanc 2019,Roussanne,France,White,Ripe & Rounded
Sangiovese,,"Italy, Tuscany",San Polo Brunello di Montalcino 2017,Sangiovese,Italy,Red,Savoury & Full Bodied
Sangiovese,,"Italy, Tuscany",Piccini Brunello di Montalcino DOCG 2018,Sangiovese,Italy,Red,Savoury & Full Bodied
Sangiovese,,"Italy, Tuscany",Grato Grati ‘Vecchia Annata’ Rosso Toscana 1999,Sangiovese,Italy,Red,Savoury & Full Bodied
Sangiovese,,"Italy, Tuscany","San Leonino 'Al Limite' Chianti Classico DOCG 2018, Half Bottle",Sangiovese,Italy,Red,Soft & Fruity
Sangiovese,,"Italy, Tuscany",Castello di Meleto 'San Pietro' Chianti Classico DOCG 2020/21,Sangiovese,Italy,Red,Smooth & Mellow
Sangiovese,,"Italy, Tuscany","Terre del Buontalenti 2018/19, Toscana",Sangiovese,Italy,Red,Savoury & Full Bodied
Sangiovese,,"Italy, Tuscany",Selvapiana Chianti Rufina Riserva DOCG 2018/20,Sangiovese,Italy,Red,Smooth & Mellow
Sangiovese,,"Italy, Tuscany",Gianni Brunelli Brunello di Montalcino DOCG 2016/17,Sangiovese,Italy,Red,Savoury & Full Bodied
Sangiovese,,"Italy, Tuscany",Agostina Pieri Brunello di Montalcino DOCG 2017/18,Sangiovese,Italy,Red,Savoury & Full Bodied
Sangiovese,,"Italy, Tuscany",Villa Antinori Chianti Classico Riserva 2019/20,Sangiovese,Italy,Red,Savoury & Full Bodied
Sangiovese,,"Italy, Tuscany",Castello Banfi ‘Poggio alle Mura’ Brunello di Montalcino 2016/17,Sangiovese,Italy,Red,Savoury & Full Bodied
Sangiovese,,"Italy, Tuscany",Tenuta San Giorgio ‘Ugolforte’ Brunello di Montalcino DOCG 2016/17,Sangiovese,Italy,Red,Savoury & Full Bodied
Sangiovese,,"Italy, Tuscany",Definition Chianti Classico DOCG 2019/20,Sangiovese,Italy,Red,Savoury & Full Bodied
Sangiovese,,"Italy, Tuscany",Morellino di Scansano Organic Poggioargentiera 2020,Sangiovese,Italy,Red,Savoury & Full Bodied
Sangiovese,,"Italy, Tuscany",Piccini ‘Histrio’ Organic Anfora Toscana Rosso 2020,Sangiovese,Italy,Red,Soft & Fruity
Sangiovese,,"Italy, Tuscany","Vino Nobile Di Montepuliciano 2017/18 Bonacchi, Italy",Sangiovese,Italy,Red,Soft & Fruity
Sangiovese,,"Italy, Tuscany",La Serena Brunello di Montalcino 2016/17,Sangiovese,Italy,Red,Savoury & Full Bodied
Sangiovese,,"Italy, Tuscany",La Màgia Organic Brunello di Montalcino DOCG 2016/17,Sangiovese,Italy,Red,Savoury & Full Bodied
Sangiovese,,"Italy, Tuscany",Castello Banfi Rosso di Montalcino DOC 2019/20,Sangiovese,Italy,Red,Smooth & Mellow
Sangiovese,,"Italy, Tuscany",Pratuccio Chianti 2019/20,Sangiovese,Italy,Red,Soft & Fruity
Sangiovese,,"Italy, Tuscany","Cecchi ‘Governo All’uso Toscano’ 2020/21, Chianti DOCG",Sangiovese,Italy,Red,Rich & Juicy
Saperavi,,Georgia,"Tbilvino Saperavi 2021, Georgia",Saperavi,Georgia,Red,Bold & Spicy
Siegerrebe,"Alzey 7957, AZ 7957, Scheu 7957 and Sieger.",Germany,"Three Choirs Stonebrook 2020/21, Gloucestershire",Siegerrebe,England,White,Smooth & Light
Sémillon,,France,"Tyrrell's Vat 1 Sémillon 2014, Hunter Valley",Sémillon,Australia,White,Rich & Toasty
Sémillon,,France,Château de Rayne Vigneau Sauternes 2002,Sémillon,France,White,
Sémillon,,France,"De Bortoli Botrytis Semillon 2019 Half Bottle, Riverina ",Sémillon,Australia,White,
Sémillon,,France,"Peter Lehmann Masters 'Margaret' Semillon 2013, Barossa Valley",Sémillon,Australia,White,Rich & Toasty
Sémillon,,France,Definition Sauternes 2014 Half Bottle,Sémillon,France,White,
Sémillon,,France,"Château Guiraud 'G de Guiraud' Organic Sémillon/Sauvignon Blanc 2019/20, Bordeaux Blanc",Sémillon,France,White,Fresh & Elegant
Sémillon,,France,L'Ouest de Lamothe Guignard Sauternes 2010 Half Bottle,Sémillon,France,White,Aromatic & Floral
Sémillon,,France,Definition Sauternes 2013/16,Sémillon,France,White,
Tibouren,,"France, Provence","Peyrassol 'Le Clos' Rosé, Provence 2020",Tibouren,France,Rosé,Delicate & Dry
Tinta Barroca,,"Portugal, Douro",Taylor's 'Quinta de Vargellas' 2013/15 Port,Tinta Barroca,Portugal,Red,
Tinta Barroca,,"Portugal, Douro","Taylor's Port 2007, Portugal",Tinta Barroca,Portugal,Red,
Tinta Barroca,,"Portugal, Douro",Taylor's 'Quinta de Terra Feita' Port 2008/19,Tinta Barroca,Portugal,Red,
Verdejo,,"North Africa, Spain","The Guv'nor Blanco, Spain",Verdejo,Spain,White,Crisp & Zesty
Verdejo,,"North Africa, Spain","Marqués de Riscal Verdejo 2021/22, Rueda",Verdejo,Spain,White,Crisp & Zesty
Verdicchio,"Boschera bianca, Giallo, Maceratese, Maggiore, Marchigiano, Mazzanico, Niuivres, Peloso, Peverella, Peverello, Peverenda, Peverise bianco, Pfeffer, Pfeffertraube, Terbiana, Torbiana, Trebbiano di Lugana, Trebbiano di Soave, Trebbiano verde, Trebbiano Veronese, Turbiana, Turbiana Moscato, Turbiano, Turviana, Uva Aminea, Uva Marana, Verdello duro persico, Verdicchio bianco, Verdicchio Dolce, Verdicchio Doratel, Verdicchio Doratello, Verdicchio Giallo, Verdicchio Marchigiano, Verdicchio Marino, Verdicchio Peloso, Verdicchio Scroccarello, Verdicchio Seroccarello, Verdicchio Straccione, Verdicchio Stretto, Verdicchio Verdaro, Verdicchio verde, Verdicchio Verzaro, Verdicchio Verzello, Verdone, Verzaro and Verzello verde.",Italy,Monte Schiavo Organic Verdicchio dei Castelli di Jesi DOC 2022,Verdicchio,Italy,White,Aromatic & Floral
Verdicchio,"Boschera bianca, Giallo, Maceratese, Maggiore, Marchigiano, Mazzanico, Niuivres, Peloso, Peverella, Peverello, Peverenda, Peverise bianco, Pfeffer, Pfeffertraube, Terbiana, Torbiana, Trebbiano di Lugana, Trebbiano di Soave, Trebbiano verde, Trebbiano Veronese, Turbiana, Turbiana Moscato, Turbiano, Turviana, Uva Aminea, Uva Marana, Verdello duro persico, Verdicchio bianco, Verdicchio Dolce, Verdicchio Doratel, Verdicchio Doratello, Verdicchio Giallo, Verdicchio Marchigiano, Verdicchio Marino, Verdicchio Peloso, Verdicchio Scroccarello, Verdicchio Seroccarello, Verdicchio Straccione, Verdicchio Stretto, Verdicchio Verdaro, Verdicchio verde, Verdicchio Verzaro, Verdicchio Verzello, Verdone, Verzaro and Verzello verde.",Italy,Casal Farneto ‘GranCasale’ Verdicchio 2019,Verdicchio,Italy,White,Fresh & Elegant
Vespaiola,"Bresparola, Bresparola Bianca, Orisi bianca, Uva Vespera, Vespaia, Vespaiolo, Vespajola, Vespajuola Di Bassano, Vesparola, and Vespera.",Italy,"Beato Bartolomeo ‘Naturae' Vespaiolo 2022, Breganze DOC",Vespaiola,Italy,White,Crisp & Zesty
Viognier,"Bergeron, Barbin, Rebolot, Greffou, Picotin Blanc, Vionnier, Petiti Vionnier, Viogne, Galopine, Vugava bijela","Croatia, France","Cline 'Nancy's Vines' Viognier 2020/21, California",Viognier,USA,White,Ripe & Rounded
Viognier,"Bergeron, Barbin, Rebolot, Greffou, Picotin Blanc, Vionnier, Petiti Vionnier, Viogne, Galopine, Vugava bijela","Croatia, France","Saint Clair ‘Pioneer Block’ Viognier 2020, Hawke’s Bay",Viognier,New Zealand,White,Aromatic & Floral
Viognier,"Bergeron, Barbin, Rebolot, Greffou, Picotin Blanc, Vionnier, Petiti Vionnier, Viogne, Galopine, Vugava bijela","Croatia, France",E. Guigal Condrieu 2020/21,Viognier,France,White,Ripe & Rounded
Viognier,"Bergeron, Barbin, Rebolot, Greffou, Picotin Blanc, Vionnier, Petiti Vionnier, Viogne, Galopine, Vugava bijela","Croatia, France","Luis Felipe Edwards 'Late Harvest' Viognier/Sauvignon Blanc 2018/19 Half Bottle, Colchagua Valley",Viognier,Chile,White,Aromatic & Floral
Viognier,"Bergeron, Barbin, Rebolot, Greffou, Picotin Blanc, Vionnier, Petiti Vionnier, Viogne, Galopine, Vugava bijela","Croatia, France","Yalumba 'Virgilius' Viognier 2017, Eden Valley",Viognier,Australia,White,Aromatic & Floral
Viognier,"Bergeron, Barbin, Rebolot, Greffou, Picotin Blanc, Vionnier, Petiti Vionnier, Viogne, Galopine, Vugava bijela","Croatia, France","Emiliana 'Elemental' Organic Gran Reserva Viognier 2021/22, Casablanca Valley",Viognier,Chile,White,Ripe & Rounded
Viognier,"Bergeron, Barbin, Rebolot, Greffou, Picotin Blanc, Vionnier, Petiti Vionnier, Viogne, Galopine, Vugava bijela","Croatia, France",Vidal-Fleury Côtes du Rhône Blanc 2020/21,Viognier,France,White,Ripe & Rounded
Viognier,"Bergeron, Barbin, Rebolot, Greffou, Picotin Blanc, Vionnier, Petiti Vionnier, Viogne, Galopine, Vugava bijela","Croatia, France","Men in White Coats Viognier 2022, Western Cape",Viognier,South Africa,White,Aromatic & Floral
Viognier,"Bergeron, Barbin, Rebolot, Greffou, Picotin Blanc, Vionnier, Petiti Vionnier, Viogne, Galopine, Vugava bijela","Croatia, France","Domaine Begude 'Le Paradis' Organic Viognier 2021/22, Limoux",Viognier,France,White,Ripe & Rounded
Viognier,"Bergeron, Barbin, Rebolot, Greffou, Picotin Blanc, Vionnier, Petiti Vionnier, Viogne, Galopine, Vugava bijela","Croatia, France","Anna's Way Viognier 2021/22, Marlborough",Viognier,New Zealand,White,Aromatic & Floral
Viognier,"Bergeron, Barbin, Rebolot, Greffou, Picotin Blanc, Vionnier, Petiti Vionnier, Viogne, Galopine, Vugava bijela","Croatia, France","M. Chapoutier Domaine des Granges de Mirabel Organic Viognier 2019/20, Coteaux de l'Ardèche",Viognier,France,White,Ripe & Rounded
Viognier,"Bergeron, Barbin, Rebolot, Greffou, Picotin Blanc, Vionnier, Petiti Vionnier, Viogne, Galopine, Vugava bijela","Croatia, France","Paul Jaboulet Aîné Viognier 2021/22, France",Viognier,France,White,Aromatic & Floral
Viognier,"Bergeron, Barbin, Rebolot, Greffou, Picotin Blanc, Vionnier, Petiti Vionnier, Viogne, Galopine, Vugava bijela","Croatia, France","Domaine de Saint Ferréol 'Grande Réserve' Viognier 2018/19, Languedoc",Viognier,France,White,Ripe & Rounded
Viognier,"Bergeron, Barbin, Rebolot, Greffou, Picotin Blanc, Vionnier, Petiti Vionnier, Viogne, Galopine, Vugava bijela","Croatia, France","Definition Viognier 2020/21, Languedoc",Viognier,France,White,Aromatic & Floral
Viognier,"Bergeron, Barbin, Rebolot, Greffou, Picotin Blanc, Vionnier, Petiti Vionnier, Viogne, Galopine, Vugava bijela","Croatia, France","Domaine de Saint Ferréol Viognier 2021/22, Languedoc",Viognier,France,White,Aromatic & Floral
Viognier,"Bergeron, Barbin, Rebolot, Greffou, Picotin Blanc, Vionnier, Petiti Vionnier, Viogne, Galopine, Vugava bijela","Croatia, France","Yalumba Y Series Viognier 2021/22, Australia",Viognier,Australia,White,Aromatic & Floral
Viognier,"Bergeron, Barbin, Rebolot, Greffou, Picotin Blanc, Vionnier, Petiti Vionnier, Viogne, Galopine, Vugava bijela","Croatia, France",Alain Jaume 'La Butte d'Or' Condrieu 2020,Viognier,France,White,Ripe & Rounded
Viognier,"Bergeron, Barbin, Rebolot, Greffou, Picotin Blanc, Vionnier, Petiti Vionnier, Viogne, Galopine, Vugava bijela","Croatia, France","Abbotts & Delaunay 'Les Fleurs Sauvages' Viognier 2021/22, Languedoc",Viognier,France,White,Aromatic & Floral
Viognier,"Bergeron, Barbin, Rebolot, Greffou, Picotin Blanc, Vionnier, Petiti Vionnier, Viogne, Galopine, Vugava bijela","Croatia, France","Domaine Aimé Arnoux Viognier 2021/22, Rhone Valley",Viognier,France,White,Ripe & Rounded
Viognier,"Bergeron, Barbin, Rebolot, Greffou, Picotin Blanc, Vionnier, Petiti Vionnier, Viogne, Galopine, Vugava bijela","Croatia, France","Nettie Viognier 2019/21, California",Viognier,USA,White,Aromatic & Floral
Viognier,"Bergeron, Barbin, Rebolot, Greffou, Picotin Blanc, Vionnier, Petiti Vionnier, Viogne, Galopine, Vugava bijela","Croatia, France","Luis Felipe Edwards 'Signature Series' Viognier Reserva 2022/23, Rapel Valley",Viognier,Chile,White,Ripe & Rounded
Xinomavro,Xynomavro,"Greece, Central Macedonia","Thymiopoulos ‘White’ Xinomavro-Malagousia 2021, Greece",Xinomavro,Greece,White,Aromatic & Floral
Xinomavro,Xynomavro,"Greece, Central Macedonia","Thymiopoulos Xinomavro 2019/20, Greece",Xinomavro,Greece,Red,Savoury & Full Bodied
